Subject Area,Catalogue Number,Instructor Name,Total Enrolled,Average Grade (GPA),Std Dev (GPA)
COM SCI,215     ,"ABARI, OMID",111.0,3.417117117117117,0.47663873298240916
COM SCI,219     ,"ABARI, OMID",68.0,3.5985294117647055,0.42512719448170955
COM SCI,M51A    ,"ABARI, OMID",652.0,3.4352760736196313,0.7776682252533098
LAW    ,446     ,"ABE, GEORGE JIRO",20.0,3.575,0.3284432979982999
MGMT   ,489     ,"ABE, GEORGE JIRO",119.0,3.553781512605042,0.37344409230617687
MGMT   ,458B    ,"ABE, GEORGE JIRO",27.0,3.6518518518518515,0.29485761833326146
MGMT   ,298D    ,"ABE, GEORGE JIRO",38.0,3.5078947368421054,0.3807068073074002
ARCH&UD,403C    ,"ABE, HITOSHI",22.0,3.7590909090909093,0.3113885192446173
LAW    ,261     ,"ABELE, GEORGE WILLIAM",25.0,3.54,0.468187996428785
EC ENGR,111L    ,"ABIDI, ASAD A",60.0,3.546666666666667,0.6996348253831344
EC ENGR,215A    ,"ABIDI, ASAD A",45.0,3.137777777777778,0.4900289736961769
EC ENGR,11L     ,"ABIDI, ASAD A",30.0,3.4,1.0519822558706333
EC ENGR,110H    ,"ABIDI, ASAD A",60.0,3.1850000000000005,0.6896436277769362
EC ENGR,10H     ,"ABIDI, ASAD A",31.0,2.8645161290322583,1.1768049656418047
EC ENGR,215D    ,"ABIDI, ASAD A",37.0,3.394594594594595,0.8073801294831916
EC ENGR,115A    ,"ABIDI, ASAD A",30.0,2.6399999999999997,0.9297311439335568
PUB HLT,200B    ,"ABOTSI-KOWU, CONSUELA M",461.0,3.8869848156182214,0.41102461488669195
PUB HLT,200A    ,"ABOTSI-KOWU, CONSUELA M",467.0,3.8775160599571734,0.3001566993665575
LAW    ,270     ,"ABOU EL FADL, KHALED M",86.0,3.4837209302325585,0.5402110838767756
LAW    ,383     ,"ABOU EL FADL, KHALED M",56.0,3.4357142857142855,0.7241814520617081
LAW    ,338     ,"ABOU EL FADL, KHALED M",16.0,3.3249999999999997,0.9620940702446928
LAW    ,639     ,"ABOU EL FADL, KHALED M",33.0,3.6272727272727274,0.31648900337325847
LAW    ,477     ,"ABOU EL FADL, KHALED M",29.0,3.606896551724138,0.35030138204690475
LAW    ,273     ,"ABOU EL FADL, KHALED M",57.0,3.5578947368421057,0.2907626803564871
HNRS   ,159     ,"ABRAMSON, PAUL R",83.0,3.9337349397590367,0.18450657638962484
HNRS   ,149     ,"ABRAMSON, PAUL R",107.0,3.9046728971962614,0.41813631403635027
HNRS   ,159     ,"ABRAMSON, TANIA L",26.0,3.911538461538461,0.20062771316530734
HNRS   ,149     ,"ABRAMSON, TANIA L",50.0,3.96,0.1469693845669907
CCAS   ,10B     ,"ABREGO, LEISY JANET",401.0,3.8152119700748126,0.46093585540654214
ASIA AM,M168    ,"ABREGO, LEISY JANET",10.0,3.47,0.9423905772024675
CCAS   ,153A    ,"ABREGO, LEISY JANET",81.0,3.5975308641975308,0.7014931708865652
ASIA AM,M18     ,"ABREGO, LEISY JANET",123.0,4.0,0.0
CCAS   ,20      ,"ABREGO, LEISY JANET",177.0,3.642937853107344,0.7212421500963576
CCAS   ,202     ,"ABREGO, LEISY JANET",22.0,3.7454545454545456,0.3070790137100825
CCAS   ,89      ,"ABREGO, LEISY JANET",14.0,3.528571428571429,0.4494895063586364
AF AMER,M18     ,"ABREGO, LEISY JANET",56.0,3.9125,0.29884450089350095
CCAS   ,M18     ,"ABREGO, LEISY JANET",71.0,3.9169014084507046,0.3352467728859006
ANTHRO ,116XP   ,"ACABADO, STEPHEN B",131.0,3.9977099236641225,0.026110887597690167
ANTHRO ,118Q    ,"ACABADO, STEPHEN B",519.0,3.879961464354528,0.35555487106456585
ANTHRO ,116S    ,"ACABADO, STEPHEN B",158.0,3.736708860759494,0.6341898480259744
ANTHRO ,197     ,"ACABADO, STEPHEN B",198.0,4.0,0.0
MATH   ,33B     ,"ACEVES SANCHEZ, PEDRO",183.0,3.6377049180327865,0.669270200629927
MATH   ,151A    ,"ACEVES SANCHEZ, PEDRO",67.0,3.397014925373134,0.881987265832487
MATH   ,135     ,"ACEVES SANCHEZ, PEDRO",35.0,3.2657142857142856,0.8697923749437012
MATH   ,134     ,"ACEVES SANCHEZ, PEDRO",99.0,3.1959595959595957,0.9138573139646613
SWAHILI,1       ,"ACHESAH, SEPHRINE A",26.0,3.6538461538461537,0.855853496283442
SWAHILI,2       ,"ACHESAH, SEPHRINE A",40.0,3.7525,0.47905505946602844
SWAHILI,3       ,"ACHESAH, SEPHRINE A",31.0,3.570967741935484,0.651149627711707
ANTHRO ,136M    ,"ACIKSOZ, SALIH CAN",163.0,3.9355828220858897,0.30248074148402065
ANTHRO ,3       ,"ACIKSOZ, SALIH CAN",580.0,3.7794827586206896,0.577518240983133
ANTHRO ,149     ,"ACIKSOZ, SALIH CAN",297.0,3.787878787878788,0.6302593224938842
ECON   ,101     ,"ACKERMAN, CHRISTOPHER S",56.0,2.6339285714285716,1.1329917389867612
WL ARTS,160     ,"ADAME, JOCELYN PAULA",13.0,3.8076923076923075,0.2730498361430592
THEATER,72      ,"ADAMS, DOLANN MARIE",157.0,3.951592356687897,0.17324372417798423
THEATER,50      ,"ADAMS, DOLANN MARIE",97.0,3.9360824742268035,0.19540366203361248
PSYCH  ,276     ,"ADELMAN, HOWARD S",11.0,3.909090909090909,0.28747978728803447
PSYCH  ,132B    ,"ADELMAN, HOWARD S",70.0,3.9128571428571424,0.2419689641086987
PSYCH  ,132A    ,"ADELMAN, HOWARD S",421.0,3.404275534441805,0.5938967176657639
AF AMER,M9A     ,"ADHANOM, ABRAHAM K",10.0,3.94,0.11999999999999993
AF AMER,M8A     ,"ADHANOM, ABRAHAM K",10.0,4.0,0.0
NEUROSC,M101C   ,"ADHIKARI, AVISHEK",365.0,3.291780821917808,0.8645774048327135
PSYCH  ,115     ,"ADHIKARI, AVISHEK",1946.0,3.480935251798561,0.7673189459212144
PSYCH  ,119E    ,"ADHIKARI, AVISHEK",40.0,3.1849999999999996,1.0108288678109663
MATH   ,31A     ,"ADKISSON, WILLIAM",200.0,3.5700000000000007,0.8925245094673872
MATH   ,115A    ,"ADKISSON, WILLIAM",28.0,3.1571428571428575,0.9363411204670822
MATH   ,114L    ,"ADKISSON, WILLIAM",23.0,2.8130434782608695,1.1490276977878096
MATH   ,182     ,"ADKISSON, WILLIAM",31.0,3.1225806451612903,0.7395332780225712
ETHNMUS,161M    ,"ADLER, SUPEENA INSEE",124.0,3.9943548387096777,0.06260786737489189
ETHNMUS,292A    ,"ADLER, SUPEENA INSEE",13.0,3.6923076923076925,1.065877420042386
ETHNMUS,91Z     ,"ADLER, SUPEENA INSEE",29.0,4.0,0.0
I M STD,155     ,"AGADJANIAN, VICTOR",46.0,3.7043478260869573,0.5606504459066042
GLB HLT,191     ,"AGADJANIAN, VICTOR",43.0,3.4697674418604647,0.9617171860358489
SOCIOL ,216A    ,"AGADJANIAN, VICTOR",13.0,4.0,0.0
SOCIOL ,236A    ,"AGADJANIAN, VICTOR",19.0,4.0,0.0
PBMED  ,203     ,"AGAZARYAN, NZHDE",22.0,4.0,0.0
LAW    ,666     ,"AGGARWAL, NIKITA",18.0,3.4833333333333334,0.6057593948462082
GEOG   ,4       ,"AGNEW, JOHN A",282.0,3.4659574468085106,0.7127839523503829
GEOG   ,174A    ,"AGNEW, JOHN A",206.0,3.3398058252427183,0.849596112590667
GEOG   ,173A    ,"AGNEW, JOHN A",219.0,3.735616438356164,0.47629751542507553
GEOG   ,240     ,"AGNEW, JOHN A",10.0,4.0,0.0
MOL BIO,255     ,"AGUIAR VALLIM, ELIZABETH JOANNA",62.0,3.9838709677419355,0.12597176896623635
EE BIOL,200A    ,"AGUILLON, STEPFANIE",21.0,4.0,0.0
LIFESCI,7B      ,"AGUILLON, STEPFANIE",381.0,3.5362204724409447,0.5433447436453407
C&EE   ,148     ,"AHLBERG, ERIC",41.0,3.034146341463414,0.9799476730921964
C&EE   ,135L    ,"AHLBERG, ERIC",150.0,3.8279999999999994,0.2764344406907359
C&EE   ,108L    ,"AHLBERG, ERIC",89.0,3.8191011235955052,0.27391313496135145
HLT ADM,401     ,"AHLUWALIA, SANGEETA C",184.0,3.8315217391304346,0.528210545106961
HLT POL,200B    ,"AHLUWALIA, SANGEETA C",43.0,3.7860465116279074,0.3837279773841961
EC ENGR,221B    ,"AHMADI, ELAHEH",16.0,3.69375,0.4293436123898899
EC ENGR,221A    ,"AHMADI, ELAHEH",31.0,3.690322580645161,0.3531926630495741
MGMTEX ,410     ,"AHMADI, REZA H",51.0,3.558823529411764,0.4525208133392213
MGMT   ,407     ,"AHMADI, REZA H",403.0,3.5585607940446655,0.4243750777341323
FILM TV,154     ,"AHMED, IMTIAZ",86.0,3.9779069767441864,0.09693100254124384
EC ENGR,279AS   ,"AIELLO, CLARICE DEMARCHI",11.0,3.8818181818181823,0.2917601188342039
EC ENGR,128     ,"AIELLO, CLARICE DEMARCHI",98.0,3.823469387755101,0.36021564414580926
EC ENGR,123A    ,"AIELLO, CLARICE DEMARCHI",65.0,3.855384615384615,0.3229816709401845
SCAND  ,60W     ,"AJAY, ARKESH",18.0,3.9833333333333334,0.06871842709362763
PUB PLC,298D    ,"AKEE, RANDALL K",20.0,3.94,0.11999999999999993
PUB PLC,298C    ,"AKEE, RANDALL K",20.0,3.7700000000000005,0.37960505792204613
PUB AFF,111     ,"AKEE, RANDALL K",46.0,3.8543478260869564,0.21639991334396164
C&EE   ,223     ,"AKIN, IDIL DENIZ",20.0,3.4199999999999995,1.1749893616539684
C&EE   ,298     ,"AKIN, IDIL DENIZ",11.0,3.1181818181818177,0.5271159641572445
C&EE   ,120L    ,"AKIN, IDIL DENIZ",18.0,3.6500000000000004,0.5890199015690764
PHYSCI ,M180B   ,"AKIN, ORKUN",10.0,3.4400000000000004,0.42473521163190603
MCD BIO,M175B   ,"AKIN, ORKUN",10.0,3.17,0.6914477565225012
PHYSCI ,187A    ,"AKIN, ORKUN",45.0,4.0,0.0
NEUROSC,M101B   ,"AKIN, ORKUN",782.0,3.4374680306905367,0.6609225772131216
LATIN  ,1       ,"AKIYAMA-KIM, JASMINE ANGELICA",22.0,3.590909090909091,0.7656898796089296
LATIN  ,2       ,"AKIYAMA-KIM, JASMINE ANGELICA",8.0,3.6625,0.44423389109792155
ETHNMUS,91E     ,"AKOTUAH, FRANCIS KOFI",96.0,3.9375,0.1672386020032456
ARABIC ,1C      ,"AL RIFAE, KINDA A",84.0,3.825,0.42197805178762104
ARABIC ,115     ,"AL RIFAE, KINDA A",63.0,3.963492063492063,0.13604572912518173
ARABIC ,117     ,"AL RIFAE, KINDA A",10.0,4.0,0.0
ARABIC ,1A      ,"AL RIFAE, KINDA A",102.0,3.86764705882353,0.402726434834962
ARABIC ,177     ,"AL RIFAE, KINDA A",18.0,3.9444444444444446,0.17069212773041353
ARABIC ,1B      ,"AL RIFAE, KINDA A",98.0,3.7591836734693875,0.6431486219665918
EDUC   ,420A    ,"ALARCON, RAUL",53.0,3.994339622641509,0.04081756160902627
LAW    ,460     ,"ALBEN, ALEXANDER",29.0,3.875862068965517,0.14775369162502439
LAW    ,117     ,"ALBEN, ALEXANDER",36.0,3.7222222222222223,0.30922044555723877
MIMG   ,132     ,"ALBER, FRANK U",191.0,3.078534031413612,0.7968589827382626
EDUC   ,320A    ,"ALBER, REBECCA L",75.0,3.942666666666666,0.20602480972499945
EDUC   ,405A    ,"ALBER, REBECCA L",21.0,4.0,0.0
EDUC   ,405B    ,"ALBER, REBECCA L",20.0,3.9850000000000003,0.06538348415311006
EDUC   ,420A    ,"ALBER, REBECCA L",50.0,3.856,0.23677837739117993
EDUC   ,405C    ,"ALBER, REBECCA L",20.0,4.0,0.0
EDUC   ,498A    ,"ALBER, REBECCA L",49.0,4.0,0.0
EDUC   ,498C    ,"ALBER, REBECCA L",50.0,4.0,0.0
EDUC   ,491     ,"ALBER, REBECCA L",53.0,4.0,0.0
EDUC   ,490A    ,"ALBER, REBECCA L",49.0,3.838775510204081,0.34274779597416505
EDUC   ,498B    ,"ALBER, REBECCA L",50.0,4.0,0.0
EDUC   ,320B    ,"ALBER, REBECCA L",64.0,3.9578124999999997,0.10429029122478271
DGT HUM,101     ,"ALBREZZI, FRANCESCA MOLLY",326.0,3.8966257668711655,0.3038923785503288
DGT HUM,195     ,"ALBREZZI, FRANCESCA MOLLY",12.0,4.0,0.0
DGT HUM,150     ,"ALBREZZI, FRANCESCA MOLLY",35.0,3.917142857142857,0.25126618132480744
MGMT   ,298D    ,"ALDERTON, DEREK J",270.0,3.6540740740740736,0.35029362560951804
MGMT   ,295A    ,"ALDERTON, DEREK J",210.0,3.57,0.37123346524025247
MGMT   ,240E    ,"ALDERTON, DEREK J",123.0,3.573170731707317,0.3812843444707493
MGMT   ,295D    ,"ALDERTON, DEREK J",62.0,3.6048387096774195,0.3414520319378172
HIST   ,180A    ,"ALEXANDER, AMIR",166.0,3.6602409638554216,0.5763281693652413
HNRS   ,78      ,"ALEXANDER, AMIR",108.0,3.9194444444444447,0.17130130122818427
HIST   ,3A      ,"ALEXANDER, AMIR",632.0,3.766930379746835,0.518332960985658
HIST   ,3D      ,"ALEXANDER, AMIR",157.0,3.780891719745223,0.45778944871871935
HNRS   ,105     ,"ALEXANDER, CHARLES JOSEPH",80.0,3.9924999999999997,0.04683748498798796
COMPTNG,10A     ,"ALEXANDR, YULIA",152.0,3.0335526315789476,0.9624491838224205
COMPTNG,16A     ,"ALEXANDR, YULIA",47.0,3.2638297872340423,0.6628197444108057
COMPTNG,10B     ,"ALEXANDR, YULIA",67.0,3.1223880597014926,0.8834837581428452
CHEM   ,C126A   ,"ALEXANDROVA, ANASTASSIA N",36.0,3.6694444444444443,0.7615114518889553
CHEM   ,C226A   ,"ALEXANDROVA, ANASTASSIA N",36.0,3.7999999999999994,0.3590109871423003
EE BIOL,200B    ,"ALFARO, MICHAEL EDWARD",44.0,4.0,0.0
EE BIOL,C174    ,"ALFARO, MICHAEL EDWARD",14.0,3.7214285714285715,0.6201135511553756
EE BIOL,187     ,"ALFARO, MICHAEL EDWARD",20.0,3.935,0.17109938632268673
MOL BIO,254D    ,"ALI, IBRAHEEM IRFAN",62.0,3.9596774193548385,0.12242137360739304
CLUSTER,M27CW   ,"ALI, MOHSIN MALIK",17.0,3.923529411764706,0.18320484120467576
CLUSTER,M27A    ,"ALI, MOHSIN MALIK",113.0,3.7469026548672564,0.6687818534582675
CLUSTER,M27B    ,"ALI, MOHSIN MALIK",101.0,3.90990099009901,0.4149448133400773
ANTHRO ,4       ,"ALIM, H SAMY",1593.0,3.8661644695543007,0.4247123504305846
ANTHRO ,159     ,"ALIM, H SAMY",60.0,4.0,0.0
EDUC   ,165     ,"ALKIN, MARVIN C",58.0,3.7275862068965524,0.5504835189516
SOC GEN,105B    ,"ALLARD, PATRICK",482.0,3.95746887966805,0.2716864193188782
SOC GEN,141     ,"ALLARD, PATRICK",118.0,3.9415254237288133,0.178660871431751
SOC GEN,180     ,"ALLARD, PATRICK",54.0,3.738888888888889,0.6165665584408989
SOC GEN,195CE   ,"ALLARD, PATRICK",49.0,3.9020408163265303,0.24031424658046738
MIMG   ,CM156   ,"ALLAYEE, HOOMAN",58.0,3.0103448275862066,0.8281032867388758
MCD BIO,CM156   ,"ALLAYEE, HOOMAN",76.0,3.235526315789474,0.8400664051710156
EDUC   ,263     ,"ALLEN, WALTER",23.0,4.0,0.0
EDUC   ,299B    ,"ALLEN, WALTER",12.0,4.0,0.0
AF AMER,184A    ,"ALLEN, WALTER",30.0,3.98,0.07483314773547878
AF AMER,184C    ,"ALLEN, WALTER",28.0,4.0,0.0
AF AMER,184B    ,"ALLEN, WALTER",29.0,4.0,0.0
AERO ST,140B    ,"ALLISON, MAE-LI A",13.0,4.0,0.0
AERO ST,140A    ,"ALLISON, MAE-LI A",13.0,3.853846153846154,0.2762813076318149
AERO ST,140C    ,"ALLISON, MAE-LI A",14.0,3.957142857142857,0.1049781318335647
ENGL   ,M138    ,"ALLMENDINGER, BLAKE",14.0,3.75,0.2872281323269014
ENGL   ,110V    ,"ALLMENDINGER, BLAKE",18.0,3.811111111111112,0.19116278371205833
ENGL   ,184     ,"ALLMENDINGER, BLAKE",14.0,3.057142857142857,0.9363411204670822
ENGL   ,115D    ,"ALLMENDINGER, BLAKE",128.0,3.5210937500000004,0.5914299863136274
ENGL   ,117     ,"ALLMENDINGER, BLAKE",86.0,3.2906976744186047,0.809913562280991
ENGL   ,133     ,"ALLMENDINGER, BLAKE",10.0,3.17,1.1489560478973946
CCAS   ,89      ,"ALMA, KARINA",15.0,3.8866666666666663,0.294089933334837
CCAS   ,10A     ,"ALMA, KARINA",612.0,3.8990196078431376,0.4496538461026202
CCAS   ,153C    ,"ALMA, KARINA",123.0,3.9178861788617887,0.356366605866004
CCAS   ,191     ,"ALMA, KARINA",40.0,3.7825,0.7841834925577048
CCAS   ,20      ,"ALMA, KARINA",104.0,3.827884615384615,0.4594011006754066
CCAS   ,217     ,"ALMA, KARINA",16.0,4.0,0.0
CCAS   ,291     ,"ALMA, KARINA",19.0,4.0,0.0
CCAS   ,153D    ,"ALMA, KARINA",120.0,3.824166666666667,0.6751537890650463
STATS  ,425     ,"ALMOHALWAS, AKRAM M",56.0,3.819642857142857,0.5823044254318792
STATS  ,13      ,"ALMOHALWAS, AKRAM M",538.0,3.288847583643123,0.9985799261764492
STATS  ,101C    ,"ALMOHALWAS, AKRAM M",514.0,3.6873540856031126,0.5153061904869036
STATS  ,133     ,"ALMOHALWAS, AKRAM M",69.0,3.7884057971014498,0.5347452954266044
STATS  ,101B    ,"ALMOHALWAS, AKRAM M",690.0,3.529565217391303,0.709742624880864
STATS  ,101A    ,"ALMOHALWAS, AKRAM M",184.0,3.4054347826086957,0.8719498552637749
STATS  ,10      ,"ALMOHALWAS, AKRAM M",286.0,3.0244755244755246,1.0367861034109802
EC ENGR,113     ,"ALWAN, ABEER A",266.0,3.289473684210526,0.7138546384217174
EC ENGR,214B    ,"ALWAN, ABEER A",31.0,3.9387096774193546,0.1538273421621466
EC ENGR,M214A   ,"ALWAN, ABEER A",180.0,3.598333333333333,0.45879976266583034
EDUC   ,92F     ,"AMAH, IFEOMA ANN",581.0,3.879518072289156,0.5239303751162302
MECH&AE,105D    ,"AMAR, RAVNESH C",82.0,3.180487804878049,0.7516549260798199
MECH&AE,105A    ,"AMAR, RAVNESH C",1195.0,3.22928870292887,0.6852265883049745
MECH&AE,133A    ,"AMAR, RAVNESH C",84.0,3.4690476190476187,0.546193797474022
EE BIOL,297     ,"AMARASEKARE, PRIYANGA A",9.0,4.0,0.0
AM IND ,M10     ,"AMBO, THERESA JEAN",78.0,3.8615384615384616,0.5038901918511483
STATS  ,100C    ,"AMINI, ARASH ALI",111.0,3.4855855855855857,0.6134890392123288
STATS  ,C161    ,"AMINI, ARASH ALI",50.0,3.82,0.48373546489791297
STATS  ,200B    ,"AMINI, ARASH ALI",90.0,3.7244444444444444,0.5323555852396051
STATS  ,C261    ,"AMINI, ARASH ALI",12.0,3.6333333333333333,0.6032320356951286
EDUC   ,472     ,"AMLANI, ARIF M",105.0,3.8495238095238093,0.3521698209194534
ARCH&UD,289     ,"AMUNATEGUI, CRISTOBAL",178.0,3.8022471910112356,0.25549138734791726
ARCH&UD,132     ,"AMUNATEGUI, CRISTOBAL",103.0,3.7699029126213586,0.597378569771786
NURSING,231     ,"AN, DONG SUNG",291.0,3.9405498281786944,0.1709234271944253
MUSC   ,C485E   ,"AN, JI YOUNG",51.0,4.0,0.0
MUSC   ,C175E   ,"AN, JI YOUNG",307.0,4.0,0.0
LAW    ,115     ,"ANABTAWI, IMAN",87.0,3.962068965517241,0.09970229168828243
LAW    ,744     ,"ANABTAWI, IMAN",94.0,3.8691489361702125,0.2212280020292345
LAW    ,606     ,"ANABTAWI, IMAN",47.0,3.9936170212765956,0.0432914679773953
CCAS   ,M128    ,"ANDALON, RICHARD",262.0,3.877099236641221,0.3690435100221837
SOCIOL ,171     ,"ANDALON, RICHARD",364.0,3.7552197802197798,0.46243527143599633
SOCIOL ,172     ,"ANDALON, RICHARD",477.0,3.7329140461215937,0.6188737479343998
SOCIOL ,20      ,"ANDALON, RICHARD",120.0,3.6966666666666668,0.6441963123838019
CCAS   ,M129    ,"ANDALON, RICHARD",13.0,3.976923076923077,0.0799408065031789
CCAS   ,M102    ,"ANDALON, RICHARD",36.0,3.8527777777777774,0.33622587572370577
SOCIOL ,131     ,"ANDALON, RICHARD",464.0,3.7771551724137935,0.4138700987993004
EDUC   ,M102    ,"ANDALON, RICHARD",33.0,3.696969696969697,0.7891248887158593
PSYCH  ,133F    ,"ANDALON, RICHARD",68.0,3.7529411764705882,0.8273754728116979
EDUC   ,M108    ,"ANDALON, RICHARD",105.0,3.7161904761904765,0.7478380025142712
LBR STD,M128    ,"ANDALON, RICHARD",52.0,3.8461538461538463,0.43697453651457785
EDUC   ,160     ,"ANDALON, RICHARD",19.0,3.9473684210526314,0.166602018856257
CCAS   ,149     ,"ANDALON, RICHARD",285.0,3.883157894736842,0.2884876347785625
PSYCH  ,135     ,"ANDALON, RICHARD",69.0,3.753623188405797,0.7153755900396774
SOCIOL ,M175    ,"ANDALON, RICHARD",540.0,3.724259259259259,0.5900599525467317
CCAS   ,129     ,"ANDALON, RICHARD",61.0,4.0,0.0
CCAS   ,123     ,"ANDALON, RICHARD",35.0,3.6885714285714286,0.5290268308461321
CCAS   ,120     ,"ANDALON, RICHARD",389.0,3.84293059125964,0.3946722929631777
CCAS   ,165     ,"ANDALON, RICHARD",113.0,3.870796460176991,0.4216867553451108
MATH   ,269A    ,"ANDERSON, CHRISTOPHER R",24.0,3.783333333333333,0.34237730973623565
MATH   ,270C    ,"ANDERSON, CHRISTOPHER R",10.0,3.94,0.11999999999999993
MATH   ,151A    ,"ANDERSON, CHRISTOPHER R",34.0,3.182352941176471,0.7770496949189946
MATH   ,269B    ,"ANDERSON, CHRISTOPHER R",24.0,3.8791666666666664,0.24996527536617738
MATH   ,151B    ,"ANDERSON, CHRISTOPHER R",57.0,3.091228070175439,1.0830886150191013
CHEM   ,14C     ,"ANDERSON, MACKENZIE BABETTA",2081.0,3.356559346468044,0.8149058739113842
POL SCI,128B    ,"ANDERSON, RICHARD D",48.0,3.4770833333333333,0.5389958191447829
POL SCI,163B    ,"ANDERSON, RICHARD D",119.0,3.463865546218488,0.8580543843253735
POL SCI,163B    ,"ANDERSON, RICHARD D, JR",119.0,3.486554621848739,0.4944947968981178
POL SCI,163A    ,"ANDERSON, RICHARD D, JR",62.0,3.4370967741935488,0.9146185298532304
POL SCI,128B    ,"ANDERSON, RICHARD D, JR",53.0,3.4566037735849053,0.9002115965018037
FILM TV,109     ,"ANDERSON, STEVEN FRANKLIN",70.0,3.8142857142857145,0.5986379097073418
FILM TV,108     ,"ANDERSON, STEVEN FRANKLIN",213.0,3.5784037558685444,0.8754895539336414
FILM TV,51      ,"ANDERSON, STEVEN FRANKLIN",111.0,3.78018018018018,0.6034166713364939
FILM TV,209A    ,"ANDERSON, STEVEN FRANKLIN",12.0,3.525,0.4437059837324712
FILM TV,205     ,"ANDERSON, STEVEN FRANKLIN",10.0,4.0,0.0
SOCIOL ,1       ,"ANDERSON, TERRI L",591.0,3.5661590524534685,0.8812611915494077
SOCIOL ,M148    ,"ANDERSON, TERRI L",235.0,2.441276595744681,1.4182242673255048
SOCIOL ,128     ,"ANDERSON, TERRI L",273.0,2.7252747252747254,1.3895417912849863
SOCIOL ,130     ,"ANDERSON, TERRI L",375.0,3.1928,0.8753065139328813
DIS STD,M148    ,"ANDERSON, TERRI L",53.0,2.70188679245283,1.4452904083756117
HNRS   ,109     ,"ANDERSON, TERRI L",77.0,3.754545454545454,0.537803482320654
HNRS   ,136     ,"ANDERSON, TERRI L",72.0,3.8472222222222223,0.4864760534880252
HNRS   ,164     ,"ANDERSON, TERRI L",92.0,3.652173913043478,0.8903441275183587
SOCIOL ,135     ,"ANDERSON, TERRI L",531.0,3.214877589453861,0.9755895094012131
LAW    ,108B    ,"ANDRE, SARAH ERICKSON",48.0,3.5395833333333333,0.3729050277513328
COMPTNG,10B     ,"ANDREWS, MICHAEL JOSEPH",165.0,3.337575757575757,0.8474097084396423
COMPTNG,10A     ,"ANDREWS, MICHAEL JOSEPH",219.0,3.2931506849315064,0.935791916795944
MATH   ,280     ,"ANDREWS, MICHAEL JOSEPH",12.0,3.9499999999999997,0.11180339887498941
COMPTNG,10C     ,"ANDREWS, MICHAEL JOSEPH",26.0,2.869230769230769,0.8861191232513358
COMPTNG,40A     ,"ANDREWS, MICHAEL JOSEPH",78.0,3.532051282051282,0.7638454652650946
COMPTNG,20A     ,"ANDREWS, MICHAEL JOSEPH",90.0,3.13,0.8837357573895541
GENDER ,138     ,"ANESI, JULIANN T",21.0,3.9285714285714284,0.1277753129999879
GENDER ,187     ,"ANESI, JULIANN T",15.0,3.8466666666666667,0.49915484126226356
GENDER ,201     ,"ANESI, JULIANN T",11.0,4.0,0.0
CLUSTER,73B     ,"ANESI, JULIANN T",346.0,3.7303468208092485,0.5091968014486145
GENDER ,152     ,"ANESI, JULIANN T",20.0,3.7700000000000005,0.8695401083331349
GENDER ,185     ,"ANESI, JULIANN T",70.0,4.0,0.0
GENDER ,104     ,"ANESI, JULIANN T",146.0,3.833561643835616,0.3733002385719111
PUB AFF,174     ,"ANHEIER, HELMUT K",87.0,3.7160919540229886,0.5396622109146473
PUB AFF,170     ,"ANHEIER, HELMUT K",111.0,3.6540540540540545,0.7275509683125806
PUB PLC,298D    ,"ANHEIER, HELMUT K",10.0,3.91,0.13747727084867511
PUB PLC,298C    ,"ANHEIER, HELMUT K",10.0,3.94,0.11999999999999993
PUB AFF,50      ,"ANHEIER, HELMUT K",35.0,3.7285714285714286,0.725680539147881
INTL DV,1       ,"ANJUM, ERICA",202.0,3.7900990099009895,0.5087365344499727
PSYCH  ,131     ,"ANKOWSKI, AMBER NICOLE",64.0,3.8734374999999996,0.21954654083758643
PSYCH  ,133C    ,"ANKOWSKI, AMBER NICOLE",922.0,3.6268980477223427,0.6328266378693743
PSYCH  ,133B    ,"ANKOWSKI, AMBER NICOLE",900.0,3.8254444444444444,0.4142829444047768
PSYCH  ,10      ,"ANKOWSKI, AMBER NICOLE",2194.0,3.2134913400182317,0.8931779976191364
PSYCH  ,188B    ,"ANKOWSKI, AMBER NICOLE",200.0,3.7039999999999997,0.3816857346037444
PSYCH  ,100B    ,"ANKOWSKI, AMBER NICOLE",1512.0,3.5333994708994707,0.640706520736293
CH ENGR,C124    ,"ANNABI, NASIM",23.0,3.782608695652174,0.3115908324725029
CH ENGR,C125    ,"ANNABI, NASIM",98.0,3.5877551020408167,0.4163165264904472
CH ENGR,C115    ,"ANNABI, NASIM",121.0,3.6776859504132227,0.4113046373172107
LAW    ,481     ,"ANSCHELL, JONATHAN HOWARD",58.0,3.5879310344827586,0.38822211301890175
GEOG   ,2       ,"ANTELL, GAWAIN",49.0,3.2387755102040816,0.9358650536182679
GEOG   ,191     ,"ANTELL, GAWAIN",30.0,3.676666666666667,0.4424803824904432
ANTHRO ,596     ,"APPEL, HANNAH C",8.0,4.0,0.0
GLBL ST,145     ,"APPEL, HANNAH C",68.0,3.8308823529411766,0.5383136394282274
GLBL ST,104     ,"APPEL, HANNAH C",293.0,3.948122866894198,0.2972655101732097
ANTHRO ,283     ,"APPEL, HANNAH C",29.0,4.0,0.0
INTL DV,1       ,"APPEL, HANNAH C",658.0,3.8974164133738602,0.4175584117315861
HIST   ,164E    ,"APTER, ANDREW HERMAN",37.0,3.6648648648648647,0.47829438871790647
AFRC ST,201A    ,"APTER, ANDREW HERMAN",11.0,3.6727272727272724,0.6031597241963044
SOC SC ,410     ,"APTER, ANDREW HERMAN",52.0,3.8961538461538465,0.19111166536622837
HIST   ,275B    ,"APTER, ANDREW HERMAN",8.0,3.9625,0.09921567416492208
INTL DV,191     ,"APTER, ANDREW HERMAN",48.0,3.56875,0.750321111813691
HIST   ,214     ,"APTER, ANDREW HERMAN",7.0,3.914285714285714,0.1355261854357876
I A STD,191     ,"APTER, ANDREW HERMAN",11.0,3.8181818181818183,0.33253347560312513
ENV HLT,454     ,"ARABZADEH, HAMID",13.0,4.0,0.0
ENV HLT,253     ,"ARABZADEH, HAMID",15.0,3.8,0.4
NEURO  ,205     ,"ARAC, AHMET",36.0,3.7277777777777783,0.4356419982247854
EPIDEM ,212     ,"ARAH, ONYEBUCHI ANIWETA",16.0,3.9625,0.09921567416492208
EPIDEM ,M211    ,"ARAH, ONYEBUCHI ANIWETA",11.0,3.936363636363636,0.2012358511016242
STATS  ,M243    ,"ARAH, ONYEBUCHI ANIWETA",12.0,3.8166666666666664,0.21147629234082532
EPIDEM ,M204    ,"ARAH, ONYEBUCHI ANIWETA",76.0,3.896052631578948,0.18739262853676206
THEATER,M103D   ,"ARAIZA, JOSE EDMUNDO",50.0,3.864,0.3345205524328812
CCAS   ,M103D   ,"ARAIZA, JOSE EDMUNDO",47.0,3.917021276595745,0.23184656420689204
THEATER,150     ,"ARAIZA, JOSE EDMUNDO",67.0,3.91044776119403,0.2609593828738738
CCAS   ,M103G   ,"ARAIZA, JOSE EDMUNDO",34.0,3.7852941176470587,0.4615398478375064
THEATER,M103G   ,"ARAIZA, JOSE EDMUNDO",26.0,3.373076923076923,1.0002144740418628
THEATER,115A    ,"ARAIZA, JOSE EDMUNDO",13.0,3.946153846153846,0.1865285485074176
MATH   ,131B    ,"ARANT, TYLER JAMES",253.0,2.666403162055336,1.055840947413511
MATH   ,177     ,"ARANT, TYLER JAMES",144.0,2.8791666666666664,0.9276519791626838
MATH   ,182     ,"ARANT, TYLER JAMES",63.0,3.1873015873015875,0.7051943475207798
MATH   ,170E    ,"ARANT, TYLER JAMES",179.0,2.950837988826816,1.0517539867348804
MATH   ,114C    ,"ARANT, TYLER JAMES",55.0,2.9781818181818185,0.8243324371527234
MATH   ,M114S   ,"ARANT, TYLER JAMES",36.0,3.0944444444444446,1.0124075937103933
MATH   ,132     ,"ARANT, TYLER JAMES",45.0,3.6755555555555555,0.4357142568016875
MATH   ,31B     ,"ARANT, TYLER JAMES",389.0,2.7228791773778918,1.1639688943199087
MATH   ,135     ,"ARANT, TYLER JAMES",73.0,3.576712328767123,0.8151847505438472
MATH   ,33A     ,"ARANT, TYLER JAMES",473.0,3.0418604651162795,0.9775613213390857
MATH   ,42      ,"ARANT, TYLER JAMES",53.0,3.6037735849056602,0.5341055878053368
MATH   ,32AH    ,"ARANT, TYLER JAMES",41.0,3.1097560975609757,0.8510552640474176
MATH   ,142     ,"ARANT, TYLER JAMES",45.0,3.415555555555556,0.6689811674996059
MATH   ,61      ,"ARANT, TYLER JAMES",60.0,2.8899999999999997,0.9465199416811038
MATH   ,131A    ,"ARANT, TYLER JAMES",108.0,3.3231481481481486,0.8042257009398085
COM LIT,4DW     ,"ARAUJO, JASON ALEXANDER",23.0,3.573913043478261,0.8832831006629891
HUM GEN,405     ,"ARAUJO, REBECCA LYNN LESHAY",20.0,3.95,0.21794494717703367
HUM GEN,400A    ,"ARAUJO, REBECCA LYNN LESHAY",30.0,3.8766666666666665,0.24315061633115848
HUM GEN,404     ,"ARAUJO, REBECCA LYNN LESHAY",10.0,4.0,0.0
HUM GEN,400C    ,"ARAUJO, REBECCA LYNN LESHAY",40.0,3.9050000000000002,0.18296174463531983
HUM GEN,400B    ,"ARAUJO, REBECCA LYNN LESHAY",40.0,3.7550000000000003,0.35563323804166563
COMM   ,106     ,"ARBABZADAH, NUSHIN",117.0,3.717094017094017,0.4017675898936986
COMM   ,107     ,"ARBABZADAH, NUSHIN",362.0,3.744751381215469,0.2930833778389617
COMM   ,105     ,"ARBABZADAH, NUSHIN",367.0,3.765667574931881,0.3097305299937276
COMM   ,104     ,"ARBABZADAH, NUSHIN",116.0,3.529310344827586,0.6936929214020635
COMM   ,188A    ,"ARBABZADAH, NUSHIN",190.0,3.7215789473684207,0.2774083662437921
COMM   ,1       ,"ARBABZADAH, NUSHIN",413.0,3.8656174334140436,0.34561160146403663
MOL BIO,254C    ,"ARBOLEDA, VALERIE A",10.0,4.0,0.0
MOL BIO,254B    ,"ARBOLEDA, VALERIE A",10.0,4.0,0.0
HNRS   ,112     ,"ARDAM, JACQUELYN WENDY",45.0,3.8600000000000003,0.6031030868212609
EDUC   ,405C    ,"ARIAS, MELISSA SACHI",89.0,3.949438202247191,0.19552498935414014
EDUC   ,315B    ,"ARIAS, MELISSA SACHI",31.0,3.9451612903225803,0.21226688872725294
EDUC   ,319     ,"ARIAS, MELISSA SACHI",48.0,4.0,0.0
EDUC   ,405A    ,"ARIAS, MELISSA SACHI",75.0,4.0,0.0
EDUC   ,405B    ,"ARIAS, MELISSA SACHI",75.0,3.9466666666666668,0.16759740119968716
PHYSICS,192     ,"ARISAKA, KATSUSHI",561.0,3.994117647058823,0.041594516540385124
PHYSICS,M180G   ,"ARISAKA, KATSUSHI",54.0,3.85925925925926,0.5445074289594622
PUB AFF,140     ,"ARMENTA, AMADA",38.0,3.8526315789473684,0.42036127451043026
I M STD,155     ,"ARMENTA, AMADA",12.0,3.75,0.3905124837953327
PUB AFF,116     ,"ARMENTA, AMADA",461.0,3.7965292841648592,0.5332632866356517
HLT POL,436     ,"ARMENTROUT-WISWALL, THOMAS",11.0,3.5545454545454547,0.49426462614793404
PHILOS ,172     ,"ARMSTRONG, JOSHUA DAVID",165.0,3.713333333333334,0.41699259979384323
PHILOS ,272     ,"ARMSTRONG, JOSHUA DAVID",9.0,3.5555555555555554,1.257078722109418
PHILOS ,129     ,"ARMSTRONG, JOSHUA DAVID",19.0,3.878947368421053,0.2706307396248935
PHILOS ,596     ,"ARMSTRONG, JOSHUA DAVID",25.0,4.0,0.0
PHILOS ,7       ,"ARMSTRONG, JOSHUA DAVID",277.0,3.8613718411552345,0.27544960751994496
PHILOS ,M24     ,"ARMSTRONG, JOSHUA DAVID",135.0,3.6622222222222223,0.5490553054065335
LING   ,M7      ,"ARMSTRONG, JOSHUA DAVID",139.0,3.6503597122302156,0.6640159160699101
PHILOS ,137     ,"ARMSTRONG, JOSHUA DAVID",126.0,3.7896825396825395,0.4594388166046419
LAW    ,212     ,"ARNOLD, ALEXANDER LEE",47.0,3.5425531914893615,0.3624647779519713
LAW    ,145     ,"ARNOLD, ALEXANDER LEE",71.0,3.4577464788732395,0.35629627323140445
LAW    ,556     ,"ARNOLD, ALEXANDER LEE",10.0,3.87,0.38999999999999996
PHYSCI ,C130    ,"ARNOLD, ARTHUR P",108.0,3.6203703703703702,0.41716842216953387
BIOENGR,224B    ,"ARNOLD, COREY WELLS",69.0,3.9855072463768115,0.09053042137241402
COM LIT,100     ,"ARNOLD, WHITNEY L",32.0,3.79375,0.2423033996872516
COM LIT,1H      ,"ARNOLD, WHITNEY L",134.0,3.8141791044776117,0.31365752429752386
COM LIT,180     ,"ARNOLD, WHITNEY L",18.0,3.8277777777777775,0.19380848380569338
COM LIT,191     ,"ARNOLD, WHITNEY L",35.0,3.742857142857143,0.4114682520547358
SOCIOL ,M174    ,"ARNUSH, RUTH A",111.0,3.7837837837837838,0.5512541868101984
SOCIOL ,145     ,"ARNUSH, RUTH A",139.0,3.906474820143885,0.32942256720395013
GENDER ,M174    ,"ARNUSH, RUTH A",25.0,3.668,0.708079091627482
SPAN   ,2       ,"ARRANZ OTAEGUI, IKER",42.0,3.7023809523809526,0.673119283010818
SPAN   ,3       ,"ARRANZ OTAEGUI, IKER",43.0,3.704651162790698,0.5794759012875914
SPAN   ,180     ,"ARRIETA FERNANDEZ, NOHORA ALEJANDRA",49.0,3.836734693877551,0.3497485263063702
SPAN   ,119     ,"ARRIETA FERNANDEZ, NOHORA ALEJANDRA",25.0,3.84,0.3174901573277509
SPAN   ,280A    ,"ARROYO CALDERON, PATRICIA",13.0,3.869230769230769,0.4529979035180141
SPAN   ,180     ,"ARROYO CALDERON, PATRICIA",22.0,3.7045454545454546,0.8401716668348594
SPAN   ,44      ,"ARROYO CALDERON, PATRICIA",867.0,3.846482122260669,0.5565348079604909
SPAN   ,170     ,"ARROYO CALDERON, PATRICIA",57.0,3.8105263157894735,0.5811918216200272
CLUSTER,48B     ,"ARROYO CALDERON, PATRICIA",465.0,3.8481720430107527,0.3226268067329617
CLUSTER,48A     ,"ARROYO CALDERON, PATRICIA",492.0,3.935569105691057,0.2444819504302763
LAW    ,593     ,"ARULANANTHAM, AHILAN",49.0,3.8020408163265307,0.2075019507342456
C&EE   ,107     ,"ARZENO SOLTERO, ISABELLA BEATRIZ",38.0,3.8815789473684204,0.2654244497105629
C&EE   ,151     ,"ARZENO SOLTERO, ISABELLA BEATRIZ",60.0,3.6433333333333335,0.48831911242092046
C&EE   ,298     ,"ARZENO SOLTERO, ISABELLA BEATRIZ",13.0,3.930769230769231,0.12639751327042287
AN N EA,M166    ,"ASHBY, SOLANGE",21.0,3.8285714285714283,0.28642768079662034
HIST   ,M103A   ,"ASHBY, SOLANGE",45.0,3.2444444444444445,0.8365419709349928
ART HIS,M110D   ,"ASHBY, SOLANGE",27.0,3.5962962962962965,0.42902255960840713
AN N EA,M103A   ,"ASHBY, SOLANGE",57.0,3.426315789473684,0.756846253313182
LIFESCI,40      ,"ASKARY, AMJAD",147.0,3.2333333333333325,1.0066671171778963
MCD BIO,142     ,"ASKARY, AMJAD",72.0,3.966666666666667,0.16244657241348273
ECON   ,271A    ,"ASKER, JOHN WILLIAM",21.0,3.9380952380952383,0.2192545606327874
ECON   ,101     ,"ASKER, JOHN WILLIAM",251.0,3.070916334661355,0.7486979115245526
ECON   ,271B    ,"ASKER, JOHN WILLIAM",33.0,4.0,0.0
HIST   ,107C    ,"ASLANIAN, SEBOUH DAVID",56.0,3.635714285714286,0.5971445659579104
HIST   ,21      ,"ASLANIAN, SEBOUH DAVID",113.0,3.7690265486725667,0.57114690483779
HIST   ,107A    ,"ASLANIAN, SEBOUH DAVID",52.0,3.7326923076923078,0.4013061146221623
PUB AFF,M125    ,"ASTOR, RON AVI",258.0,3.8596899224806203,0.3631301002993347
SOC WLF,210A    ,"ASTOR, RON AVI",184.0,3.993478260869565,0.043749156081517596
EDUC   ,M177    ,"ASTOR, RON AVI",116.0,3.8594827586206897,0.35935249438396305
CHEM   ,30CL    ,"ATHAVALE, SOUMITRA",14.0,3.5428571428571423,0.31331017427801877
CHEM   ,236     ,"ATHAVALE, SOUMITRA",62.0,3.3725806451612907,0.48432505574808976
CHEM   ,248     ,"ATHAVALE, SOUMITRA",11.0,3.7909090909090906,0.32878438763682044
NURSING,3       ,"ATIENZA, EUNICE UYTINGBAN",142.0,3.7823943661971833,0.4772720746154093
NURSING,269     ,"ATIENZA, EUNICE UYTINGBAN",70.0,3.8628571428571425,0.1852962327667538
NURSING,168     ,"ATIENZA, EUNICE UYTINGBAN",59.0,3.796610169491526,0.26359065702875856
NURSING,164     ,"ATIENZA, EUNICE UYTINGBAN",51.0,3.4980392156862745,0.39679608833383423
NURSING,462     ,"ATIENZA, EUNICE UYTINGBAN",68.0,3.6382352941176475,0.31155653427338503
NURSING,13      ,"ATIENZA, EUNICE UYTINGBAN",121.0,3.890909090909091,0.42445881927013646
NURSING,115     ,"ATIENZA, EUNICE UYTINGBAN",49.0,3.6510204081632653,0.3785700533557727
ECON   ,173BX   ,"ATKESON, ANDREW GRANGER",207.0,3.9966183574879226,0.04853570080234362
ECON   ,202B    ,"ATKESON, ANDREW GRANGER",97.0,3.487628865979381,0.4765117520989432
ECON   ,167     ,"ATKESON, ANDREW GRANGER",165.0,3.977575757575757,0.08900222343257064
ECON   ,M188XP  ,"ATKESON, ANDREW GRANGER",50.0,4.0,0.0
MGMTMFE,431     ,"AUGUSTIN, PATRICK CONSTANT",119.0,3.460504201680673,0.3328558593319181
EPS SCI,M71     ,"AURNOU, JONATHAN M",29.0,3.1,0.859430444919874
A&O SCI,M71     ,"AURNOU, JONATHAN M",23.0,3.117391304347826,1.1783009779793083
EPS SCI,M171    ,"AURNOU, JONATHAN M",9.0,3.5888888888888886,0.530082686305625
MCD BIO,50      ,"AUSTIN, TINA ROSA",216.0,3.8185185185185184,0.331564235480332
MCD BIO,165A    ,"AUSTIN, TINA ROSA",156.0,3.591025641025641,0.6035548320078084
BMD RES,5HB     ,"AUSTIN, TINA ROSA",285.0,3.8778947368421046,0.22251147687416084
MCD BIO,90      ,"AUSTIN, TINA ROSA",151.0,3.89205298013245,0.28760789597795666
CESC   ,172XP   ,"AUYOUNG, MONA",35.0,3.8371428571428576,0.2652068888199381
HIST   ,M155    ,"AVILA, ERIC R",33.0,3.524242424242424,0.94837350493719
HNRS   ,167     ,"AVILA, ERIC R",15.0,3.9,0.14142135623730942
CLUSTER,60A     ,"AVILA, ERIC R",714.0,3.692016806722689,0.518947026703359
CLUSTER,60B     ,"AVILA, ERIC R",673.0,3.735512630014859,0.44394765655116736
CCAS   ,191     ,"AVILA, ERIC R",85.0,3.6952941176470593,0.5246636754324995
HIST   ,142D    ,"AVILA, ERIC R",112.0,3.6732142857142853,0.682561109621217
RES PRC,194C    ,"AVILA, JORGE",10.0,3.9,0.21908902300206648
WL ARTS,160     ,"AVILES PINO, FRANCISCO",12.0,4.0,0.0
CCAS   ,188     ,"AVILES, GUILLERMO G",35.0,3.46,0.8482587206406175
CCAS   ,157     ,"AVILES, GUILLERMO G",40.0,3.505,0.8610894262502589
CCAS   ,M105B   ,"AVILES, GUILLERMO G",11.0,3.1,1.1329767710047562
ENGL   ,M105B   ,"AVILES, GUILLERMO G",21.0,3.2761904761904765,1.0018576849341816
SOCIOL ,101     ,"AYALA, CESAR J",114.0,3.1140350877192984,0.7099391119162974
SOCIOL ,260     ,"AYALA, CÉSAR J",9.0,3.9000000000000004,0.14142135623730942
SOCIOL ,154     ,"AYALA, CÉSAR J",181.0,2.8309392265193374,0.9967536819013673
SOCIOL ,101     ,"AYALA, CÉSAR J",360.0,3.176111111111112,0.7589732749568758
SOCIOL ,191V    ,"AYALA, CÉSAR J",13.0,3.207692307692308,1.0922535197834293
ARCH&UD,415     ,"AYATA, AHMET KUTAN",32.0,3.828125,0.36591868546850675
ARCH&UD,414     ,"AYATA, AHMET KUTAN",33.0,3.8333333333333335,0.2856854242277012
ARCH&UD,411     ,"AYATA, AHMET KUTAN",12.0,3.8166666666666664,0.21147629234082532
ARCH&UD,222     ,"AYATA, AHMET KUTAN",93.0,3.69247311827957,0.28179019082105133
ARCH&UD,403C    ,"AYATA, AHMET KUTAN",11.0,3.9454545454545453,0.11570838237598043
ARCH&UD,401     ,"AYATA, AHMET KUTAN",11.0,3.936363636363636,0.2012358511016242
ARCH&UD,221     ,"AYATA, AHMET KUTAN",72.0,3.783333333333333,0.27638539919628335
PSYCH  ,M139    ,"AYOUB, MAYA CHRISTINA",10.0,4.0,0.0
DIS STD,M139    ,"AYOUB, MAYA CHRISTINA",20.0,3.785,0.870789871323731
MECH&AE,231A    ,"AYYASWAMY, PORTONOVO S",35.0,3.1771428571428566,0.7525521203727692
MECH&AE,231B    ,"AYYASWAMY, PORTONOVO S",14.0,3.585714285714286,0.5152768227677552
MECH&AE,105D    ,"AYYASWAMY, PORTONOVO S",85.0,3.1082352941176468,0.7660765995652028
MECH&AE,157     ,"AYYASWAMY, PORTONOVO S",15.0,3.92,0.1326649916142159
LING   ,1       ,"AZIZ, JAKE",179.0,3.7955307262569833,0.5132676813740058
EC ENGR,279AS   ,"BABAKHANI, AYDIN",91.0,3.9736263736263737,0.08495010149489089
EC ENGR,163A    ,"BABAKHANI, AYDIN",77.0,3.745454545454545,0.39757232603312676
LAW    ,345     ,"BABBE, DAVID BRYCE",12.0,4.0,0.0
LAW    ,762     ,"BABBE, DAVID BRYCE",12.0,4.0,0.0
LAW    ,757     ,"BABBE, DAVID BRYCE",15.0,3.8733333333333335,0.3295788558482206
NEUROSC,189HC   ,"BABIEC, WALTER EDWARD",10.0,4.0,0.0
NEUROSC,M135    ,"BABIEC, WALTER EDWARD",21.0,3.8476190476190473,0.34312159113622515
PHYSCI ,M135    ,"BABIEC, WALTER EDWARD",18.0,3.855555555555556,0.2773329772077486
NEUROSC,10      ,"BABIEC, WALTER EDWARD",126.0,3.380952380952381,0.7342758321859888
NEUROSC,101L    ,"BABIEC, WALTER EDWARD",64.0,3.665625,0.43019572217189705
NEUROSC,181     ,"BABIEC, WALTER EDWARD",32.0,3.40625,0.5147435647970745
SOCIOL ,180D    ,"BABON, KIM",103.0,3.702912621359223,0.4955052948449109
SOCIOL ,1       ,"BABON, KIM",118.0,3.6940677966101694,0.4459407068744537
SOCIOL ,180B    ,"BABON, KIM",133.0,3.594736842105263,0.4024951855077835
PHYSICS,110A    ,"BACHTIS, MICHALIS",75.0,3.0439999999999996,0.7975362060746835
PHYSICS,110B    ,"BACHTIS, MICHALIS",105.0,3.0961904761904764,0.8340290973026014
PHYSICS,210B    ,"BACHTIS, MICHALIS",27.0,3.574074074074074,0.41507928077398226
PHYSICS,170A    ,"BACHTIS, MICHALIS",26.0,3.580769230769231,0.4296861383786925
PHYSICS,210A    ,"BACHTIS, MICHALIS",31.0,3.3774193548387097,0.7438824384309899
PHYSICS,180F    ,"BACHTIS, MICHALIS",44.0,3.777272727272727,0.33225376142862717
CHEM   ,269D    ,"BACKUS, KERIANN MARIE",15.0,3.913333333333333,0.1927577639306795
C&S BIO,M32     ,"BADREDDINE, RANA",10.0,3.46,0.6036555309114627
MATH   ,M32T    ,"BADREDDINE, RANA",10.0,3.6700000000000004,0.4196427051671457
MATH   ,131A    ,"BADREDDINE, RANA",57.0,3.4736842105263155,0.7593917962929336
MATH   ,31B     ,"BADREDDINE, RANA",206.0,3.068932038834951,0.9541456938487004
LING   ,C135    ,"BAE, HYUN",28.0,3.857142857142857,0.3499271061118826
LING   ,C140    ,"BAE, HYUN",32.0,3.790625,0.5886209386141475
MATH   ,170A    ,"BAEUMLER, JOHANNES",30.0,3.32,0.7608766873372672
MATH   ,170B    ,"BAEUMLER, JOHANNES",15.0,3.493333333333333,1.0617386160863176
MATH   ,170E    ,"BAEUMLER, JOHANNES",271.0,3.238376383763838,0.855459751251068
MATH   ,171     ,"BAEUMLER, JOHANNES",73.0,3.1972602739726033,1.0495886477652725
EC ENGR,101A    ,"BAHADORI, KEYVAN",61.0,3.368852459016393,0.5167810151078699
BIOSTAT,201A    ,"BAHR, KAITLIN",18.0,3.9833333333333334,0.06871842709362763
LING   ,C140    ,"BAHTINA, DARIA",94.0,3.7851063829787237,0.3631884355902479
ANTHRO ,M150    ,"BAHTINA, DARIA",176.0,3.6431818181818176,0.7905400131534736
LING   ,11      ,"BAHTINA, DARIA",112.0,3.8857142857142857,0.3300046381863288
LING   ,170     ,"BAHTINA, DARIA",234.0,3.7461538461538457,0.5891524350420494
COMM   ,188B    ,"BAHTINA, DARIA",280.0,3.881785714285714,0.49330194731471494
LING   ,144     ,"BAHTINA, DARIA",24.0,3.595833333333333,0.6154125761543137
SOCIOL ,20      ,"BAHTINA, DARIA",234.0,3.0636752136752134,0.7552133318242769
A&O SCI,1       ,"BAIJNATH-RODINO, JANINE ANN",92.0,2.8576086956521736,1.06518356201828
A&O SCI,3       ,"BAIJNATH-RODINO, JANINE ANN",106.0,2.9377358490566032,0.8558844956224646
A&O SCI,1L      ,"BAIJNATH-RODINO, JANINE ANN",15.0,3.493333333333333,0.9828303798497254
A&O SCI,3L      ,"BAIJNATH-RODINO, JANINE ANN",30.0,3.78,0.7372923436466704
EDUC   ,126     ,"BAILEY, ALISON",99.0,3.832323232323232,0.47965229048060376
EDUC   ,217D    ,"BAILEY, ALISON",42.0,3.945238095238095,0.1635941274885894
EDUC   ,146     ,"BAILEY, ALISON",32.0,3.778125,0.38708395003538965
EPIDEM ,249     ,"BAILEY, JULIA N",107.0,3.9598130841121493,0.1445972900071234
NURSING,407     ,"BAILEY, KENNETH DAVID",58.0,3.743103448275862,0.3944057375979442
ECON   ,244     ,"BAILEY, MARTHA JANE",22.0,3.8545454545454545,0.21893808325076902
ECON   ,242     ,"BAILEY, MARTHA JANE",12.0,3.891666666666666,0.2099933861392359
ECON   ,152     ,"BAILEY, MARTHA JANE",98.0,3.478571428571429,0.6051226895330857
WL ARTS,186A    ,"BAIN, BRYONN ROLLY",14.0,4.0,0.0
WL ARTS,1       ,"BAIN, BRYONN ROLLY",24.0,3.8791666666666664,0.21209110987707355
GENDER ,M172    ,"BAIN, BRYONN ROLLY",18.0,3.9833333333333334,0.06871842709362763
AF AMER,188A    ,"BAIN, BRYONN ROLLY",10.0,4.0,0.0
AF AMER,M172    ,"BAIN, BRYONN ROLLY",21.0,3.7809523809523813,0.39954622787434346
AF AMER,M113D   ,"BAIN, BRYONN ROLLY",10.0,4.0,0.0
LAW    ,231     ,"BAINBRIDGE, STEPHEN M",45.0,3.5622222222222217,0.34659543427709555
LAW    ,228     ,"BAINBRIDGE, STEPHEN M",337.0,3.4605341246290804,0.3548941575721319
LAW    ,230     ,"BAINBRIDGE, STEPHEN M",232.0,3.4918103448275857,0.390260962950856
COM SCI,30      ,"BAIR, KAYLIE MARIE",69.0,3.423188405797102,0.9646122488286223
ART HIS,185     ,"BAKER, GEORGE THOMAS",24.0,3.9125,0.13635890143294635
ART HIS,C129B   ,"BAKER, GEORGE THOMAS",67.0,3.4462686567164176,0.9262874635538374
ART HIS,23      ,"BAKER, GEORGE THOMAS",509.0,3.571512770137524,0.6664820334543713
MATH   ,118     ,"BAKER, JUSTIN",75.0,3.6359999999999997,0.45946055325783963
AN N EA,M50B    ,"BAKHOS, CAROL ANN",84.0,3.3547619047619044,0.8598732965779322
M E STD,M50B    ,"BAKHOS, CAROL ANN",59.0,3.2406779661016953,0.7781156386692315
RELIGN ,M50     ,"BAKHOS, CAROL ANN",110.0,3.1509090909090904,0.9467403843567153
RELIGN ,113     ,"BAKHOS, CAROL ANN",78.0,3.5589743589743583,0.4447517018130619
RELIGN ,191     ,"BAKHOS, CAROL ANN",10.0,3.5599999999999996,0.4029888335921977
LAW    ,547     ,"BAKHSHAY, SHIRIN",31.0,3.9290322580645163,0.15901622637246754
LAW    ,309     ,"BAKHSHAY, SHIRIN",142.0,3.4971830985915493,0.3677000580256807
LAW    ,202     ,"BAKHSHAY, SHIRIN",59.0,3.510169491525424,0.34380469192243013
ART HIS,32      ,"BALAFREJ, LAMIA",309.0,3.781229773462783,0.6120979168609505
ART HIS,185     ,"BALAFREJ, LAMIA",14.0,3.7857142857142856,0.32919196062294037
ART HIS,119A    ,"BALAFREJ, LAMIA",79.0,3.9050632911392404,0.20182630342382374
MAT SCI,226     ,"BALANDIN, ALEXANDER ALEXEE",51.0,3.83921568627451,0.2780029844476205
EPIDEM ,268     ,"BALASUBRAMANIAN, AKHILA",10.0,4.0,0.0
LAW    ,989     ,"BALDWIN CLARK, LATOYA JASMINE",23.0,3.569565217391304,0.29990546714748767
LAW    ,617     ,"BALDWIN CLARK, LATOYA JASMINE",19.0,3.9210526315789473,0.13210421471590658
LAW    ,317     ,"BALDWIN CLARK, LATOYA JASMINE",34.0,3.4970588235294118,0.2884902833695027
LAW    ,266     ,"BALDWIN CLARK, LATOYA JASMINE",129.0,3.4821705426356586,0.34561474550510474
LAW    ,130     ,"BALDWIN CLARK, LATOYA JASMINE",86.0,3.4430232558139537,0.3565143585204671
LAW    ,311     ,"BALDWIN CLARK, LATOYA JASMINE",116.0,3.506896551724138,0.3612058678283434
RELIGN ,M60A    ,"BALKWILL, STEPHANIE",18.0,3.4000000000000004,0.9735387911006823
CHIN   ,M60     ,"BALKWILL, STEPHANIE",201.0,3.787064676616916,0.6880152728809389
ASIAN  ,151     ,"BALKWILL, STEPHANIE",17.0,3.8882352941176466,0.1936715015665215
ASIAN  ,163     ,"BALKWILL, STEPHANIE",18.0,3.6944444444444446,0.32740091329239046
ASIAN  ,M60     ,"BALKWILL, STEPHANIE",128.0,3.5242187499999997,0.7378967252593261
CHIN   ,CM160   ,"BALKWILL, STEPHANIE",10.0,3.97,0.08999999999999996
SCAND  ,40      ,"BALL, KIMBERLY A",305.0,3.445245901639344,0.7309450576050855
SCAND  ,40W     ,"BALL, KIMBERLY A",75.0,3.701333333333334,0.41003848057902514
SCAND  ,C133A   ,"BALL, KIMBERLY A",40.0,3.6000000000000005,0.7493330367733695
SCAND  ,C180    ,"BALL, KIMBERLY A",77.0,3.3857142857142857,0.9752408008620478
SCAND  ,165B    ,"BALL, KIMBERLY A",51.0,3.5921568627450977,0.5762771450813391
SCAND  ,147A    ,"BALL, KIMBERLY A",38.0,3.2578947368421054,0.8755844901812638
SCAND  ,138     ,"BALL, KIMBERLY A",120.0,3.158333333333333,0.912558978307095
SCAND  ,134     ,"BALL, KIMBERLY A",69.0,3.318840579710145,0.8636416598417175
ELTS   ,150     ,"BALL, KIMBERLY A",23.0,3.465217391304348,0.6676426378471162
ELTS   ,151     ,"BALL, KIMBERLY A",67.0,3.298507462686567,0.9818490836572782
SCAND  ,172A    ,"BALL, KIMBERLY A",30.0,3.436666666666667,0.6274197602527
MATH   ,210A    ,"BALMER, PAUL",18.0,2.9111111111111114,0.8549781601426949
MATH   ,115AH   ,"BALMER, PAUL",52.0,3.0999999999999996,1.049542024665264
MATH   ,115B    ,"BALMER, PAUL",25.0,2.988,1.0347250842615154
MATH   ,210B    ,"BALMER, PAUL",11.0,2.909090909090909,0.896918507957861
MATH   ,212B    ,"BALMER, PAUL",10.0,4.0,0.0
MATH   ,212A    ,"BALMER, PAUL",11.0,3.972727272727273,0.0862439361864103
MAT SCI,104     ,"BALONIS, MAGDALENA",72.0,3.15,0.9517527690179489
MAT SCI,131     ,"BALONIS, MAGDALENA",84.0,3.3333333333333335,0.7830546616773334
MAT SCI,130     ,"BALONIS, MAGDALENA",159.0,3.1622641509433964,0.8815851393355238
MAT SCI,161L    ,"BALONIS, MAGDALENA",107.0,3.6542056074766354,0.7080683706667384
SOC WLF,M290K   ,"BANDO, LILLIAN FABROS",70.0,3.5828571428571427,0.46689595921863997
MAT SCI,104     ,"BANERJEE, AMARTYA SANKAR",236.0,3.027966101694915,1.0083873342124332
MAT SCI,201     ,"BANERJEE, AMARTYA SANKAR",84.0,3.517857142857143,0.5059551820650753
MAT SCI,10      ,"BANERJEE, AMARTYA SANKAR",126.0,3.837301587301587,0.2540885131940502
MAT SCI,141L    ,"BANERJEE, AMARTYA SANKAR",111.0,3.9891891891891893,0.05591394828534375
ASIA AM,112C    ,"BANERJEE, NEELANJANA",63.0,3.9206349206349205,0.19933120731365842
ASIA AM,M191F   ,"BANERJEE, NEELANJANA",13.0,3.6692307692307695,1.062207147249838
ASIA AM,104B    ,"BANERJEE, NEELANJANA",60.0,3.99,0.05385164807134501
BIOSTAT,M234    ,"BANERJEE, SUDIPTO",47.0,3.938297872340426,0.18855914077535765
BIOSTAT,241     ,"BANERJEE, SUDIPTO",22.0,3.9681818181818183,0.14580922665768584
MCD BIO,145     ,"BANERJEE, UTPAL",30.0,3.93,0.12688577540449514
DANCE  ,45      ,"BANERJI, ANURIMA",24.0,3.9583333333333335,0.19982631347136331
DANCE  ,12      ,"BANERJI, ANURIMA",13.0,4.0,0.0
EDUC   ,130BX   ,"BANG, SARAH",59.0,4.0,0.0
EE BIOL,167     ,"BANIAGA, ANTHONY ERNEST FIORENTINO",61.0,3.752459016393442,0.5609145218118001
EE BIOL,148     ,"BANIAGA, ANTHONY ERNEST FIORENTINO",16.0,3.925,0.12990381056766573
EE BIOL,167L    ,"BANIAGA, ANTHONY ERNEST FIORENTINO",27.0,3.9666666666666663,0.09428090415820628
EE BIOL,123A    ,"BANIAGA, ANTHONY ERNEST FIORENTINO",16.0,3.925,0.12990381056766573
EE BIOL,100L    ,"BANIAGA, ANTHONY ERNEST FIORENTINO",98.0,3.9316326530612247,0.15158814959304334
EE BIOL,100     ,"BANIAGA, ANTHONY ERNEST FIORENTINO",230.0,3.59695652173913,0.6295887876923331
EE BIOL,187     ,"BANIAGA, ANTHONY ERNEST FIORENTINO",120.0,3.913333333333333,0.4203041226963584
EE BIOL,104     ,"BANIAGA, ANTHONY ERNEST FIORENTINO",78.0,3.970512820512821,0.12311030530191976
LAW    ,220     ,"BANK, STEVEN",228.0,3.4592105263157893,0.3554750829890034
LAW    ,249     ,"BANK, STEVEN",37.0,3.581081081081081,0.3524722245816456
LAW    ,230     ,"BANK, STEVEN",183.0,3.4978142076502725,0.34687618996446407
LAW    ,432     ,"BANK, STEVEN",82.0,3.496341463414634,0.5253210683631022
LAW    ,291     ,"BANK, STEVEN",40.0,3.525,0.37996710383926663
LAW    ,238     ,"BANK, STEVEN",43.0,3.5372093023255813,0.3691746015438964
LAW    ,571     ,"BANNER, STUART A",16.0,3.925,0.12990381056766573
LAW    ,130     ,"BANNER, STUART A",98.0,3.439795918367347,0.37272843862916083
LAW    ,311     ,"BANNER, STUART A",137.0,3.4744525547445253,0.34914477307624986
ECON   ,222B    ,"BAQAEE, DAVID REZZA",15.0,3.7800000000000002,0.3762977544445356
ECON   ,102     ,"BAQAEE, DAVID REZZA",125.0,3.2432,0.8425994065984145
EE BIOL,194B    ,"BARBER, PAUL HENRY",58.0,3.9948275862068963,0.039050867768641785
EE BIOL,158     ,"BARBER, PAUL HENRY",163.0,3.91717791411043,0.2177957314010262
EE BIOL,187     ,"BARBER, PAUL HENRY",58.0,3.9948275862068963,0.039050867768641785
EE BIOL,199     ,"BARBER, PAUL HENRY",46.0,3.993478260869565,0.043749156081517596
EE BIOL,C179    ,"BARBER, PAUL HENRY",55.0,3.989090909090909,0.05615798258720179
ART HIS,185     ,"BARBER, TIFFANY E",14.0,3.228571428571428,1.1080411102665895
ART HIS,C136A   ,"BARBER, TIFFANY E",109.0,3.3174311926605506,0.8511022574315026
CHEM   ,114     ,"BARBER, VICTORIA",27.0,3.6999999999999997,0.38297084310253526
CHEM   ,103     ,"BARBER, VICTORIA",56.0,3.3303571428571423,0.8676568698959002
BIOSTAT,M235    ,"BARGAGLI STOFFI, FALCO JOANNES",25.0,3.972,0.13717142559585802
LAW    ,108B    ,"BARIL, JESSICA REICH",122.0,3.513934426229508,0.3772887692102851
ARCH&UD,122     ,"BARKAN, KATY ROSE",56.0,3.5482142857142853,0.7632147870845336
ARCH&UD,412     ,"BARKAN, KATY ROSE",11.0,3.7636363636363637,0.25680812530591884
FILM TV,155     ,"BARMINSKI, WILLIAM JAMES",118.0,3.977966101694915,0.13969433533784104
FILM TV,C142    ,"BARMINSKI, WILLIAM JAMES",9.0,4.0,0.0
FILM TV,411A    ,"BARMINSKI, WILLIAM JAMES",47.0,3.9936170212765956,0.043291467977395304
ARCHEOL,30      ,"BARNARD, HANS",114.0,3.974561403508772,0.16691809290301948
EDUC   ,296H    ,"BARNES, KELLY ROZMUS",88.0,3.996590909090909,0.03179788313553003
EDUC   ,296G    ,"BARNES, KELLY ROZMUS",88.0,3.996590909090909,0.03179788313553003
EDUC   ,442B    ,"BARNES, KELLY ROZMUS",28.0,3.857142857142857,0.7423074889580903
CHEM   ,20B     ,"BARR, KRISTOPHER KENT",1245.0,3.210602409638554,0.8985396667287188
CHEM   ,113A    ,"BARR, KRISTOPHER KENT",24.0,3.2500000000000004,0.9836157786453003
ENVIRON,297A    ,"BARRECA, ALAN IRWIN",12.0,4.0,0.0
ENVIRON,175     ,"BARRECA, ALAN IRWIN",475.0,3.7635789473684214,0.4830602355149243
CESC   ,195CE   ,"BARRERA, DOUGLAS S",26.0,4.0,0.0
CESC   ,191BX   ,"BARRERA, DOUGLAS S",35.0,3.8285714285714287,0.6876757660290739
AF AMER,C266B   ,"BARRERA, DOUGLAS S",13.0,4.0,0.0
LBR STD,M124B   ,"BARRERA, DOUGLAS S",13.0,4.0,0.0
CESC   ,100XP   ,"BARRERA, DOUGLAS S",46.0,3.930434782608696,0.22445059998504877
AF AMER,C266    ,"BARRERA, DOUGLAS S",17.0,4.0,0.0
LBR STD,M124    ,"BARRERA, DOUGLAS S",12.0,4.0,0.0
CESC   ,191AX   ,"BARRERA, DOUGLAS S",37.0,3.810810810810811,0.6829125953268832
LBR STD,M190C   ,"BARRERA, DOUGLAS S",12.0,4.0,0.0
CESC   ,M190A   ,"BARRERA, DOUGLAS S",17.0,3.9411764705882355,0.23529411764705882
PUB PLC,234A    ,"BARRETO, MATTHEW ALEJANDRO",38.0,3.8973684210526316,0.3579818005556789
LAW    ,832     ,"BARRETO, MATTHEW ALEJANDRO",36.0,3.966666666666667,0.09428090415820628
CCAS   ,191     ,"BARRETO, MATTHEW ALEJANDRO",18.0,3.8722222222222222,0.23047187236323935
PUB PLC,234B    ,"BARRETO, MATTHEW ALEJANDRO",11.0,4.0,0.0
POL SCI,M181B   ,"BARRETO, MATTHEW ALEJANDRO",413.0,3.3389830508474576,0.6790221798867114
CCAS   ,M155B   ,"BARRETO, MATTHEW ALEJANDRO",250.0,3.2236000000000002,0.7666831418519648
POL SCI,280B    ,"BARRETO, MATTHEW ALEJANDRO",13.0,3.923076923076923,0.2664693550105965
PUB PLC,M296A   ,"BARRETO, MATTHEW ALEJANDRO",12.0,3.9499999999999997,0.11180339887498941
ANTHRO ,200     ,"BARRETT, HAROLD CLARK",49.0,4.0,0.0
ANTHRO ,124Q    ,"BARRETT, HAROLD CLARK",699.0,3.6702432045779685,0.5786633735911921
ESL    ,301     ,"BARRIOS, GABRIELA PATRICIA",16.0,3.0125,0.9525459306511156
EDUC   ,122     ,"BARRY, NICOLE BONNE",39.0,3.992307692307692,0.04741856925360748
EDUC   ,10      ,"BARRY, NICOLE BONNE",247.0,3.9412955465587047,0.28240426291570103
EDUC   ,M116    ,"BARRY, NICOLE BONNE",29.0,3.813793103448276,0.42077444029742345
CLASSIC,144     ,"BARTOS, NICHOLAS",57.0,3.6017543859649126,0.6865860695512369
CLASSIC,165     ,"BARTOS, NICHOLAS",25.0,3.7560000000000002,0.36450514399662454
CLASSIC,88GE    ,"BARTOS, NICHOLAS",37.0,3.6324324324324317,0.8810479184606324
ASIA AM,30W     ,"BASCARA, VICTOR",115.0,3.9808695652173913,0.08836254584667994
ASIA AM,133     ,"BASCARA, VICTOR",101.0,3.9227722772277227,0.19944536367846213
ASIA AM,20W     ,"BASCARA, VICTOR",228.0,3.9390350877192977,0.30523637460644665
ASIA AM,107     ,"BASCARA, VICTOR",19.0,3.9368421052631577,0.1223047372486552
ASIA AM,186     ,"BASCARA, VICTOR",8.0,4.0,0.0
ASIA AM,40W     ,"BASCARA, VICTOR",232.0,3.997413793103448,0.027733979210595523
A&O SCI,123     ,"BASS, BENJAMIN",19.0,3.7789473684210524,0.39944559917916367
MUSC   ,C185A   ,"BASS, JAMES",414.0,3.993719806763285,0.05654444401313829
MUSC   ,C185B   ,"BASS, JAMES",306.0,3.9741830065359474,0.2697496161211294
MUSC   ,C480B   ,"BASS, JAMES",64.0,3.9953125,0.03720587781184578
MUSC   ,C480A   ,"BASS, JAMES",9.0,4.0,0.0
CESC   ,M170XP  ,"BASSETT, JAMES",19.0,4.0,0.0
CLUSTER,M1A     ,"BASSETT, JAMES",182.0,3.8758241758241763,0.3899396006598743
COM HLT,131     ,"BASSETT, JAMES",55.0,3.8927272727272726,0.5499932381252256
FOOD ST,187     ,"BASSETT, JAMES",82.0,3.926829268292683,0.46513800220427765
ENVIRON,25      ,"BASSETT, JAMES",23.0,3.5478260869565217,1.128242020450743
FOOD ST,M170XP  ,"BASSETT, JAMES",25.0,3.96,0.19595917942265426
COM HLT,131     ,"BASSETT, JAMES C",50.0,4.0,0.0
ENVIRON,25      ,"BASSETT, JAMES C",18.0,3.738888888888889,0.5889150937565797
MUSCLG ,M137    ,"BATES, MORGAN MADISON",13.0,3.6384615384615384,0.53857141736044
NURSING,54A     ,"BATES-JENSEN, BARBARA MAE",51.0,3.9176470588235293,0.20646975029157935
NURSING,54B     ,"BATES-JENSEN, BARBARA MAE",124.0,3.850806451612903,0.2754749469733856
NURSING,230B    ,"BATES-JENSEN, BARBARA MAE",136.0,3.8477941176470587,0.26233311551310046
NURSING,230A    ,"BATES-JENSEN, BARBARA MAE",207.0,3.927053140096618,0.16751238205671157
PSYCTRY,188     ,"BATH, ERAKA PATTY JENE",9.0,3.933333333333333,0.12472191289246465
ECON   ,102     ,"BATISTA, JULIAN A",22.0,3.059090909090909,0.8277346362809603
ECON   ,160     ,"BATISTA, JULIAN A",34.0,2.98235294117647,0.8325971373236788
COM SCI,181     ,"BATISTA, SANDRA",160.0,3.2725,0.9103536400762068
COM SCI,M148    ,"BATISTA, SANDRA",221.0,3.2316742081447964,0.5116660770489417
COM SCI,33      ,"BATISTA, SANDRA",383.0,3.3754569190600523,0.7795849719958609
COM SCI,180     ,"BATISTA, SANDRA",387.0,3.2457364341085273,0.7494364206661405
NURSING,410     ,"BATISTE-BROWN, QUANNA NOROTHIA",23.0,3.973913043478261,0.08453140041401552
ENGCOMP,130B    ,"BATTLE, DARIEN",18.0,3.8777777777777778,0.19309052441091962
ENGCOMP,1       ,"BATTLE, DARIEN",31.0,3.5709677419354846,0.6496617225896312
ENGCOMP,131B    ,"BATTLE, DARIEN",57.0,4.0,0.0
ECON   ,262D    ,"BAU, NATALIE DANIELLE",11.0,3.5727272727272723,0.4329411236287512
C&EE   ,108     ,"BAUCHY, MATHIEU",181.0,3.5756906077348067,0.8771281575852599
C&EE   ,C111    ,"BAUCHY, MATHIEU",12.0,3.4250000000000003,0.7235617918786664
C&EE   ,C211    ,"BAUCHY, MATHIEU",23.0,3.8000000000000003,0.5124536034141763
PHYSICS,5C      ,"BAUER, DAVID JEFFREY",1077.0,3.2667595171773445,0.8096848721086412
PHYSICS,5B      ,"BAUER, DAVID JEFFREY",917.0,3.275136314067612,0.8499747304991938
PHYSICS,5A      ,"BAUER, DAVID JEFFREY",1689.0,3.157904085257549,0.9282032467597436
PHYSICS,1A      ,"BAUER, DAVID JEFFREY",197.0,2.903045685279188,1.085385548913854
PHYSICS,1B      ,"BAUER, DAVID JEFFREY",162.0,3.0506172839506176,0.892924651790586
PHYSICS,1AH     ,"BAUER, DAVID JEFFREY",45.0,3.6422222222222222,0.4616342414070973
PHYSICS,10      ,"BAUER, DAVID JEFFREY",116.0,3.4827586206896552,0.5216478965192183
EDUC   ,470A    ,"BAUTISTA, MAURO",57.0,4.0,0.0
GENDER ,101W    ,"BAUTISTA, NIDIA MELISSA",12.0,3.75,0.5649483752226098
LAW    ,205     ,"BAWDEN, ELIZABETH A",38.0,3.5657894736842106,0.3665459803062508
LAW    ,222     ,"BAWDEN, ELIZABETH A",28.0,3.4821428571428577,0.4342921757038124
POL SCI,200A    ,"BAWN, KATHLEEN",69.0,3.976811594202899,0.10235619468411347
POL SCI,266     ,"BAWN, KATHLEEN",10.0,3.9299999999999997,0.21000000000000005
POL SCI,30      ,"BAWN, KATHLEEN",111.0,3.453153153153153,0.916300810183157
THEATER,134F    ,"BAXTER-RATLIFF, CHERYL",35.0,4.0,0.0
THEATER,134A    ,"BAXTER-RATLIFF, CHERYL",43.0,3.9139534883720932,0.22055046920053337
THEATER,134C    ,"BAXTER-RATLIFF, CHERYL",58.0,3.7103448275862068,0.8557492492813884
THEATER,134E    ,"BAXTER-RATLIFF, CHERYL",48.0,3.9166666666666665,0.33061390708128957
THEATER,134D    ,"BAXTER-RATLIFF, CHERYL",53.0,3.890566037735849,0.5478135445580746
THEATER,134B    ,"BAXTER-RATLIFF, CHERYL",65.0,3.9338461538461535,0.22822183747527694
POL SCI,141B    ,"BAYLOR, CHRISTOPHER ANDREW",223.0,3.114798206278027,1.025025791908428
POL SCI,M141A   ,"BAYLOR, CHRISTOPHER ANDREW",218.0,3.3509174311926606,0.8012742618627385
MSC IND,107A    ,"BEARD, JONATHAN RYAN",128.0,3.7335937500000003,0.7727060145753607
NURSING,264     ,"BECK, DANA C",217.0,3.952995391705069,0.17120544420732964
NURSING,211     ,"BECK, DANA C",96.0,3.7343750000000004,0.30578727798095195
LATIN  ,2       ,"BECKELHYMER, SAMUEL DAVID",88.0,3.586363636363636,0.7888688418151505
CLASSIC,47      ,"BECKELHYMER, SAMUEL DAVID",344.0,3.938662790697674,0.4103167554198323
CLASSIC,30      ,"BECKELHYMER, SAMUEL DAVID",278.0,3.7431654676258996,0.664089180943617
LATIN  ,3       ,"BECKELHYMER, SAMUEL DAVID",82.0,3.6463414634146334,0.6413011016012147
LATIN  ,1       ,"BECKELHYMER, SAMUEL DAVID",96.0,3.7864583333333335,0.4531417621420721
URBN PL,207     ,"BECKER, MICHAEL ETHAN",57.0,3.47719298245614,0.48450283574556186
PUB AFF,111     ,"BECKER, MICHAEL ETHAN",37.0,3.34054054054054,0.7940520302441415
CLASSIC,191     ,"BECKMANN, SARAH ELIZABETH",11.0,3.6363636363636362,1.1499191491521379
LATIN  ,250     ,"BECKMANN, SARAH ELIZABETH",9.0,3.966666666666667,0.09428090415820628
CLASSIC,152B    ,"BECKMANN, SARAH ELIZABETH",32.0,3.878125,0.3048917584569973
CLASSIC,M153F   ,"BECKMANN, SARAH ELIZABETH",29.0,3.8344827586206893,0.3376142075668776
CLASSIC,51B     ,"BECKMANN, SARAH ELIZABETH",455.0,3.7808791208791206,0.4679242174757853
MATH   ,238A    ,"BEDROSSIAN, JACOB PHILIP",27.0,4.0,0.0
MATH   ,270C    ,"BEDROSSIAN, JACOB PHILIP",11.0,3.7909090909090906,0.32878438763682044
MATH   ,136     ,"BEDROSSIAN, JACOB PHILIP",26.0,3.1961538461538463,0.6624434775486476
MATH   ,238B    ,"BEDROSSIAN, JACOB PHILIP",11.0,4.0,0.0
MATH   ,266A    ,"BEDROSSIAN, JACOB PHILIP",20.0,3.8,0.3435112807463534
MATH   ,32B     ,"BEERS, DAVID",187.0,3.3957219251336905,0.9727203640469279
MATH   ,31B     ,"BEERS, DAVID",426.0,3.2995305164319246,0.9435970360485664
EPS SCI,152     ,"BEGHEIN, CAROLINE",12.0,2.7416666666666667,1.2399316737447896
EPS SCI,8       ,"BEGHEIN, CAROLINE",269.0,3.1096654275092934,1.003960317586315
GLBL ST,110B    ,"BEHDAD, ALI",32.0,3.98125,0.07261843774138903
GLBL ST,114AD   ,"BEHDAD, ALI",33.0,3.9515151515151516,0.14380376385096572
GLBL ST,114BD   ,"BEHDAD, ALI",33.0,3.9515151515151516,0.14380376385096572
ENGL   ,270     ,"BEHDAD, ALI",10.0,3.9,0.21908902300206648
GLBL ST,110A    ,"BEHDAD, ALI",32.0,3.98125,0.07261843774138903
ENGL   ,128     ,"BEHDAD, ALI",31.0,3.696774193548387,0.42539080397702606
ENGL   ,132     ,"BEHDAD, ALI",75.0,3.744,0.42902680568934154
ETHNMUS,188     ,"BEKEN, MUNIR N",33.0,3.9424242424242424,0.18753634480928244
ETHNMUS,5       ,"BEKEN, MUNIR N",116.0,3.8689655172413793,0.5485739809761695
ETHNMUS,20B     ,"BEKEN, MUNIR N",87.0,3.4160919540229884,0.8792464855483105
BIOSTAT,201B    ,"BELIN, THOMAS R",26.0,3.746153846153846,0.4244732203483506
BIOSTAT,M232    ,"BELIN, THOMAS R",11.0,3.972727272727273,0.0862439361864103
BIOSTAT,201A    ,"BELIN, THOMAS R",142.0,3.76549295774648,0.5659400474205287
BIOSTAT,211A    ,"BELIN, THOMAS R",33.0,3.9545454545454546,0.1075650869654475
BIOSTAT,M235    ,"BELIN, THOMAS R",16.0,3.90625,0.1390537216330436
LING   ,119A    ,"BELL, ELISE A",153.0,3.3091503267973854,1.0108793478122038
LING   ,120A    ,"BELL, ELISE A",46.0,2.8434782608695657,1.2567473845836503
LING   ,102     ,"BELL, ELISE A",603.0,3.8092868988391375,0.5058660756678689
LING   ,C140    ,"BELL, ELISE A",65.0,3.6415384615384614,0.8682240596478995
LING   ,103     ,"BELL, ELISE A",126.0,3.7714285714285714,0.646216969664281
GEOG   ,130     ,"BELL, STEPHEN ANDREW",294.0,3.761904761904762,0.555532879355805
GEOG   ,172A    ,"BELL, STEPHEN ANDREW",291.0,3.713745704467354,0.32451400184836054
GEOG   ,172C    ,"BELL, STEPHEN ANDREW",192.0,3.7932291666666664,0.38541913005969514
EDUC   ,413B    ,"BELLOSO, JACQUELINE MARJORIE",13.0,4.0,0.0
COM HLT,M208    ,"BELTRAN-SANCHEZ, HIRAM",10.0,4.0,0.0
THEATER,35A     ,"BELZER, DAN TERRENCE",37.0,3.9756756756756757,0.08188787787861139
THEATER,172     ,"BELZER, DAN TERRENCE",11.0,4.0,0.0
THEATER,23A     ,"BELZER, DAN TERRENCE",67.0,3.9761194029850744,0.16123548389022563
THEATER,135F    ,"BELZER, DAN TERRENCE",24.0,4.0,0.0
THEATER,135G    ,"BELZER, DAN TERRENCE",34.0,4.0,0.0
THEATER,150     ,"BELZER, DAN TERRENCE",70.0,4.0,0.0
THEATER,23B     ,"BELZER, DAN TERRENCE",20.0,3.845,0.28013389655662885
PSYCTRY,175     ,"BELZER, MARVIN G",272.0,3.9338235294117645,0.45361628450047276
AN N EA,10W     ,"BEN-MARZOUK, NADIA",15.0,3.586666666666667,0.3201388587611459
MECH&AE,C250R   ,"BENDANA, FABIO ANDRES",14.0,3.535714285714286,0.3372306181175108
MECH&AE,C150R   ,"BENDANA, FABIO ANDRES",67.0,3.488059701492537,0.6532404617852019
MGMT   ,298E    ,"BENDERSKY, CORINNE B",18.0,3.511111111111111,0.43574825669172396
MGMT   ,282     ,"BENDERSKY, CORINNE B",138.0,3.505797101449275,0.4518509623377065
MGMTEX ,440     ,"BENDERSKY, CORINNE B",54.0,3.446296296296296,0.6710171833542364
MGMTFE ,401     ,"BENDERSKY, CORINNE B",184.0,3.482065217391304,0.43508379513625894
MGMTFT ,421B    ,"BENDERSKY, CORINNE B",104.0,3.2971153846153842,0.605020141236451
MGMTFT ,401B    ,"BENDERSKY, CORINNE B",209.0,3.4239234449760767,0.5281564161126466
MGMTEX ,414A    ,"BENDERSKY, CORINNE B",149.0,3.434228187919463,0.5036473428072966
MGMT   ,254     ,"BENDERSKY, CORINNE B",138.0,3.4434782608695653,0.49854229854692744
MGMTEX ,439     ,"BENJAMIN, DANIEL JACOB",42.0,3.923809523809523,0.27151210076473203
HUM GEN,236B    ,"BENJAMIN, DANIEL JACOB",24.0,3.795833333333333,0.2893659255836611
MGMTPHD,201A    ,"BENJAMIN, DANIEL JACOB",13.0,3.6000000000000005,0.47067872433164165
MGMT   ,272     ,"BENJAMIN, DANIEL JACOB",22.0,3.8045454545454547,0.34308397160206705
MGMT   ,298D    ,"BENJAMIN, DANIEL JACOB",97.0,3.838144329896907,0.37235480778448543
GJ STDS,176H    ,"BENJAMIN, DUANE CARTER",210.0,3.9838095238095232,0.07699574450060089
EPS SCI,298     ,"BENNEKE, BJÖRN",7.0,3.957142857142857,0.1049781318335647
PSYCH  ,188B    ,"BENNOUN, STEVE JACK",19.0,3.9210526315789473,0.13210421471590658
LIFESCI,30B     ,"BENNOUN, STEVE JACK",1728.0,3.1868055555555554,0.8837784408785543
LIFESCI,30A     ,"BENNOUN, STEVE JACK",2936.0,3.4232629427792913,0.8744677519023932
CHEM   ,110B    ,"BENSIMON, DAVID BERNARD",101.0,3.1277227722772274,0.780976643187359
CHEM   ,C113B   ,"BENSIMON, DAVID BERNARD",11.0,3.536363636363636,0.6109199133240525
CHEM   ,228     ,"BENSIMON, DAVID BERNARD",31.0,3.870967741935484,0.7067387838776337
MIMG   ,180A    ,"BENSINGER, STEVEN J",56.0,4.0,0.0
MIMG   ,180B    ,"BENSINGER, STEVEN J",22.0,4.0,0.0
MIMG   ,105     ,"BENTOLILA, LAURENT",140.0,3.315714285714286,0.6639999385296258
SOCIOL ,191H    ,"BEREND, ZSUZSA",72.0,3.830555555555555,0.29704044285477027
SOCIOL ,173     ,"BEREND, ZSUZSA",387.0,2.6782945736434107,1.131231149335258
SOCIOL ,191C    ,"BEREND, ZSUZSA",73.0,3.587671232876712,0.5426836424177488
SOCIOL ,198A    ,"BEREND, ZSUZSA",67.0,3.9149253731343285,0.19258937165020804
SOCIOL ,198C    ,"BEREND, ZSUZSA",42.0,3.8571428571428563,0.2871393034605969
SOCIOL ,198B    ,"BEREND, ZSUZSA",57.0,3.8842105263157896,0.3740670142063676
LBR STD,188     ,"BERG, HEATHER ROBIN",38.0,3.8131578947368414,0.39945426760939395
GENDER ,201     ,"BERG, HEATHER ROBIN",13.0,3.923076923076923,0.1967186438852988
SPAN   ,150     ,"BERGERO, ADRIANA J",22.0,3.6454545454545455,0.34997048281673016
SPAN   ,119     ,"BERGERO, ADRIANA J",87.0,3.6413793103448278,0.38731368502341995
MGMT   ,120A    ,"BERGES, TAMARA LYNN",172.0,2.8261627906976745,1.1095050945780005
MGMT   ,1B      ,"BERGES, TAMARA LYNN",235.0,2.779574468085106,1.0868693230124624
MGMT   ,1A      ,"BERGES, TAMARA LYNN",42.0,2.8523809523809525,1.1032933589157803
MGMT   ,127A    ,"BERGES, TAMARA LYNN",269.0,3.0795539033457247,0.9199109914684903
LAW    ,211     ,"BERGMAN, PAUL B",325.0,3.4855384615384613,0.3989294549906934
LAW    ,125     ,"BERKE, BETH ELLEN",10.0,3.63,0.4337049688440288
PHYSICS,115B    ,"BERN, ZVI",87.0,3.147126436781609,0.7186895930373398
PHYSICS,232A    ,"BERN, ZVI",10.0,3.97,0.08999999999999996
PHYSICS,105A    ,"BERN, ZVI",101.0,3.272277227722772,0.6034748900714677
PHYSICS,230B    ,"BERN, ZVI",5.0,4.0,0.0
MATH   ,180     ,"BERNSHTEYN, ANTON",25.0,2.9240000000000004,1.047770967339714
MATH   ,223D    ,"BERNSHTEYN, ANTON",9.0,4.0,0.0
LAW    ,788     ,"BERNSTEIN, JUSTIN B",26.0,4.0,0.0
LAW    ,790     ,"BERNSTEIN, JUSTIN B",13.0,4.0,0.0
LAW    ,977     ,"BERNSTEIN, JUSTIN B",25.0,4.0,0.0
LAW    ,798     ,"BERNSTEIN, JUSTIN B",90.0,3.993333333333333,0.0442216638714053
LAW    ,463     ,"BERRA, JOSEPH P",11.0,3.6818181818181817,0.3485507184123785
MUSC   ,204     ,"BERRY BAKER, JAN NOELLE",41.0,3.707317073170732,0.6943641569028701
MUSC   ,C485F   ,"BERRY BAKER, JAN NOELLE",53.0,3.994339622641509,0.04081756160902627
MUSC   ,C175F   ,"BERRY BAKER, JAN NOELLE",369.0,3.9682926829268297,0.22390367890263713
MUSC   ,C175G   ,"BERRY BAKER, JAN NOELLE",28.0,3.9214285714285713,0.2526391311975342
CHIN   ,297B    ,"BERRY, MICHAEL SANFORD",14.0,4.0,0.0
CHIN   ,C244    ,"BERRY, MICHAEL SANFORD",12.0,4.0,0.0
CHIN   ,210     ,"BERRY, MICHAEL SANFORD",13.0,4.0,0.0
CHIN   ,C144    ,"BERRY, MICHAEL SANFORD",15.0,4.0,0.0
CHIN   ,40      ,"BERRY, MICHAEL SANFORD",456.0,3.7782894736842105,0.632204208953896
MIMG   ,100L    ,"BERTHET, KIMBERLY J",159.0,3.655974842767296,0.43791834553319986
MIMG   ,101     ,"BERTHET, KIMBERLY J",531.0,3.0184557438794726,0.9229845286524532
MIMG   ,10      ,"BERTHET, KIMBERLY J",45.0,3.313333333333333,0.5540156435817795
NURSING,51      ,"BERTHET, KIMBERLY J",41.0,3.3585365853658535,0.6924595998626915
MATH   ,266D    ,"BERTOZZI, ANDREA",11.0,4.0,0.0
MATH   ,285J    ,"BERTOZZI, ANDREA",17.0,3.905882352941177,0.24607647839237515
MAT SCI,104     ,"BESCHER, ERIC P",122.0,2.8721311475409834,1.0532745423149878
MAT SCI,246D    ,"BESCHER, ERIC P",13.0,3.4692307692307693,0.4777907739467549
MAT SCI,160     ,"BESCHER, ERIC P",130.0,3.0461538461538464,0.8927187382160913
EDUC   ,320B    ,"BETZELBERGER, JUSTIN LANCE",36.0,3.9916666666666663,0.049300664859163436
EDUC   ,320A    ,"BETZELBERGER, JUSTIN LANCE",26.0,3.965384615384615,0.09584565995674696
COM HLT,213     ,"BEYMER, MATTHEW R",40.0,3.8849999999999993,0.30947536250887564
COM HLT,212     ,"BEYMER, MATTHEW R",32.0,3.8125,0.3361082414937188
PUB HLT,C201    ,"BEYMER, MATTHEW R",14.0,3.5142857142857147,1.0084338230693197
MOL BIO,254D    ,"BHADURI, APARNA",62.0,3.958064516129032,0.1631824499347321
NEURO  ,201     ,"BHADURI, APARNA",30.0,3.8966666666666665,0.17220788470785983
DGT HUM,199     ,"BHAUMIK, MUNIA",17.0,4.0,0.0
CLUSTER,10B     ,"BHAUMIK, MUNIA",320.0,3.8659375000000002,0.3616745720862195
CLUSTER,10A     ,"BHAUMIK, MUNIA",348.0,3.8686781609195395,0.27052838864578416
DGT HUM,150     ,"BHAUMIK, MUNIA",28.0,4.0,0.0
DGT HUM,M121    ,"BHAUMIK, MUNIA",24.0,3.7916666666666665,0.8154327412825386
DGT HUM,151     ,"BHAUMIK, MUNIA",17.0,4.0,0.0
COMM   ,188A    ,"BIAGIOLI, MARIO",45.0,3.4066666666666667,0.7978860960201163
LAW    ,582     ,"BIAGIOLI, MARIO",32.0,3.8187500000000005,0.17399263633843814
COMM   ,168     ,"BIAGIOLI, MARIO",147.0,3.5510204081632653,0.5970867308937264
LAW    ,530     ,"BIAGIOLI, MARIO",14.0,3.935714285714286,0.1230977709972434
A&O SCI,1       ,"BIANCHI, DANIELE",297.0,2.980808080808081,1.0633480668695325
A&O SCI,1L      ,"BIANCHI, DANIELE",32.0,3.6374999999999997,0.8539430601626785
A&O SCI,135     ,"BIANCHI, DANIELE",14.0,3.6142857142857143,0.5655050117968425
A&O SCI,M235    ,"BIANCHI, DANIELE",12.0,3.783333333333333,0.3157882553582736
A&O SCI,M105    ,"BIANCHI, DANIELE",324.0,3.245987654320987,0.9250038103869088
LAW    ,119     ,"BIBLARZ, JAMES PATRICK",24.0,3.579166666666667,0.8046630592296933
LAW    ,693     ,"BIDERMAN, DAVID TARO",60.0,3.938333333333334,0.13915419105757784
GENDER ,142     ,"BIERRIA, ALISA MARIE",31.0,3.97741935483871,0.12367928717858592
GENDER ,205     ,"BIERRIA, ALISA MARIE",10.0,3.94,0.11999999999999993
GENDER ,203     ,"BIERRIA, ALISA MARIE",13.0,4.0,0.0
GENDER ,10      ,"BIERRIA, ALISA MARIE",222.0,3.844144144144144,0.4151814288502141
ANTHRO ,M126N   ,"BIGHAM, ABIGAIL WINSLOW",332.0,3.6195783132530117,0.7854143656661401
ANTHRO ,126N    ,"BIGHAM, ABIGAIL WINSLOW",253.0,3.8019762845849803,0.4235601597456317
ECON   ,451     ,"BIGIO LUKS, MATTHEW SAKI",56.0,3.8017857142857143,0.23106204441090475
ECON   ,221A    ,"BIGIO LUKS, MATTHEW SAKI",12.0,3.7416666666666667,0.3226410113767657
ECON   ,102     ,"BIGIO LUKS, MATTHEW SAKI",877.0,3.341049030786773,0.807718068165862
MGMT   ,215A    ,"BIKHCHANDANI, SUSHIL",301.0,3.527242524916943,0.3866398879780572
ETHNMUS,171     ,"BILAL, MELISSA",57.0,3.95438596491228,0.14638350908774142
ARMENIA,M134    ,"BILAL, MELISSA",10.0,4.0,0.0
ETHNMUS,188     ,"BILAL, MELISSA",34.0,3.911764705882353,0.23610155576928799
ETHNMUS,M134    ,"BILAL, MELISSA",10.0,4.0,0.0
PSYCTRY,M182    ,"BILDER, ROBERT M",31.0,3.4935483870967743,0.5667880549831587
NEUROSC,M161    ,"BILDER, ROBERT M",17.0,3.452941176470588,0.5912276828856887
C&EE   ,298     ,"BILLS, TIERRA SUZAN",22.0,3.927272727272727,0.17104443383842524
PUB AFF,191A    ,"BILLS, TIERRA SUZAN",21.0,3.8761904761904757,0.2616882221720778
URBN PL,M253    ,"BILLS, TIERRA SUZAN",10.0,3.6700000000000004,0.39761790704142086
PUB AFF,155     ,"BILLS, TIERRA SUZAN",33.0,3.7818181818181817,0.42458860334877563
C&EE   ,M287    ,"BILLS, TIERRA SUZAN",11.0,3.627272727272727,0.37195040991779615
FILM TV,18      ,"BIRDSALL, HEATHER LEA",44.0,3.8659090909090907,0.61198008799239
RELIGN ,M10     ,"BIRNBAUM, SARIEL HAIM",16.0,3.64375,0.41828332204380325
HEBREW ,111A    ,"BIRNBAUM, SARIEL HAIM",26.0,3.9884615384615385,0.05769230769230766
HEBREW ,102C    ,"BIRNBAUM, SARIEL HAIM",11.0,3.909090909090909,0.28747978728803447
HEBREW ,1B      ,"BIRNBAUM, SARIEL HAIM",56.0,3.9589285714285714,0.14364736797634203
HEBREW ,102B    ,"BIRNBAUM, SARIEL HAIM",10.0,4.0,0.0
HEBREW ,1A      ,"BIRNBAUM, SARIEL HAIM",66.0,3.9060606060606062,0.24425445492589862
JEWISH ,M10     ,"BIRNBAUM, SARIEL HAIM",16.0,4.0,0.0
HEBREW ,1C      ,"BIRNBAUM, SARIEL HAIM",44.0,3.9704545454545452,0.15459558010638516
LAW    ,972     ,"BIRNHOLZ, DIANE E",24.0,3.6458333333333335,0.3122220986555707
LAW    ,108B    ,"BIRNHOLZ, DIANE E",23.0,3.5173913043478264,0.3619418328394333
LAW    ,785     ,"BIRNHOLZ, DIANE E",40.0,3.6049999999999995,0.6666895829394667
MATH   ,131BH   ,"BISKUP, MAREK",48.0,3.045833333333334,1.2194531447424384
MATH   ,131AH   ,"BISKUP, MAREK",69.0,3.3652173913043475,0.7438299024343628
MATH   ,275D    ,"BISKUP, MAREK",10.0,4.0,0.0
MATH   ,275B    ,"BISKUP, MAREK",9.0,4.0,0.0
NEURO  ,M203    ,"BISLEY, JAMES WARWICK",87.0,3.705747126436781,0.4310789249119434
MATH   ,135     ,"BISWAL, SHIBA",60.0,2.533333333333333,1.1732670435819612
MATH   ,134     ,"BISWAL, SHIBA",72.0,2.7916666666666665,1.186351784065568
MATH   ,142     ,"BISWAL, SHIBA",200.0,2.3485,1.2825746566964438
PSYCH  ,M116A   ,"BITAN, GAL",335.0,3.149850746268657,0.8805315432276382
FRNCH  ,1       ,"BJEKOVIC, NINA",17.0,3.452941176470588,0.9312342518582046
ELTS   ,191     ,"BJEKOVIC, NINA",18.0,4.0,0.0
ITALIAN,123     ,"BJEKOVIC, NINA",24.0,3.7583333333333333,0.3946693412071539
ASIA AM,M18     ,"BLACK, CHARLENE VILLASENOR",117.0,4.0,0.0
CCAS   ,238     ,"BLACK, CHARLENE VILLASENOR",22.0,3.7590909090909093,0.8364747949846596
CCAS   ,M18     ,"BLACK, CHARLENE VILLASENOR",55.0,4.0,0.0
AF AMER,M18     ,"BLACK, CHARLENE VILLASENOR",22.0,4.0,0.0
MIMG   ,132     ,"BLACK, DOUGLAS LYNE",37.0,3.348648648648649,0.7762075584851807
JEWISH ,M82     ,"BLACK, LORRY",10.0,3.9299999999999997,0.21000000000000005
MUSCLG ,M82     ,"BLACK, LORRY",40.0,3.8775000000000004,0.33353223232545304
MUSCLG ,12W     ,"BLACKMAR, MATTHEW DAY",10.0,3.4799999999999995,1.1685888926393233
EDUC   ,299C    ,"BLACKSTOCK-BERNSTEIN, ANNE S",22.0,3.972727272727273,0.0862439361864103
EDUC   ,299B    ,"BLACKSTOCK-BERNSTEIN, ANNE S",24.0,4.0,0.0
EDUC   ,181     ,"BLACKSTOCK-BERNSTEIN, ANNE S",90.0,3.7233333333333336,0.6650062656346428
EDUC   ,299A    ,"BLACKSTOCK-BERNSTEIN, ANNE S",11.0,4.0,0.0
EDUC   ,105B    ,"BLACKSTOCK-BERNSTEIN, ANNE S",101.0,3.7752475247524755,0.562245487519862
EDUC   ,138     ,"BLACKSTOCK-BERNSTEIN, ANNE S",425.0,3.6576470588235295,0.5824444372567649
EDUC   ,298A    ,"BLACKSTOCK-BERNSTEIN, ANNE S",37.0,3.9378378378378374,0.17297297297297298
EDUC   ,204A    ,"BLACKSTOCK-BERNSTEIN, ANNE S",13.0,4.0,0.0
EDUC   ,148     ,"BLACKSTOCK-BERNSTEIN, ANNE S",55.0,3.8436363636363633,0.28588849470546845
EDUC   ,120     ,"BLACKSTOCK-BERNSTEIN, ANNE S",202.0,3.7757425742574258,0.4057210828861666
EDUC   ,128     ,"BLACKSTOCK-BERNSTEIN, ANNE S",246.0,3.73739837398374,0.4246276942175852
CCAS   ,101     ,"BLACKWELL, MAYLEI S",211.0,3.8014218009478675,0.6834175808804397
CCAS   ,291     ,"BLACKWELL, MAYLEI S",8.0,3.8875,0.14523687548277806
CCAS   ,CM110   ,"BLACKWELL, MAYLEI S",43.0,3.5488372093023255,0.639902642676087
GENDER ,M144    ,"BLACKWELL, MAYLEI S",11.0,3.4545454545454546,1.1404653247796679
CCAS   ,M144    ,"BLACKWELL, MAYLEI S",50.0,3.5839999999999996,0.6932128100374372
POL SCI,150     ,"BLAIR, GRAEME DOUGLAS",286.0,3.791608391608392,0.5345407156735562
POL SCI,200E    ,"BLAIR, GRAEME DOUGLAS",28.0,3.9642857142857144,0.1394230092567367
POL SCI,179     ,"BLAIR, GRAEME DOUGLAS",100.0,3.915,0.25391927851189244
POL SCI,292B    ,"BLAIR, GRAEME DOUGLAS",20.0,3.935,0.17109938632268673
POL SCI,170A    ,"BLAIR, GRAEME DOUGLAS",83.0,3.865060240963855,0.3765518044456396
PSYCH  ,116A    ,"BLAIR, HUGH T",132.0,3.2174242424242423,0.849018703805932
PSYCH  ,188B    ,"BLAIR, HUGH T",78.0,3.661538461538461,0.5554464061087907
PSYCH  ,119D    ,"BLAIR, HUGH T",55.0,3.74,0.49086195059859206
PSYCH  ,119P    ,"BLAIR, HUGH T",19.0,3.7421052631578946,0.337663472259904
PSYCH  ,189     ,"BLAIR, HUGH T",24.0,4.0,0.0
PSYCH  ,115     ,"BLAIR, HUGH T",875.0,3.1034285714285716,0.7820776098029544
NEURO  ,M220    ,"BLAISDELL, AARON PAUL",15.0,3.5799999999999996,0.530659966456864
PSYCH  ,118     ,"BLAISDELL, AARON PAUL",727.0,3.354195323246217,0.7006036935664312
PSYCH  ,112D    ,"BLAISDELL, AARON PAUL",58.0,3.9948275862068963,0.039050867768641785
NURSING,409     ,"BLAKE, NANCY T",56.0,3.875,0.2740242429316897
EDUC   ,263     ,"BLANCHETTE, JEAN-FRANCOIS",15.0,3.2266666666666666,0.9983096825245271
CLASSIC,48      ,"BLANK, DAVID L",382.0,3.852879581151833,0.4424817932206497
PSYCH  ,85      ,"BLANK, IDAN",291.0,3.5477663230240553,0.6968412977086833
PSYCH  ,124A    ,"BLANK, IDAN",190.0,3.55,0.7618364239402743
PSYCH  ,263     ,"BLANK, IDAN",21.0,3.9428571428571426,0.11780301787479024
LAW    ,541     ,"BLASI, GARY L",18.0,4.0,0.0
LAW    ,834     ,"BLASI, JEREMY JOSEPH",11.0,4.0,0.0
MATH   ,115A    ,"BLASIUS, DON M",37.0,3.1297297297297297,0.9472192202855183
MATH   ,151A    ,"BLASIUS, DON M",81.0,3.6370370370370373,0.6907581171481344
SOC WLF,231G    ,"BLAUNER, MONICA NAOMI",52.0,3.9403846153846156,0.1983194929949528
SOC WLF,210A    ,"BLAUNER, MONICA NAOMI",34.0,3.9735294117647055,0.08509103612640836
COM SCI,97      ,"BLEND, MICHAEL LOUIS",42.0,3.6833333333333336,0.4608050236719104
COM HLT,400     ,"BLENNER, SARAH",199.0,3.8467336683417086,0.3536981713327497
PUB HLT,401     ,"BLENNER, SARAH",202.0,3.7930693069306933,0.390038694638572
COM HLT,187A    ,"BLENNER, SARAH",110.0,3.9309090909090907,0.26654198186997397
COM HLT,187B    ,"BLENNER, SARAH",95.0,3.9473684210526314,0.20253244328185413
ECON   ,106DL   ,"BLOEDEL, ALEXANDER W",133.0,3.4601503759398495,0.4183641342367294
ECON   ,106D    ,"BLOEDEL, ALEXANDER W",233.0,3.5270386266094422,0.4227422060273993
ECON   ,212B    ,"BLOEDEL, ALEXANDER W",10.0,4.0,0.0
DANCE  ,44      ,"BLU WAKPA, TRIA",79.0,3.892405063291139,0.46762858568695126
DANCE  ,101     ,"BLU WAKPA, TRIA",72.0,3.826388888888888,0.5852333474671914
DANCE  ,45      ,"BLU WAKPA, TRIA",26.0,4.0,0.0
URBN PL,257     ,"BLUMENBERG, EVELYN A",19.0,3.431578947368421,0.8754262910923649
URBN PL,205A    ,"BLUMENBERG, EVELYN A",27.0,4.0,0.0
URBN PL,205B    ,"BLUMENBERG, EVELYN A",28.0,3.7357142857142853,0.3666589362203028
EE BIOL,C126    ,"BLUMSTEIN, DANIEL T",32.0,4.0,0.0
EE BIOL,124A    ,"BLUMSTEIN, DANIEL T",32.0,4.0,0.0
EE BIOL,176     ,"BLUMSTEIN, DANIEL T",26.0,3.496153846153846,0.8864279090088615
EE BIOL,200A    ,"BLUMSTEIN, DANIEL T",19.0,3.9842105263157896,0.06698906348083078
ECON   ,201C    ,"BOARD, SIMON ADRIAN",121.0,3.5636363636363635,0.48989794855663565
ECON   ,106S    ,"BOARD, SIMON ADRIAN",404.0,3.5762376237623763,0.377432313740808
ECON   ,421     ,"BOARD, SIMON ADRIAN",130.0,3.7992307692307694,0.2579493551503574
ECON   ,401A    ,"BOARD, SIMON ADRIAN",186.0,3.874193548387097,0.2873322702147529
ECON   ,106SL   ,"BOARD, SIMON ADRIAN",405.0,3.919012345679012,0.2091936602813412
MGMT   ,267     ,"BODAPATI, ANAND V",106.0,3.5726415094339625,0.553127133850343
MGMTMSA,410     ,"BODAPATI, ANAND V",313.0,3.6006389776357826,0.38799835398877186
JAPAN  ,CM160   ,"BODIFORD, WILLIAM",16.0,3.4125,0.7841197293781097
ASIAN  ,M60W    ,"BODIFORD, WILLIAM",56.0,3.4089285714285715,0.9560478144263432
RELIGN ,M60W    ,"BODIFORD, WILLIAM M",15.0,3.2800000000000002,1.1249888888340187
JAPAN  ,CM160   ,"BODIFORD, WILLIAM M",31.0,3.009677419354839,1.305905899566417
ASIAN  ,M60W    ,"BODIFORD, WILLIAM M",63.0,3.520634920634921,0.8578597824817276
CCAS   ,153A    ,"BOJ LOPEZ, FLORIDALMA ELIZABETH",85.0,3.707058823529412,0.5773750407804817
CCAS   ,291     ,"BOJ LOPEZ, FLORIDALMA ELIZABETH",28.0,4.0,0.0
CCAS   ,89      ,"BOJ LOPEZ, FLORIDALMA ELIZABETH",15.0,4.0,0.0
CCAS   ,10B     ,"BOJ LOPEZ, FLORIDALMA ELIZABETH",506.0,3.843280632411067,0.48832648426799946
CCAS   ,20      ,"BOJ LOPEZ, FLORIDALMA ELIZABETH",88.0,3.6556818181818183,0.7783808886729168
CCAS   ,191     ,"BOJ LOPEZ, FLORIDALMA ELIZABETH",53.0,3.839622641509434,0.34386242457490446
CCAS   ,200     ,"BOJ LOPEZ, FLORIDALMA ELIZABETH",12.0,4.0,0.0
ART    ,150     ,"BOLANDE, JENNIFER",12.0,3.975,0.08291561975888495
ETHNMUS,M50B    ,"BOLIN, MARC TIMOTHY",570.0,3.8263157894736843,0.5906660872208577
GJ STDS,M50B    ,"BOLIN, MARC TIMOTHY",77.0,3.655844155844156,0.8921728192166375
ETHNMUS,M50A    ,"BOLIN, MARC TIMOTHY",414.0,3.8335748792270534,0.5680360886566009
AF AMER,108     ,"BOLIN, MARC TIMOTHY",49.0,3.7816326530612248,0.42936757925750646
GJ STDS,M50A    ,"BOLIN, MARC TIMOTHY",75.0,3.7640000000000002,0.6349047172607871
MIMG   ,262A    ,"BONAVIDA, BENJAMIN",50.0,4.0,0.0
MIMG   ,262B    ,"BONAVIDA, BENJAMIN",40.0,4.0,0.0
MIMG   ,262C    ,"BONAVIDA, BENJAMIN",55.0,3.994545454545454,0.040082559427361074
C&EE   ,143     ,"BONDY, DIRK",39.0,3.297435897435898,0.6399067157525542
RELIGN ,M10     ,"BONESHO, CATHERINE E",36.0,3.405555555555556,0.7880864463455644
HEBREW ,225     ,"BONESHO, CATHERINE E",11.0,4.0,0.0
SEMITIC,210     ,"BONESHO, CATHERINE E",9.0,3.888888888888889,0.2282515398241571
JEWISH ,M10     ,"BONESHO, CATHERINE E",135.0,3.6814814814814816,0.5100740955884722
AN N EA,14W     ,"BONESHO, CATHERINE E",312.0,3.4891025641025637,0.8590822262926215
MATH   ,245B    ,"BONK, MARIO",41.0,3.721951219512195,0.3294579399647698
MATH   ,95      ,"BONK, MARIO",8.0,3.2,0.552268050859363
MATH   ,246C    ,"BONK, MARIO",10.0,3.8400000000000007,0.39038442591886263
MATH   ,245A    ,"BONK, MARIO",50.0,3.5300000000000007,0.4596737973824481
LING   ,20      ,"BOOTH, MADELEINE L",19.0,3.1999999999999997,0.9989468138204883
MSC IND,102     ,"BORG, ROBERT",56.0,3.8160714285714286,0.4491169056024937
ECON   ,443     ,"BORGHESE, SAMUEL RICHARD",189.0,3.919047619047619,0.420578013521028
ECON   ,446     ,"BORGHESE, SAMUEL RICHARD",110.0,3.9309090909090907,0.4137951743084877
ECON   ,442B    ,"BORGHESE, SAMUEL RICHARD",30.0,3.8033333333333332,0.7231797071882541
ECON   ,442A    ,"BORGHESE, SAMUEL RICHARD",30.0,3.8033333333333332,0.7231797071882541
ECON   ,441B    ,"BORGHESE, SAMUEL RICHARD",134.0,3.9485074626865675,0.1687243953496333
LAW    ,661     ,"BORJA, YVETTE",10.0,3.94,0.11999999999999993
MGMT   ,126     ,"BORMAN, CASEY JOE",293.0,3.4143344709897616,0.6339641660985856
MGMT   ,121     ,"BORMAN, CASEY JOE",390.0,3.4592307692307696,0.5804988333007318
MGMT   ,164     ,"BORMAN, CASEY JOE",181.0,3.3922651933701657,0.519717152519284
CLASSIC,10      ,"BORST, ZACHARY PAUL",306.0,3.710130718954248,0.5896121323146987
CLASSIC,142     ,"BORST, ZACHARY PAUL",66.0,3.7484848484848485,0.6941841569135855
CLASSIC,20      ,"BORST, ZACHARY PAUL",195.0,3.683589743589744,0.7754154789678958
CLASSIC,143B    ,"BORST, ZACHARY PAUL",28.0,3.517857142857143,0.8084613125422583
CLASSIC,30      ,"BORST, ZACHARY PAUL",28.0,3.7607142857142857,0.5601908384740009
CLASSIC,150A    ,"BORST, ZACHARY PAUL",31.0,3.6806451612903226,0.9855142279258726
A&O SCI,C204    ,"BORTNIK, JACOB",39.0,3.8128205128205126,0.3048156123428427
A&O SCI,C111    ,"BORTNIK, JACOB",10.0,3.6,0.6308724118235002
COM LIT,169     ,"BOSCH, STEPHANIE FRANCES",48.0,3.714583333333333,0.626162114037216
COM LIT,2DW     ,"BOSCH, STEPHANIE FRANCES",179.0,3.5675977653631286,0.784956558735037
COM LIT,191     ,"BOSCH, STEPHANIE FRANCES",18.0,3.7722222222222226,0.2662612659182613
C&EE   ,M166    ,"BOSE, HIMADRI",19.0,3.7052631578947373,0.27429082570095553
MGMT   ,108     ,"BOSS, MARIA S",133.0,2.894736842105263,0.8724967018033345
ECON   ,104     ,"BOSWELL, KIMBERLY SASHA-GAYE",1843.0,3.1089527943570268,0.7066240645350905
ECON   ,1       ,"BOSWELL, KIMBERLY SASHA-GAYE",721.0,3.247988904299584,0.8803759629926887
ECON   ,103L    ,"BOSWELL, KIMBERLY SASHA-GAYE",1042.0,3.1113243761996165,0.7760241034758357
ECON   ,2       ,"BOSWELL, KIMBERLY SASHA-GAYE",2659.0,3.1321173373448663,0.8020604294268177
ECON   ,103     ,"BOSWELL, KIMBERLY SASHA-GAYE",1045.0,3.112631578947368,0.7676679799391289
ECON   ,41      ,"BOSWELL, KIMBERLY SASHA-GAYE",241.0,3.0020746887966805,0.8895636551120288
ECON   ,104L    ,"BOSWELL, KIMBERLY SASHA-GAYE",1842.0,3.1101520086862102,0.7063924642038741
CHEM   ,C125    ,"BOUCHARD, LOUIS-SERGE",14.0,3.835714285714286,0.5149301517919589
CHEM   ,110B    ,"BOUCHARD, LOUIS-SERGE",26.0,3.2961538461538464,0.9557440795328686
CHEM   ,114     ,"BOUCHARD, LOUIS-SERGE",138.0,3.4231884057971014,0.7886228921053022
LIFESCI,30A     ,"BOUHADDOU, MEHDI",351.0,3.3119658119658117,0.9190756901296562
MIMG   ,103BL   ,"BOUKLAS, TEJAS ASHOK",48.0,3.9499999999999997,0.17320508075688776
MIMG   ,101     ,"BOUKLAS, TEJAS ASHOK",553.0,3.2142857142857135,0.8061664948775704
MIMG   ,6       ,"BOUKLAS, TEJAS ASHOK",23.0,3.8000000000000003,0.814541749003429
LIFESCI,7A      ,"BOUKLAS, TEJAS ASHOK",301.0,3.6421926910299,0.6263169588713328
MIMG   ,192     ,"BOUKLAS, TEJAS ASHOK",14.0,4.0,0.0
MIMG   ,180B    ,"BOUKLAS, TEJAS ASHOK",12.0,4.0,0.0
MIMG   ,103AL   ,"BOUKLAS, TEJAS ASHOK",176.0,3.895454545454545,0.3995477815631894
MIMG   ,109AL   ,"BOUKLAS, TEJAS ASHOK",132.0,3.965151515151515,0.16513761409386235
MIMG   ,109BL   ,"BOUKLAS, TEJAS ASHOK",106.0,3.9132075471698107,0.30900799027896964
ANTHRO ,191HD   ,"BOUM, AOMAR",12.0,4.0,0.0
HIST   ,M108C   ,"BOUM, AOMAR",12.0,3.75,0.3427827300200522
ANTHRO ,M166Q   ,"BOUM, AOMAR",86.0,3.770930232558139,0.38935434900099997
ANTHRO ,130     ,"BOUM, AOMAR",165.0,3.81939393939394,0.4955434078405021
ARABIC ,M171    ,"BOUM, AOMAR",14.0,3.892857142857143,0.1437472271249864
PSYCH  ,152     ,"BOWER, JULIENNE ELIZABETH",280.0,3.674285714285714,0.4684886686495856
PSYCH  ,151     ,"BOWER, JULIENNE ELIZABETH",79.0,3.7151898734177213,0.4351890634082049
PSYCH  ,189     ,"BOWER, JULIENNE ELIZABETH",14.0,4.0,0.0
PSYCH  ,216B    ,"BOWER, JULIENNE ELIZABETH",9.0,3.966666666666667,0.09428090415820628
PSYCH  ,215B    ,"BOWER, JULIENNE ELIZABETH",22.0,3.872727272727272,0.18630819574471996
LAW    ,505B    ,"BOYD, WILLIAM CLARENCE",21.0,4.0,0.0
ENVIRON,140     ,"BOYD, WILLIAM CLARENCE",405.0,3.360987654320988,0.5621027649514836
LAW    ,350     ,"BOYD, WILLIAM CLARENCE",111.0,3.5306306306306303,0.37507784003962635
FILM TV,287B    ,"BOYLE, BARBARA",42.0,3.6785714285714284,0.35692850710425683
FILM TV,146     ,"BOYLE, BARBARA",280.0,3.8489285714285715,0.36887705351816735
FILM TV,294A    ,"BOYLE, DAVID ERIC",29.0,3.7620689655172415,0.3699149884663141
C&EE   ,245     ,"BOZORGNIA, YOUSEF",134.0,3.4462686567164176,0.5909335791675303
C&EE   ,125     ,"BOZORGNIA, YOUSEF",82.0,3.4621951219512193,0.5460814385576388
PHYSICS,110B    ,"BOZOVIC, DOLORES",91.0,3.5692307692307694,0.3538461538461539
PHYSICS,1AH     ,"BOZOVIC, DOLORES",49.0,3.555102040816326,0.42525441340247605
PHYSICS,5C      ,"BOZOVIC, DOLORES",164.0,3.767682926829268,0.2956877010255502
PHYSICS,105B    ,"BOZOVIC, DOLORES",90.0,3.596666666666667,0.35447927380251104
PHYSICS,110A    ,"BOZOVIC, DOLORES",135.0,3.4281481481481477,0.4937613536400175
PHYSICS,C187A   ,"BOZOVIC, DOLORES",17.0,3.664705882352941,0.36932558005511207
EPIDEM ,268     ,"BRADBURY, BRIAN D",45.0,3.977777777777778,0.11133311155444757
PSYCH  ,270B    ,"BRADBURY, THOMAS",21.0,3.9714285714285715,0.08806305718527103
PSYCH  ,270A    ,"BRADBURY, THOMAS",22.0,3.895454545454545,0.21421584850814873
PSYCH  ,137C    ,"BRADBURY, THOMAS",634.0,3.5253943217665613,0.7294191451458463
MUSC   ,115B    ,"BRADBURY, WILLIAM ARTHUR",17.0,3.7294117647058824,0.4799077189263798
ENGL   ,M104E   ,"BRADLEY, ADAM F",96.0,3.8125,0.44376467111897644
ENGL   ,109     ,"BRADLEY, ADAM F",66.0,3.816666666666667,0.44910123490357856
ENGL   ,139     ,"BRADLEY, ADAM F",13.0,3.5999999999999996,1.048075158784683
AF AMER,M104E   ,"BRADLEY, ADAM F",18.0,3.561111111111111,0.6395648597887029
ENGL   ,173B    ,"BRADLEY, ADAM F",18.0,3.7777777777777777,0.5105068892293397
MIMG   ,168     ,"BRADLEY, PETER JOHN",76.0,3.3973684210526316,0.7808520454590017
MIMG   ,101     ,"BRADLEY, PETER JOHN",513.0,3.212475633528265,0.7946705472370554
ETHNMUS,91Z     ,"BRAGGER, DAVID MATTHEW",54.0,3.9444444444444446,0.4044505494044732
ETHNMUS,161Z    ,"BRAGGER, DAVID MATTHEW",46.0,4.0,0.0
NURSING,150B    ,"BRALOCK, ANITA RENAU",119.0,3.7394957983193278,0.26289227988414193
NURSING,164     ,"BRALOCK, ANITA RENAU",97.0,3.441237113402062,0.3868329182784636
NURSING,462     ,"BRALOCK, ANITA RENAU",67.0,3.622388059701493,0.3881917111860436
NURSING,267     ,"BRALOCK, ANITA RENAU",69.0,3.965217391304348,0.09604661754075873
NURSING,150A    ,"BRALOCK, ANITA RENAU",117.0,3.7418803418803415,0.32005323174750144
EDUC   ,M108    ,"BRAND, JENNIE ELIZABETH",170.0,3.6805882352941177,0.4581673286454004
SOCIOL ,212A    ,"BRAND, JENNIE ELIZABETH",12.0,3.9250000000000003,0.12990381056766573
SOCIOL ,189     ,"BRAND, JENNIE ELIZABETH",41.0,4.0,0.0
SOCIOL ,M175    ,"BRAND, JENNIE ELIZABETH",708.0,3.619774011299435,0.6151146646146737
C&EE   ,123     ,"BRANDENBERG, SCOTT JOSEPH",14.0,3.6214285714285714,0.4003187505486301
ENGR   ,87      ,"BRANDENBERG, SCOTT JOSEPH",286.0,3.768881118881119,0.40810427314032316
C&EE   ,120     ,"BRANDENBERG, SCOTT JOSEPH",380.0,3.356842105263158,0.8106401150460565
GLB HLT,100     ,"BRANDT FLORES, CAMERON ELIZABETH",67.0,3.91044776119403,0.2299476438515911
PSYCH  ,136A    ,"BRANNON, TIFFANY N",154.0,3.7701298701298693,0.3692973092432016
PSYCH  ,137F    ,"BRANNON, TIFFANY N",216.0,3.665277777777778,0.5191231180831721
POL SCI,119     ,"BRANSTETTER, JOHN GAVIN",1821.0,3.8572762218561234,0.41949741775581006
POL SCI,116A    ,"BRANSTETTER, JOHN GAVIN",629.0,3.8340222575516694,0.4814721788058588
POL SCI,10      ,"BRANSTETTER, JOHN GAVIN",524.0,3.9110687022900765,0.45254960827709384
ANTHRO ,119     ,"BRANTINGHAM, PAUL JEFFREY",25.0,2.9959999999999996,0.9917580350065233
ANTHRO ,110     ,"BRANTINGHAM, PAUL JEFFREY",123.0,3.7390243902439018,0.5208863843693519
ANTHRO ,169     ,"BRANTINGHAM, PAUL JEFFREY",665.0,3.7320300751879696,0.4730762538456416
NURSING,160     ,"BRAUER, EDEN R",218.0,3.7256880733944957,0.3500730381785935
MGMTFE ,410     ,"BRAVO PLAZA, FERNANDA",244.0,3.413524590163934,0.4578342139116634
MGMTMSA,432     ,"BRAVO PLAZA, FERNANDA",11.0,3.9454545454545453,0.11570838237598043
MGMTFT ,410     ,"BRAVO PLAZA, FERNANDA",144.0,3.3902777777777775,0.49753830735326365
MCD BIO,191     ,"BRAYBROOK, SIOBHAN",30.0,4.0,0.0
LIFESCI,7A      ,"BRAYBROOK, SIOBHAN",1629.0,3.6439533456108038,0.7630159458439878
LIFESCI,101     ,"BRAYBROOK, SIOBHAN",14.0,3.642857142857143,1.0424656799518874
NURSING,404     ,"BRECHT, MARY-LYNN",56.0,3.8446428571428575,0.35703123255593217
MUSC   ,119     ,"BRENNAN, DAVID ANDREW",12.0,4.0,0.0
DUTCH  ,103A    ,"BRIER, MARIA F",68.0,3.844117647058824,0.7019683152186673
DUTCH  ,103B    ,"BRIER, MARIA F",37.0,3.886486486486486,0.20945510021618988
DUTCH  ,103C    ,"BRIER, MARIA F",36.0,3.980555555555556,0.11503488467138144
EC ENGR,3       ,"BRIGGS, DENNIS M",1316.0,3.5670212765957445,0.6566405725300526
EC ENGR,113DB   ,"BRIGGS, DENNIS M",88.0,3.9818181818181815,0.0911360802534701
EC ENGR,113DW   ,"BRIGGS, DENNIS M",87.0,3.917241379310345,0.232035915051872
EC ENGR,100     ,"BRIGGS, DENNIS M",26.0,2.1192307692307693,1.471006779979468
SOC WLF,202A    ,"BRINDERSON, LAURA ALONGI",200.0,3.9185000000000003,0.22717339192784
SOC WLF,402C    ,"BRINDERSON, LAURA ALONGI",71.0,3.971830985915493,0.16545549471085536
SOC WLF,211A    ,"BRINDERSON, LAURA ALONGI",27.0,4.0,0.0
SOC WLF,231S    ,"BRINDERSON, LAURA ALONGI",101.0,3.9801980198019797,0.1053234546294828
ENGL   ,179     ,"BRISTOW, JOSEPH E",30.0,3.3733333333333335,0.7361763073853679
ENGL   ,164B    ,"BRISTOW, JOSEPH E",61.0,3.6278688524590166,0.5566678226442909
ENGL   ,10C     ,"BRISTOW, JOSEPH E",270.0,3.391481481481482,0.7082853772195148
ENGL   ,M101B   ,"BRISTOW, JOSEPH E",20.0,3.625,0.3447825401611863
ENGL   ,184     ,"BRISTOW, JOSEPH E",24.0,3.766666666666666,0.8024268744807148
SOC WLF,213A    ,"BROCK-PETROSHIUS, KRISTEN ALLISON",46.0,3.973913043478261,0.08453140041401552
PUB AFF,177     ,"BRODER, JOHN MEYERS",29.0,3.9103448275862065,0.19536848929952133
PUB AFF,191A    ,"BRODER, JOHN MEYERS",28.0,3.8464285714285715,0.3375141720380503
ENV HLT,259A    ,"BROGMUS, GEORGE E",40.0,3.8849999999999993,0.6255197838597912
BIOSTAT,120     ,"BROOKMEYER, RONALD S",90.0,3.5711111111111102,0.5918416538313914
ARCH&UD,411     ,"BROOKS, MIROSLAVA",10.0,3.8,0.2756809750418045
ARCH&UD,289     ,"BROOKS, MIROSLAVA",15.0,3.96,0.10198039027185564
ARCH&UD,221     ,"BROOKS, MIROSLAVA",85.0,3.7729411764705882,0.26318780380026
ARCH&UD,415     ,"BROOKS, MIROSLAVA",10.0,3.91,0.13747727084867511
ARCH&UD,401     ,"BROOKS, MIROSLAVA",11.0,3.8,0.21320071635561044
THEATER,298A    ,"BROOMELL, ANDREW",22.0,3.9136363636363636,0.22420659009342767
EDUC   ,416     ,"BROWN HAUGAARD, TANYA AVASHA",12.0,3.85,0.1499999999999999
EPS SCI,17      ,"BROWN, CAITLIN ANNA-CORBETT",408.0,3.807107843137255,0.5050950872790065
EPS SCI,116     ,"BROWN, CAITLIN ANNA-CORBETT",56.0,3.6625,0.4422194429401377
EE BIOL,116     ,"BROWN, CAITLIN ANNA-CORBETT",110.0,3.803636363636364,0.4302065619564783
CLUSTER,70B     ,"BROWN, CAITLIN ANNA-CORBETT",205.0,3.5975609756097566,0.6614425494946443
CLUSTER,70A     ,"BROWN, CAITLIN ANNA-CORBETT",231.0,3.5636363636363635,0.6656525147297181
MUSCLG ,71      ,"BROWN, KRISTI ANN",171.0,3.6824561403508773,0.772659145101564
MUSCLG ,125B    ,"BROWN, KRISTI ANN",60.0,3.61,0.8194917123843698
MUSCLG ,125A    ,"BROWN, KRISTI ANN",65.0,2.996923076923077,0.945754762613394
MUSCLG ,35      ,"BROWN, KRISTI ANN",230.0,3.5921739130434784,0.8065113089680663
PBMED  ,210     ,"BROWN, MATTHEW SHERMAN",28.0,3.942857142857143,0.15452362609131384
MUSC   ,C480A   ,"BROWN, RYAN RUSSELL",43.0,3.9767441860465116,0.1507148999629735
MUSC   ,C185A   ,"BROWN, RYAN RUSSELL",224.0,3.936160714285714,0.2545750855266838
MUSC   ,110C    ,"BROWN, RYAN RUSSELL",10.0,3.7399999999999998,0.3878143885933063
MUSC   ,111A    ,"BROWN, RYAN RUSSELL",17.0,3.688235294117647,0.42131775481105843
MUSC   ,204     ,"BROWN, RYAN RUSSELL",19.0,3.878947368421053,0.2706307396248935
AF AMER,188A    ,"BROWN, SCOT DAVID",31.0,3.9419354838709677,0.11852369723144404
CLUSTER,20B     ,"BROWN, SCOT DAVID",441.0,3.8682539682539683,0.4154487112090381
AF AMER,105B    ,"BROWN, SCOT DAVID",53.0,3.916981132075472,0.1910604458898389
CLUSTER,20A     ,"BROWN, SCOT DAVID",223.0,3.938116591928251,0.21076424004479172
PHYSICS,180C    ,"BROWN, STUART",41.0,3.785365853658537,0.36329184371807216
PHYSICS,1C      ,"BROWN, STUART",131.0,3.3687022900763357,0.6836234811945513
NURSING,470B    ,"BROWN, THERESA A",61.0,3.9508196721311477,0.19969070413498297
NURSING,403     ,"BROWN, THERESA A",56.0,3.7767857142857144,0.2685882878446991
NURSING,470A    ,"BROWN, THERESA A",39.0,3.78974358974359,0.3571933842345906
NURSING,401     ,"BROWN, THERESA A",54.0,3.7296296296296303,0.46092886477345324
NURSING,407     ,"BROWN, THERESA A",33.0,3.8363636363636364,0.27059774665704034
NURSING,470D    ,"BROWN, THERESA A",46.0,3.9499999999999997,0.1838595872563815
NURSING,470C    ,"BROWN, THERESA A",10.0,3.97,0.08999999999999996
NURSING,410     ,"BROWN, THERESA A",42.0,3.9547619047619045,0.16790357345013315
MUSCLG ,12W     ,"BROWN, XAVIER VIKTOR",13.0,3.4384615384615387,1.0802695258687576
NURSING,405     ,"BROWN-SALTZMAN, KATHERINE A",16.0,3.6937499999999996,0.4709946257655176
ETHNMUS,106A    ,"BROWNER, TARA COLLEEN",48.0,3.8833333333333333,0.5973320312485808
ETHNMUS,106B    ,"BROWNER, TARA COLLEEN",47.0,3.8340425531914892,0.42839462605877116
ETHNMUS,183     ,"BROWNER, TARA COLLEEN",15.0,3.6266666666666665,0.5926962872238098
DESMA  ,131     ,"BROWNING, BREANNA",40.0,3.6175000000000006,0.7742375281526982
DESMA  ,156     ,"BROWNING, BREANNA",22.0,3.9318181818181817,0.12572106078126657
FRNCH  ,166     ,"BROZGAL, LIA N",20.0,3.63,0.8894380248224156
FRNCH  ,41      ,"BROZGAL, LIA N",235.0,3.765531914893617,0.3618557871356588
CLUSTER,48A     ,"BROZGAL, LIA N",197.0,3.726903553299492,0.3758402509728481
CLUSTER,48B     ,"BROZGAL, LIA N",182.0,3.8203296703296705,0.3167033157682007
FRNCH  ,120     ,"BROZGAL, LIA N",18.0,3.8722222222222222,0.39271923184602053
SOCIOL ,285B    ,"BRUBAKER, WILLIAM ROGERS",6.0,3.783333333333333,0.2544056253745625
SOCIOL ,191V    ,"BRUBAKER, WILLIAM ROGERS",11.0,3.5999999999999996,0.5877538136452587
SOCIOL ,1       ,"BRUBAKER, WILLIAM ROGERS",177.0,2.9627118644067796,0.9503311890889833
HNRS   ,113     ,"BRUBAKER, WILLIAM ROGERS",12.0,3.8333333333333335,0.26246692913372704
MGMTMSA,431     ,"BRUEGGEMANN, SEAN",100.0,3.4939999999999998,0.469003198283338
PHYSICS,C187B   ,"BRUINSMA, ROBIJN F",14.0,3.4785714285714286,0.5746782595860195
PHYSICS,105A    ,"BRUINSMA, ROBIJN F",49.0,3.142857142857143,0.7658528659245835
PHYSICS,189     ,"BRUINSMA, ROBIJN F",10.0,4.0,0.0
PHYSICS,C187A   ,"BRUINSMA, ROBIJN F",15.0,3.3066666666666666,0.606043636126054
DESMA  ,171     ,"BRUMLEY, JOHN THOMAS",13.0,3.869230769230769,0.3122735866182222
DESMA  ,158     ,"BRUMLEY, JOHN THOMAS",33.0,3.6999999999999997,0.7595852137645236
MSC IND,101     ,"BRUNSON, KERRY ANN",15.0,3.5600000000000005,0.7246148402197313
COMM   ,200     ,"BRYANT, GREGORY A",13.0,4.0,0.0
COMM   ,126     ,"BRYANT, GREGORY A",125.0,3.4208,0.8073954173761454
LAW    ,635     ,"BRYANT, TAIMIE L",28.0,3.907142857142857,0.19807749462660068
LAW    ,363     ,"BRYANT, TAIMIE L",14.0,3.4214285714285713,0.37259432444985646
LAW    ,494     ,"BRYANT, TAIMIE L",27.0,3.611111111111111,0.3478327964999674
LAW    ,623     ,"BRYANT, TAIMIE L",14.0,3.771428571428572,0.23733211036908788
THEATER,443A    ,"BRZESKI, WILLIAM",10.0,3.7399999999999998,0.3878143885933063
MGMT   ,261A    ,"BUCKLIN, RANDOLPH E",126.0,3.5285714285714285,0.3325841921949377
BIOENGR,M227    ,"BUI, ALEX ANH-TUAN",97.0,3.9381443298969074,0.12136958888875404
VIETMSE,170     ,"BUI, CHUC VAN",70.0,4.0,0.0
VIETMSE,4       ,"BUI, CHUC VAN",10.0,4.0,0.0
VIETMSE,100C    ,"BUI, CHUC VAN",41.0,4.0,0.0
VIETMSE,100B    ,"BUI, CHUC VAN",27.0,4.0,0.0
VIETMSE,100A    ,"BUI, CHUC VAN",37.0,4.0,0.0
VIETMSE,1A      ,"BUI, CHUC VAN",13.0,4.0,0.0
VIETMSE,3       ,"BUI, CHUC VAN",48.0,4.0,0.0
VIETMSE,6       ,"BUI, CHUC VAN",10.0,4.0,0.0
ENGR   ,111     ,"BULU-TACIROGLU, MELIHA",876.0,3.663926940639269,0.46267054281854836
ENGR   ,211     ,"BULU-TACIROGLU, MELIHA",266.0,3.956766917293233,0.15233544738370863
ENGR   ,110     ,"BULU-TACIROGLU, MELIHA",839.0,3.6631704410011916,0.47325611960131225
LING   ,208     ,"BUMFORD, DYLAN",8.0,4.0,0.0
LING   ,185A    ,"BUMFORD, DYLAN",97.0,2.9474226804123713,1.174742154951298
LING   ,165C    ,"BUMFORD, DYLAN",36.0,3.0027777777777778,1.3311411376691284
LING   ,120C    ,"BUMFORD, DYLAN",94.0,3.2882978723404257,0.8316679450637358
LING   ,200C    ,"BUMFORD, DYLAN",27.0,3.962962962962963,0.1418088127339011
PSYCH  ,119J    ,"BUONOMANO, DEAN",164.0,3.608536585365854,0.46530902910211197
NEURO  ,205     ,"BUONOMANO, DEAN",80.0,3.6650000000000005,0.495
PHYSCI ,187B    ,"BURDA, JOSHUA EVAN",12.0,3.9250000000000003,0.12990381056766573
PHILOS ,C115    ,"BURGE, C TYLER",162.0,3.005555555555556,1.0658127368930514
PHILOS ,170     ,"BURGE, C TYLER",134.0,3.047761194029851,0.8551613636601468
PHILOS ,129     ,"BURGE, C TYLER",172.0,3.131395348837209,0.9322093820979223
PHILOS ,283     ,"BURGE, C TYLER",2.0,3.85,0.1499999999999999
AN N EA,164     ,"BURKE, AARON ALEXANDER",22.0,3.322727272727273,0.9704412389975539
M E STD,M50A    ,"BURKE, AARON ALEXANDER",111.0,3.25945945945946,0.8774839521007222
AN N EA,M50A    ,"BURKE, AARON ALEXANDER",151.0,3.2973509933774836,0.8508622054702445
AN N EA,162     ,"BURKE, AARON ALEXANDER",168.0,3.155357142857143,1.0700333177151111
THEATER,C176C   ,"BURKE, JEFFREY AARON",11.0,3.972727272727273,0.0862439361864103
THEATER,150     ,"BURKE, JEFFREY AARON",38.0,4.0,0.0
THEATER,C112B   ,"BURKE, JEFFREY AARON",12.0,3.8333333333333335,0.26246692913372704
THEATER,C112    ,"BURKE, JEFFREY AARON",12.0,3.8333333333333335,0.5527707983925666
THEATER,150     ,"BURKE, JONATHAN ADRIAN",11.0,4.0,0.0
THEATER,50      ,"BURKE, JONATHAN ADRIAN",139.0,3.875539568345324,0.5310288272220454
THEATER,C154A   ,"BURKE, JONATHAN ADRIAN",22.0,3.5454545454545454,0.5944648263371569
THEATER,144D    ,"BURKE, JONATHAN ADRIAN",13.0,3.5615384615384613,0.6196009404800698
ART HIS,M119D   ,"BURKE, KATHERINE S",11.0,3.6090909090909093,0.6584479622629753
ART HIS,M119C   ,"BURKE, KATHERINE S",13.0,2.723076923076923,1.180712852575378
GEOG   ,181A    ,"BURKHART, SIERRA NICOLE",177.0,3.455932203389831,0.9073344308549737
GEOG   ,410     ,"BURKHART, SIERRA NICOLE",66.0,3.787878787878788,0.8441447440717649
GEOG   ,412     ,"BURKHART, SIERRA NICOLE",77.0,3.844155844155844,0.559799014603956
GEOG   ,414     ,"BURKHART, SIERRA NICOLE",75.0,3.96,0.19595917942265423
GEOG   ,401     ,"BURKHART, SIERRA NICOLE",12.0,3.3333333333333335,1.4907119849998598
GEOG   ,7       ,"BURKHART, SIERRA NICOLE",273.0,3.7315018315018316,0.6324239207718279
COMPTNG,16A     ,"BURNETT, SARAH CASSIE",172.0,3.3994186046511623,0.7858854503356172
COMPTNG,10A     ,"BURNETT, SARAH CASSIE",220.0,3.3731818181818185,0.799237627445034
COMPTNG,40A     ,"BURNETT, SARAH CASSIE",93.0,3.3666666666666667,0.7394175757002808
ASIA AM,200C    ,"BURNS, LUCY M",13.0,4.0,0.0
ASIA AM,30W     ,"BURNS, LUCY M",108.0,3.8314814814814815,0.5213316546129814
ASIA AM,185     ,"BURNS, LUCY M",12.0,4.0,0.0
ASIA AM,176     ,"BURNS, LUCY M",42.0,3.6880952380952383,0.6422439756533638
ASIA AM,133     ,"BURNS, LUCY M",51.0,3.5725490196078433,0.6180546429845222
ASIA AM,121     ,"BURNS, LUCY M",25.0,3.8679999999999994,0.2693993318477238
COM SCI,130     ,"BURNS, MICHAEL STEVEN",396.0,3.560606060606061,0.5118432094639727
FRNCH  ,16      ,"BURNS, RAPHAELLE J",74.0,3.4432432432432436,0.7438179596170966
FRNCH  ,116     ,"BURNS, RAPHAELLE J",16.0,3.94375,0.1170937124699699
ECON   ,405     ,"BURSTEIN, ARIEL TOMAS",36.0,3.808333333333333,0.23614378858841256
ECON   ,202C    ,"BURSTEIN, ARIEL TOMAS",50.0,3.3820000000000006,0.5054463374088293
ECON   ,122     ,"BURSTEIN, ARIEL TOMAS",332.0,3.2409638554216875,0.5757731616125646
ECON   ,282B    ,"BURSTEIN, ARIEL TOMAS",11.0,3.736363636363636,0.31413004623947266
LIFESCI,7A      ,"BURTON, ANDREA",382.0,3.748429319371728,0.47418725616023505
LIFESCI,7B      ,"BURTON, ANDREA",699.0,3.5001430615164524,0.596136806909287
C&EE   ,235A    ,"BURTON, HENRY",103.0,3.9291262135922334,0.16465973621478722
C&EE   ,110     ,"BURTON, HENRY",157.0,3.820382165605096,0.4385469425596662
C&EE   ,135B    ,"BURTON, HENRY",88.0,3.6988636363636362,0.4969210469073575
C&EE   ,244     ,"BURTON, HENRY",58.0,3.882758620689655,0.21345913849023668
C&EE   ,110     ,"BURTON, HENRY J",59.0,3.869491525423729,0.3289707819121789
C&EE   ,235A    ,"BURTON, HENRY J",53.0,3.860377358490566,0.2896579783003092
C&EE   ,244     ,"BURTON, HENRY J",40.0,3.8525000000000005,0.392420374088808
NURSING,401     ,"BUSH, NANCY JO",30.0,3.65,0.5637670913891066
NURSING,404     ,"BUSH, NANCY JO",32.0,3.84375,0.3630921887069453
NURSING,470D    ,"BUSH, NANCY JO",31.0,3.9322580645161294,0.20695503138510252
NURSING,470C    ,"BUSH, NANCY JO",54.0,3.90925925925926,0.25767372314508774
NURSING,470B    ,"BUSH, NANCY JO",13.0,3.792307692307692,0.3852302777091974
NURSING,405     ,"BUSH, NANCY JO",54.0,3.8425925925925926,0.3461972526218371
LAW    ,652     ,"BUSSEL, DANIEL J",13.0,3.9538461538461536,0.10824036368823294
LAW    ,248     ,"BUSSEL, DANIEL J",51.0,3.574509803921569,0.3536050401418043
LAW    ,100     ,"BUSSEL, DANIEL J",179.0,3.460335195530727,0.370778886421575
HLT POL,200A    ,"BUSTAMANTE, ARTURO VARGAS",22.0,3.9863636363636363,0.0624896685675796
KOREA  ,CM160   ,"BUSWELL, ROBERT E",22.0,3.5090909090909084,0.48608743219253997
NEURO  ,201     ,"BUTLER, SAMANTHA JOANNA",35.0,3.7714285714285714,0.3038528107690382
MATH   ,70      ,"BUTSON, DYLAN",67.0,3.5044776119402985,0.6030848151586095
MATH   ,170E    ,"BUTSON, DYLAN",131.0,3.1770992366412214,0.7886179703311282
MATH   ,170A    ,"BUTSON, DYLAN",29.0,3.2241379310344827,0.9736724551616662
LBR STD,97      ,"BYERLY, SHAKARI NICHELE",20.0,3.4850000000000003,0.4639773701378118
PHILOS ,166     ,"BYRNE, THOMAS",34.0,3.3941176470588235,0.5588544883065234
EC ENGR,230A    ,"CABRIC, DANIJELA",91.0,3.6131868131868132,0.4052427819882552
EC ENGR,113     ,"CABRIC, DANIJELA",149.0,3.421476510067114,0.7688188237006239
EC ENGR,102     ,"CABRIC, DANIJELA",106.0,2.9556603773584906,0.8548507746505306
EC ENGR,233     ,"CABRIC, DANIJELA",107.0,3.8532710280373834,0.22930930709307001
ART    ,147     ,"CADET, WIDLINE",28.0,4.0,0.0
ART    ,11B     ,"CADET, WIDLINE",13.0,3.876923076923077,0.2749932758726073
PSYCTRY,180     ,"CAHILL, CATHERINE MARIE",42.0,3.4166666666666665,0.7250342082788943
NEUROSC,C177    ,"CAHILL, CATHERINE MARIE",90.0,3.7155555555555555,0.4054931458829171
EDUC   ,M231B   ,"CAI, LI",10.0,3.97,0.08999999999999996
EDUC   ,231C    ,"CAI, LI",9.0,3.966666666666667,0.09428090415820628
EDUC   ,231A    ,"CAI, LI",11.0,4.0,0.0
EE BIOL,120     ,"CALDERA, ERIC J",113.0,3.668141592920354,0.5330270023752826
CCAS   ,146     ,"CALDERON, HECTOR V",98.0,3.1795918367346943,0.8577330329722229
CCAS   ,145B    ,"CALDERON, HECTOR V",98.0,3.419387755102041,0.8374716764342865
CCAS   ,191     ,"CALDERON, HECTOR V",74.0,3.1770270270270276,0.9210081575624436
SPAN   ,119     ,"CALDERON, HECTOR V",54.0,3.6129629629629636,0.5135375842916561
SPAN   ,150     ,"CALDERON, HECTOR V",27.0,3.3074074074074074,0.8132813853746944
DGT HUM,150     ,"CALDWELL, ANTHONY FRANK",47.0,4.0,0.0
FILM TV,201A    ,"CALDWELL, JOHN T",10.0,3.97,0.08999999999999996
MUSC   ,C480C   ,"CALDWELL, WENDY L",27.0,3.9444444444444446,0.11653431646335011
MUSC   ,C185C   ,"CALDWELL, WENDY L",45.0,3.957777777777778,0.1307905686183303
MUSCLG ,248     ,"CALICO, JOY HASLAM",10.0,3.3899999999999997,0.5769748694700663
JEWISH ,M82     ,"CALICO, JOY HASLAM",16.0,3.61875,0.4530711174859859
MUSCLG ,125C    ,"CALICO, JOY HASLAM",59.0,2.8728813559322033,0.9461483935058785
MUSCLG ,M82     ,"CALICO, JOY HASLAM",25.0,3.572,0.5868696618500568
PSYCH  ,244     ,"CALLAGHAN, BRIDGET",12.0,4.0,0.0
PSYCH  ,189     ,"CALLAGHAN, BRIDGET",65.0,3.9907692307692306,0.05180756381686993
PSYCH  ,130     ,"CALLAGHAN, BRIDGET",1229.0,3.7868185516680226,0.5079405766461251
LBR STD,10      ,"CALZADA, JONATHAN",224.0,3.689285714285714,0.7706510632085638
ASIA AM,10W     ,"CAMACHO, KEITH LUJAN",233.0,3.8871244635193136,0.41392797257866165
ASIA AM,122A    ,"CAMACHO, KEITH LUJAN",49.0,3.6469387755102045,0.41752528498104235
ASIA AM,200A    ,"CAMACHO, KEITH LUJAN",10.0,4.0,0.0
GJ STDS,122C    ,"CAMERON, CLAYTON",58.0,3.7551724137931037,0.364914923383474
GJ STDS,175     ,"CAMERON, CLAYTON",11.0,3.972727272727273,0.0862439361864103
LIFESCI,7A      ,"CAMPBELL, DAVID A",279.0,3.738351254480287,0.49310530030995087
MIMG   ,168     ,"CAMPBELL, DAVID A",51.0,2.9686274509803923,0.7919918290523327
GEOG   ,499     ,"CAMPBELL, JONATHAN EDWARD",12.0,3.9166666666666665,0.2763853991962833
GEOG   ,498     ,"CAMPBELL, JONATHAN EDWARD",15.0,3.7133333333333334,0.517515431868676
POL SCI,119     ,"CAMPBELL, JOSHUA W",21.0,3.7904761904761908,0.392676726249301
C&EE   ,C186    ,"CAMPBELL, ROBERT J",21.0,3.4714285714285715,0.754758149307166
PHYSICS,1AH     ,"CAMPBELL, WESLEY C",104.0,3.689423076923077,0.4459040663534395
PHYSICS,18L     ,"CAMPBELL, WESLEY C",36.0,3.6222222222222222,0.5603129636943541
PHYSICS,123     ,"CAMPBELL, WESLEY C",88.0,3.4579545454545455,0.824582758252082
QNT SCI,403     ,"CAMPBELL, WESLEY C",60.0,3.69,0.529055762656452
PHYSICS,188     ,"CAMPBELL, WESLEY C",11.0,3.5454545454545454,0.5805383651305311
PHYSICS,17      ,"CAMPBELL, WESLEY C",28.0,3.1964285714285716,0.7711226245162415
MGMT   ,298D    ,"CAMPION, ANDREW",130.0,3.5330769230769232,0.3574242171508769
MGMT   ,180     ,"CAMPION, ANDREW",106.0,3.5273584905660376,0.40597727858809673
EC ENGR,M252    ,"CANDLER, ROBERT N",123.0,3.782926829268293,0.3312227450540889
EC ENGR,101A    ,"CANDLER, ROBERT N",173.0,2.9526011560693646,0.9861800228433503
FILM TV,122E    ,"CANNON, PAUL JOSHUA",65.0,3.7615384615384615,0.4879130779120735
FILM TV,75      ,"CANNON, PAUL JOSHUA",24.0,4.0,0.0
HUM GEN,236A    ,"CANTOR, RITA M",48.0,3.8875000000000006,0.2368411915187052
HUM GEN,411     ,"CANTOR, RITA M",10.0,3.5800000000000005,0.27495454169735045
HUM GEN,412     ,"CANTOR, RITA M",10.0,3.9,0.3
EPS SCI,M7      ,"CAO, HAO",45.0,3.9555555555555557,0.18203242147797682
A&O SCI,M7      ,"CAO, HAO",40.0,3.91,0.2467792535850613
EPS SCI,155     ,"CAO, HAO",30.0,3.8699999999999997,0.25317977802344327
FILM TV,483A    ,"CAPPIELLO, MONICA HILDA",15.0,3.5399999999999996,0.7778603130811256
FILM TV,483B    ,"CAPPIELLO, MONICA HILDA",10.0,3.69,0.3884584919911007
CHEM   ,228     ,"CARAM, JUSTIN RYAN",92.0,4.0,0.0
CHEM   ,185     ,"CARAM, JUSTIN RYAN",85.0,3.505882352941176,0.48126131856550125
CHEM   ,285     ,"CARAM, JUSTIN RYAN",10.0,3.31,0.38065732621348564
CHEM   ,14AE    ,"CARAM, JUSTIN RYAN",372.0,3.2166666666666672,0.8051859243428543
CHEM   ,C185    ,"CARAM, JUSTIN RYAN",19.0,3.573684210526316,0.3176262372550445
CHEM   ,113A    ,"CARAM, JUSTIN RYAN",28.0,3.3607142857142853,0.5492457722799029
DESMA  ,172     ,"CARAVELLO, JENNA BETH",58.0,3.9068965517241376,0.32316434858289356
DESMA  ,127     ,"CARAVELLO, JENNA BETH",20.0,3.5050000000000003,1.066993439529972
DESMA  ,159A    ,"CARAVELLO, JENNA BETH",14.0,3.9285714285714284,0.2575393768188564
DESMA  ,159     ,"CARAVELLO, JENNA BETH",22.0,4.0,0.0
DESMA  ,252C    ,"CARAVELLO, JENNA BETH",12.0,3.975,0.08291561975888495
DESMA  ,155     ,"CARAVELLO, JENNA BETH",90.0,3.923333333333334,0.3611863169550524
LAW    ,653     ,"CARBADO, DEVON W",16.0,3.98125,0.07261843774138903
LAW    ,202     ,"CARBADO, DEVON W",25.0,3.5759999999999996,0.3658196276855577
ENGR   ,184     ,"CARBAJO, SERGIO",46.0,3.491304347826087,0.721057824056622
EC ENGR,170A    ,"CARBAJO, SERGIO",215.0,3.605116279069768,0.7318163834168496
INF STD,C115    ,"CARBONE, KATHY MICHELLE",12.0,3.975,0.08291561975888495
INF STD,289     ,"CARBONE, KATHY MICHELLE",64.0,3.9562500000000003,0.1488235112473832
INF STD,434     ,"CARBONE, KATHY MICHELLE",13.0,3.923076923076923,0.2664693550105965
INF STD,438A    ,"CARBONE, KATHY MICHELLE",12.0,3.975,0.08291561975888495
NURSING,410     ,"CARDIN, SUZETTE",18.0,3.966666666666667,0.09428090415820628
NURSING,470B    ,"CARDIN, SUZETTE",18.0,4.0,0.0
NURSING,470A    ,"CARDIN, SUZETTE",18.0,3.744444444444445,0.3789198423328874
MUSCLG ,187B    ,"CARLOS, CAITLIN CLAIRE",20.0,3.725,0.5539629951540084
MUSCLG ,187C    ,"CARLOS, CAITLIN CLAIRE",20.0,3.915,0.3705064102009573
GENDER ,M136    ,"CARLOS, CAITLIN CLAIRE",27.0,4.0,0.0
MUSCLG ,M136    ,"CARLOS, CAITLIN CLAIRE",77.0,3.983116883116883,0.09174017149324344
MUSCLG ,5       ,"CARLOS, CAITLIN CLAIRE",1013.0,3.936426456071076,0.3629236657179867
MUSCLG ,125C    ,"CARLOS, CAITLIN CLAIRE",137.0,3.6686131386861316,0.6571062224363738
MUSCLG ,127     ,"CARLOS, CAITLIN CLAIRE",25.0,3.4800000000000004,0.6669332800213227
MUSCLG ,128     ,"CARLOS, CAITLIN CLAIRE",100.0,3.8859999999999997,0.47979578989399235
LAW    ,311     ,"CARLSON, ANN E",77.0,3.4363636363636365,0.34712514712794157
LAW    ,643     ,"CARLSON, ANN E",14.0,3.8857142857142857,0.20303814862216993
DANCE  ,16      ,"CARLSON, ANN M",79.0,3.8607594936708862,0.47318412973991253
DANCE  ,116     ,"CARLSON, ANN M",49.0,3.8510204081632655,0.31695132503374984
DANCE  ,117A    ,"CARLSON, ANN M",35.0,3.914285714285714,0.20583329890660432
DANCE  ,117B    ,"CARLSON, ANN M",10.0,4.0,0.0
DANCE  ,C174B   ,"CARLSON, ANN M",12.0,4.0,0.0
DANCE  ,67B     ,"CARLSON, ANN M",31.0,3.7161290322580647,0.7135087196580682
DANCE  ,67A     ,"CARLSON, ANN M",18.0,3.8388888888888886,0.27716599296147604
MECH&AE,166C    ,"CARMAN, GREGORY P",65.0,3.578461538461538,0.6259742702238237
MECH&AE,262     ,"CARMAN, GREGORY P",37.0,3.8162162162162168,0.26560844328153377
MECH&AE,242     ,"CARMAN, GREGORY P",25.0,3.932,0.19538679586911706
MATH   ,151A    ,"CARNEY, SEAN PATRICK",41.0,3.246341463414634,0.8726459793948266
MATH   ,135     ,"CARNEY, SEAN PATRICK",38.0,3.53421052631579,0.577779923404402
MGMTMSA,411     ,"CARO, FELIPE",277.0,3.9989169675090253,0.01799268706769257
MGMTMSA,407     ,"CARO, FELIPE",408.0,3.525980392156863,0.390589699481467
MGMTMSA,402     ,"CARO, FELIPE",67.0,3.344776119402985,0.5295121895034166
MGMTMSA,413     ,"CARO, FELIPE",406.0,3.532266009852217,0.3884645639129758
MGMT   ,298E    ,"CARO, FELIPE",38.0,3.621052631578947,0.3798600121213923
MGMT   ,240F    ,"CARO, FELIPE",159.0,3.6201257861635217,0.31757332124490617
NURSING,3       ,"CARPENTER, CATHERINE LOUISE",169.0,3.8059171597633137,0.3101257889499271
NURSING,252B    ,"CARPENTER, CATHERINE LOUISE",136.0,3.758823529411765,0.2621939639665346
NURSING,152B    ,"CARPENTER, CATHERINE LOUISE",97.0,3.5422680412371133,0.34307134647541165
EPIDEM ,M254    ,"CARPENTER, CATHERINE LOUISE",14.0,3.9785714285714286,0.07726181304565687
NURSING,200     ,"CARPENTER, CATHERINE LOUISE",83.0,3.701204819277108,0.2699816932230216
NURSING,13      ,"CARPENTER, CATHERINE LOUISE",43.0,3.8720930232558146,0.3164671123626261
COMM   ,1       ,"CARPENTER, ROBERT MARK",127.0,3.9732283464566924,0.13943012185864923
COMM   ,102     ,"CARPENTER, ROBERT MARK",146.0,3.990410958904109,0.08136571180776712
LAW    ,719     ,"CARPENTER-GOLD, DANIEL",12.0,4.0,0.0
CCAS   ,138A    ,"CARPIO, GENEVIEVE GONZALEZ",99.0,3.7484848484848485,0.5547524038419405
CCAS   ,201     ,"CARPIO, GENEVIEVE GONZALEZ",12.0,3.9166666666666665,0.2763853991962833
CCAS   ,207     ,"CARPIO, GENEVIEVE GONZALEZ",28.0,3.7714285714285714,0.38252650968559676
CCAS   ,291     ,"CARPIO, GENEVIEVE GONZALEZ",12.0,3.975,0.08291561975888495
SOC GEN,180     ,"CARR, DANIELLE JUDITH ZOLA",32.0,3.959375,0.1388780377705561
SOC GEN,108     ,"CARR, DANIELLE JUDITH ZOLA",54.0,3.912962962962963,0.36160460107297693
SOC GEN,188     ,"CARR, DANIELLE JUDITH ZOLA",37.0,3.897297297297298,0.3008874140582176
ENGCOMP,3       ,"CARRASCO, AMANDA",22.0,3.6727272727272733,0.44331583055405854
PHILOS ,C110    ,"CARRIERO, JOHN P",47.0,2.8489361702127662,1.0054896849615396
PHILOS ,100C    ,"CARRIERO, JOHN P",108.0,3.577777777777778,0.5872619034211879
THEATER,106     ,"CARRIGER, MICHELLE LIU",108.0,3.7527777777777778,0.6677017427594081
THEATER,113     ,"CARRIGER, MICHELLE LIU",13.0,3.769230769230769,0.38106049466156416
THEATER,111     ,"CARRIGER, MICHELLE LIU",13.0,4.0,0.0
THEATER,107     ,"CARRIGER, MICHELLE LIU",415.0,3.681927710843374,0.7362137880821233
THEATER,101A    ,"CARRIGER, MICHELLE LIU",126.0,3.537301587301587,0.7736467065175273
FRNCH  ,191B    ,"CARRON, JEAN-CLAUDE",9.0,3.966666666666667,0.09428090415820628
GJ STDS,101     ,"CARTER, REGINA DENISE",16.0,3.98125,0.07261843774138903
MUSC   ,111A    ,"CARTER, REGINA DENISE",14.0,3.2642857142857147,1.210435071048625
GJ STDS,188     ,"CARTER, REGINA DENISE",17.0,3.588235294117647,0.3445070697493253
PHYSICS,1B      ,"CARTER, TROY A",186.0,3.088709677419355,0.7919836614563929
PHYSICS,210B    ,"CARTER, TROY A",53.0,3.79622641509434,0.3386779313581493
PHYSICS,210A    ,"CARTER, TROY A",52.0,3.788461538461539,0.3196475499875101
PHYSICS,M122    ,"CARTER, TROY A",17.0,3.611764705882353,0.48371400512526536
PHYSICS,117     ,"CARTER, TROY A",15.0,3.32,1.0067770358922576
PHYSICS,222A    ,"CARTER, TROY A",10.0,3.88,0.1469693845669906
ANTHRO ,M152P   ,"CARTMILL, ERICA A",84.0,3.3011904761904756,0.8170058645850958
PSYCH  ,M149    ,"CARTMILL, ERICA A",27.0,3.6074074074074076,0.6655134057841838
ANTHRO ,M124R   ,"CARTMILL, ERICA A",60.0,3.6100000000000003,0.49989998999799956
ANTHRO ,4       ,"CARTMILL, ERICA A",279.0,3.225806451612903,0.9042198830746999
ANTHRO ,159     ,"CARTMILL, ERICA A",50.0,3.698,0.45099445672868305
MGMTFT ,415     ,"CARUSO, EUGENE MATTHEW",914.0,3.3565645514223195,0.464194571617216
MGMTFE ,401     ,"CARUSO, EUGENE MATTHEW",49.0,3.516326530612245,0.3856332924358349
MGMTFT ,401B    ,"CARUSO, EUGENE MATTHEW",145.0,3.444827586206896,0.46578536339846766
MGMTEX ,414C    ,"CARUSO, EUGENE MATTHEW",151.0,3.4423841059602656,0.4271322958498638
MGMTEX ,422     ,"CARUSO, EUGENE MATTHEW",127.0,3.4716535433070868,0.48079619625155595
MGMT   ,298D    ,"CARUSO, EUGENE MATTHEW",18.0,3.561111111111111,0.3434124324561243
MGMTFE ,415     ,"CARUSO, EUGENE MATTHEW",176.0,3.3965909090909094,0.45762451451052283
MGMT   ,293C    ,"CARUSO, EUGENE MATTHEW",33.0,3.8999999999999995,0.14142135623730942
MGMT   ,298D    ,"CARUSO, HEATHER MAIIRHE",154.0,3.3376623376623376,0.6479816738307569
MGMTFT ,401B    ,"CARUSO, HEATHER MAIIRHE",76.0,3.2118421052631576,0.44306560796792716
MGMTFE ,401     ,"CARUSO, HEATHER MAIIRHE",69.0,3.3188405797101455,0.41293413248795136
CHEM   ,M230D   ,"CASCIO, DUILIO D",44.0,4.0,0.0
CHEM   ,14BL    ,"CASEY, JENNIFER R",261.0,3.4563218390804593,0.7499733557604835
LAW    ,312     ,"CASEY, TIMOTHY",185.0,3.4697297297297296,0.3729392855918572
MGMT   ,228     ,"CASKEY, JUDSON",49.0,3.43469387755102,0.5113212259284418
MGMT   ,220     ,"CASKEY, JUDSON",92.0,3.5945652173913034,0.588174059278001
EC ENGR,112     ,"CASTANEDA, JUAN JAIME",112.0,3.944642857142857,0.20259005304268207
PSYCH  ,124C    ,"CASTEL, ALAN DAN",56.0,3.9285714285714284,0.2575393768188564
PSYCH  ,124G    ,"CASTEL, ALAN DAN",427.0,3.981264637002342,0.1355888976686663
GENDER ,185     ,"CASTILLO, CELESTINA MARIE",11.0,3.6727272727272733,0.6876718417846344
PSYCH  ,158     ,"CASTRELLON, JAIME",21.0,3.9857142857142858,0.06388765649999395
MGMTFE ,410     ,"CASTRO ALTAMIRANO, FRANCISCO JAVIER",122.0,3.4344262295081966,0.4251847220169171
MGMTFT ,410     ,"CASTRO ALTAMIRANO, FRANCISCO JAVIER",607.0,3.392421746293246,0.46616161976075626
MGMTMSA,406     ,"CASTRO ALTAMIRANO, FRANCISCO JAVIER",408.0,3.4656862745098045,0.4270269078262977
INF STD,433     ,"CASWELL, MICHELLE",80.0,3.9449999999999994,0.23659036328641958
INF STD,298B    ,"CASWELL, MICHELLE",12.0,3.975,0.08291561975888495
INF STD,434     ,"CASWELL, MICHELLE",23.0,3.9130434782608696,0.2472533427497901
INF STD,180     ,"CASWELL, MICHELLE",17.0,3.8882352941176466,0.24942841231899043
INF STD,212     ,"CASWELL, MICHELLE",76.0,3.9289473684210527,0.2543390761384682
INF STD,433     ,"CASWELL, MICHELLE L",35.0,3.991428571428571,0.04997958767010254
INF STD,298B    ,"CASWELL, MICHELLE L",17.0,3.9411764705882355,0.23529411764705882
ETHNMUS,45      ,"CATLIN, AMY R",248.0,3.895161290322581,0.4108124991639164
ANTHRO ,239Q    ,"CATTELINO, JESSICA R",13.0,4.0,0.0
ANTHRO ,3       ,"CATTELINO, JESSICA R",542.0,3.322140221402214,0.9247063135481547
ENGCOMP,3       ,"CAVANAGH, ROBERT LOFTUS",149.0,3.504026845637584,0.6345615401776256
GEOG   ,201     ,"CAVANAUGH, KYLE C",11.0,4.0,0.0
GEOG   ,185     ,"CAVANAUGH, KYLE C",32.0,3.590625,0.4026159576755497
GEOG   ,184     ,"CAVANAUGH, KYLE C",52.0,3.405769230769231,0.7461216289634691
GEOG   ,5       ,"CAVANAUGH, KYLE C",794.0,3.6991183879093197,0.5442502097107517
ARTS ED,M102    ,"CAWELTI, LORA",18.0,3.855555555555556,0.2773329772077486
NURSING,214     ,"CAY, CECILIO VICTOR VALBUENA",23.0,3.917391304347826,0.1735866502406707
ART    ,11B     ,"CEDRE, TAMARA",14.0,3.664285714285714,0.6487428974091166
NEUROSC,179     ,"CEPEDA, CARLOS",70.0,3.8485714285714283,0.22471750973983642
THEATER,101B    ,"CERVERA, FELIPE",131.0,3.7572519083969467,0.5279993254609305
THEATER,113     ,"CERVERA, FELIPE",31.0,3.516129032258064,0.44511453704929915
STATS  ,411     ,"CHA, MARIA",79.0,3.949367088607595,0.4471777653836885
STATS  ,101B    ,"CHA, MARIA",325.0,3.5215384615384617,0.6009459997991136
STATS  ,10      ,"CHA, MARIA",2093.0,3.5148112756808407,0.6889409844842989
STATS  ,101A    ,"CHA, MARIA",624.0,3.6724358974358973,0.5450915846300061
DESMA  ,126     ,"CHAI, HUA",28.0,3.6785714285714284,0.838517885854535
PHYSICS,215A    ,"CHAKRAVARTY, SUDIP",28.0,3.832142857142857,0.34231728330450917
PHYSICS,241A    ,"CHAKRAVARTY, SUDIP",23.0,3.9478260869565216,0.11371040722280011
PHYSICS,10      ,"CHAKRAVARTY, SUDIP",183.0,3.7322404371584708,0.4517106611814088
A&O SCI,271     ,"CHAMECKI, MARCELO",1.0,4.0,0.0
A&O SCI,104     ,"CHAMECKI, MARCELO",91.0,3.485714285714286,0.7367244745048042
A&O SCI,200A    ,"CHAMECKI, MARCELO",27.0,3.714814814814815,0.35350488885896325
A&O SCI,180     ,"CHAMECKI, MARCELO",42.0,3.7452380952380957,0.6626794028259104
A&O SCI,3L      ,"CHAMECKI, MARCELO",54.0,3.6722222222222225,0.7278625904779583
A&O SCI,3       ,"CHAMECKI, MARCELO",250.0,3.454,0.9236471187634377
MATH   ,74XP    ,"CHAN, HELEN HSU",1.0,4.0,0.0
ENGR   ,200     ,"CHANCE, JAY FRANK",195.0,3.56,0.32048040861758204
PSYCH  ,M117A   ,"CHANDLER, SCOTT H",60.0,3.0600000000000005,0.8418630134014283
CLUSTER,73B     ,"CHANDLER, SCOTT H",138.0,3.795652173913043,0.4368645804201903
CLUSTER,73A     ,"CHANDLER, SCOTT H",153.0,3.542483660130719,0.7837977605681014
NEUROSC,M145    ,"CHANDLER, SCOTT H",68.0,3.326470588235294,0.7072352231751852
PHYSCI ,M180A   ,"CHANDLER, SCOTT H",20.0,3.345,0.7426136276691939
NEUROSC,M101A   ,"CHANDLER, SCOTT H",606.0,3.066996699669968,0.8450984026846405
PHYSCI ,M145    ,"CHANDLER, SCOTT H",25.0,3.588,0.7106729205478425
MCD BIO,M175A   ,"CHANDLER, SCOTT H",60.0,3.0533333333333332,0.901011776960891
CHEM   ,153B    ,"CHANFREAU, GUILLAUME",243.0,2.988477366255144,1.019779159150809
CHEM   ,258     ,"CHANFREAU, GUILLAUME",33.0,4.0,0.0
CHEM   ,CM259   ,"CHANFREAU, GUILLAUME",11.0,3.736363636363636,0.31413004623947266
CHEM   ,268     ,"CHANFREAU, GUILLAUME",82.0,3.8536585365853657,0.45564083040215536
CHEM   ,C159    ,"CHANFREAU, GUILLAUME",61.0,3.501639344262295,0.6547410458651219
ORL BIO,212     ,"CHANG, CHUNGYU JULIE",26.0,3.8499999999999996,0.23411042759281853
CH ENGR,104C    ,"CHANG, JANE PEI-CHEN",30.0,3.5033333333333325,0.5016528237292756
CH ENGR,104CL   ,"CHANG, JANE PEI-CHEN",12.0,3.9,0.14142135623730942
CH ENGR,104A    ,"CHANG, JANE PEI-CHEN",47.0,3.608510638297872,0.3286528189727597
CH ENGR,C216    ,"CHANG, JANE PEI-CHEN",18.0,3.861111111111111,0.1947616460328678
CH ENGR,C116    ,"CHANG, JANE PEI-CHEN",59.0,3.5406779661016947,0.4457401553872804
THEATER,163A    ,"CHANG, JENNIFER M",13.0,3.676923076923077,0.29911110915728595
THEATER,167A    ,"CHANG, JENNIFER M",41.0,3.9365853658536585,0.1972445523820071
THEATER,15      ,"CHANG, JENNIFER M",35.0,3.708571428571428,0.621689600350266
THEATER,136     ,"CHANG, JENNIFER M",28.0,3.910714285714285,0.16974620911880206
THEATER,115A    ,"CHANG, JENNIFER M",14.0,3.4499999999999997,1.0907075030194195
THEATER,116B    ,"CHANG, JENNIFER M",20.0,3.6350000000000007,0.48915743886810104
THEATER,116A    ,"CHANG, JENNIFER M",18.0,3.4055555555555554,0.47547896579510246
THEATER,130     ,"CHANG, JENNIFER M",15.0,3.913333333333333,0.1927577639306795
THEATER,126B    ,"CHANG, JENNIFER M",20.0,3.5100000000000002,0.561159513863928
THEATER,150     ,"CHANG, JENNIFER M",23.0,4.0,0.0
COM SCI,263     ,"CHANG, KAI-WEI",202.0,3.84950495049505,0.36209614236018345
COM SCI,269     ,"CHANG, KAI-WEI",56.0,4.0,0.0
COM SCI,M146    ,"CHANG, KAI-WEI",415.0,3.3749397590361445,0.7794334882695807
LING   ,165B    ,"CHANG, KALEN WEI",24.0,3.595833333333333,0.8791469192095003
EC ENGR,188     ,"CHANG, MAU-CHUNG FRANK",19.0,3.9210526315789473,0.13210421471590658
EC ENGR,115A    ,"CHANG, MAU-CHUNG FRANK",156.0,3.276282051282051,0.8767738195814725
EC ENGR,163DB   ,"CHANG, MAU-CHUNG FRANK",45.0,3.7577777777777777,0.31445818580104407
EC ENGR,100     ,"CHANG, MAU-CHUNG FRANK",173.0,3.1838150289017344,0.7316727295223824
EC ENGR,221C    ,"CHANG, MAU-CHUNG FRANK",23.0,3.8739130434782605,0.21511855438005184
EDUC   ,299C    ,"CHANG, MITCHELL",12.0,3.9250000000000003,0.12990381056766573
EDUC   ,C101    ,"CHANG, MITCHELL J",72.0,3.8250000000000006,0.5379358697837503
EDUC   ,261E    ,"CHANG, MITCHELL J",11.0,4.0,0.0
HUM GEN,403     ,"CHANG, VIVIAN YOO-JUNG",40.0,3.6525000000000007,0.3478415587591569
MATH   ,31A     ,"CHAPOUTO, ANDREIA",192.0,3.1520833333333336,1.1936881892083693
MATH   ,131A    ,"CHAPOUTO, ANDREIA",103.0,2.822330097087378,1.120846770646605
EDUC   ,130AX   ,"CHATMON, JENNIFER CRISTINA",74.0,3.8945945945945946,0.3178865562956135
MECH&AE,101     ,"CHATTERJEE, AMIYA K",54.0,2.6222222222222222,1.1337689794510308
MECH&AE,82      ,"CHATTERJEE, AMIYA K",185.0,3.066486486486487,0.9376572768001664
CCAS   ,165     ,"CHAVEZ MORENO, LAURA CAROLINA",75.0,2.7560000000000002,0.9725896702446858
CCAS   ,89      ,"CHAVEZ MORENO, LAURA CAROLINA",16.0,3.9625,0.09921567416492208
CCAS   ,10B     ,"CHAVEZ MORENO, LAURA CAROLINA",396.0,3.717676767676768,0.6434523806995635
CCAS   ,291     ,"CHAVEZ MORENO, LAURA CAROLINA",19.0,3.7526315789473683,0.5295165829644517
CCAS   ,180     ,"CHAVEZ MORENO, LAURA CAROLINA",17.0,2.9823529411764707,1.1753524097891797
CCAS   ,191     ,"CHAVEZ MORENO, LAURA CAROLINA",50.0,3.016,0.9867846776272926
CH ENGR,108A    ,"CHAVEZ, STEVEN",76.0,3.9276315789473686,0.2239588097763834
CH ENGR,106     ,"CHAVEZ, STEVEN",56.0,3.3214285714285716,0.6880911187881311
CH ENGR,108B    ,"CHAVEZ, STEVEN",76.0,3.8684210526315788,0.3014048363020414
PSYCH  ,129C    ,"CHAVIRA, DENISE A",88.0,3.584090909090909,0.4907985986764937
PSYCH  ,127A    ,"CHAVIRA, DENISE A",609.0,3.2101806239737276,0.7751443322684406
ASIA AM,135     ,"CHEA, JOLIE",49.0,3.8775510204081627,0.37212314514421163
ASIA AM,171F    ,"CHEA, JOLIE",89.0,3.8707865168539324,0.507738375342787
ASIA AM,107     ,"CHEA, JOLIE",27.0,3.781481481481481,0.769336913643237
ASIA AM,186     ,"CHEA, JOLIE",21.0,3.847619047619048,0.4294171549560189
ASIA AM,200C    ,"CHEA, JOLIE",10.0,4.0,0.0
ASIA AM,30W     ,"CHEA, JOLIE",124.0,3.891129032258064,0.24096984712126146
ASIA AM,297A    ,"CHEA, JOLIE",16.0,3.925,0.12990381056766573
LAW    ,541     ,"CHEER, SHIU-MING",18.0,3.966666666666667,0.09428090415820628
ANTHRO ,114P    ,"CHEETHAM, DAVID T",50.0,3.1619999999999995,0.8930599084048059
MUSC   ,C175E   ,"CHEN, CHEYEN BRIAN",217.0,4.0,0.0
MUSC   ,C485E   ,"CHEN, CHEYEN BRIAN",12.0,4.0,0.0
A&O SCI,3L      ,"CHEN, GANG",9.0,3.744444444444444,0.5251689910265099
A&O SCI,C227    ,"CHEN, GANG",11.0,3.9454545454545453,0.11570838237598043
A&O SCI,3       ,"CHEN, GANG",97.0,3.418556701030928,0.8518421393017298
A&O SCI,200B    ,"CHEN, GANG",62.0,3.6951612903225812,0.410124850917706
A&O SCI,C110    ,"CHEN, GANG",41.0,3.595121951219512,0.880950489877669
CH ENGR,45      ,"CHEN, IRENE",310.0,3.1561290322580646,0.7203568892339445
CHEM   ,153B    ,"CHEN, IRENE",79.0,3.9291139240506325,0.2111762709232681
CH ENGR,104B    ,"CHEN, IRENE",39.0,3.8051282051282054,0.337371983659457
CH ENGR,CM145   ,"CHEN, IRENE",28.0,3.417857142857143,0.41666496598292385
MCD BIO,138     ,"CHEN, JAU-NIAN",513.0,3.917153996101365,0.2854122043337787
BIOENGR,132     ,"CHEN, JUN",30.0,3.9566666666666666,0.14302291968616623
BIOENGR,167L    ,"CHEN, JUN",140.0,3.9735714285714283,0.09607342005370852
BIOENGR,188     ,"CHEN, JUN",12.0,4.0,0.0
BIOENGR,C166    ,"CHEN, JUN",86.0,3.9755813953488377,0.08203239081142913
BIOENGR,C266    ,"CHEN, JUN",98.0,3.9816326530612245,0.07192249055798403
MGMTMSA,409     ,"CHEN, KEITH",406.0,3.667733990147783,0.3624876939339277
MGMT   ,298D    ,"CHEN, KEITH",28.0,3.6785714285714284,0.3579277090390729
EPIDEM ,M254    ,"CHEN, LIWEI",12.0,3.9499999999999997,0.11180339887498941
EPIDEM ,241     ,"CHEN, LIWEI",49.0,3.8693877551020406,0.23141453364184958
EPIDEM ,200A    ,"CHEN, LIWEI",131.0,3.6404580152671753,0.6516893637794287
STATS  ,102A    ,"CHEN, MILES SATORI",685.0,3.4537226277372266,0.8416554831174737
STATS  ,21      ,"CHEN, MILES SATORI",347.0,3.7884726224783867,0.5026554571637172
STATS  ,10      ,"CHEN, MILES SATORI",30.0,3.4466666666666668,0.9083807327082382
STATS  ,401     ,"CHEN, MILES SATORI",148.0,3.9283783783783783,0.2452358325909155
STATS  ,101C    ,"CHEN, MILES SATORI",206.0,3.89368932038835,0.3573214546102442
STATS  ,102B    ,"CHEN, MILES SATORI",415.0,3.5168674698795175,0.7569149937324349
STATS  ,15      ,"CHEN, MILES SATORI",180.0,3.654444444444444,0.578534760525072
STATS  ,102C    ,"CHEN, MILES SATORI",223.0,3.6412556053811658,0.601420025251498
NURSING,C155    ,"CHEN, WEI-TI",45.0,3.92,0.1326649916142159
EC ENGR,209AS   ,"CHEN, XIANG",133.0,3.797744360902256,0.23570918918594758
EC ENGR,188     ,"CHEN, XIANG",66.0,3.6787878787878787,0.8382006615029515
EC ENGR,M119    ,"CHEN, XIANG",135.0,3.8192592592592596,0.44213225711842885
MECH&AE,M183B   ,"CHEN, YONG",60.0,3.7749999999999995,0.5699780697535652
MECH&AE,M287    ,"CHEN, YONG",61.0,3.8442622950819674,0.2877411121038017
MECH&AE,C187L   ,"CHEN, YONG",31.0,3.803225806451613,0.3207691069588659
LIFESCI,7A      ,"CHEN, YVONNE YU-HSUAN",928.0,3.455711206896552,0.7709080870424885
MUSC   ,110B    ,"CHEN-HAFTECK, LILY",48.0,3.7708333333333335,0.5396597436245257
EDUC   ,405A    ,"CHEN-HAFTECK, LILY",10.0,3.5400000000000005,0.4737087712930804
EDUC   ,405C    ,"CHEN-HAFTECK, LILY",11.0,3.8454545454545452,0.3340213285613425
MUSC   ,110A    ,"CHEN-HAFTECK, LILY",47.0,3.6765957446808515,0.6216699425166868
EDUC   ,405B    ,"CHEN-HAFTECK, LILY",11.0,3.5181818181818185,0.77085334275273
MGMTMSA,413     ,"CHENG, DANQIAO",117.0,3.5452991452991456,0.3919043417419518
MIMG   ,C185B   ,"CHENG, GENHONG",28.0,3.596428571428571,0.4161748798428912
MUSC   ,C175G   ,"CHENG, GLORIA",10.0,3.97,0.08999999999999996
MSC IND,188     ,"CHENG, GLORIA",13.0,3.430769230769231,0.5756395979652218
MUSC   ,261F    ,"CHENG, GLORIA",16.0,3.7375,0.5158427570490838
MUSC   ,C175G   ,"CHENG, GLORIA C",116.0,3.9189655172413795,0.46385078477359215
MUSC   ,261F    ,"CHENG, GLORIA C",53.0,3.762264150943397,0.32864869992155477
ECON   ,425T    ,"CHENG, GUANG",117.0,3.4367521367521365,0.3624697548474838
STATS  ,400     ,"CHENG, GUANG",69.0,3.898550724637681,0.246419433653443
STATS  ,C163    ,"CHENG, GUANG",7.0,3.857142857142857,0.2498979383505129
STATS  ,C263    ,"CHENG, GUANG",17.0,3.864705882352941,0.23499981594633154
STATS  ,414     ,"CHENG, GUANG",29.0,3.713793103448276,0.25827563187688285
STATS  ,100A    ,"CHENG, GUANG",342.0,3.2847953216374264,0.7179831557271643
STATS  ,C161    ,"CHENG, GUANG",13.0,4.0,0.0
PSYCH  ,124F    ,"CHENG, PATRICIA",80.0,3.01625,0.7015061920610537
PSYCH  ,121     ,"CHENG, PATRICIA",125.0,3.5791999999999997,0.47904839004008776
EDUC   ,414C    ,"CHERIAN, ANCY",57.0,3.9701754385964914,0.13372518596603164
MATH   ,115B    ,"CHERNIKOV, ARTEM",71.0,3.3605633802816905,0.8229933125255716
MATH   ,220A    ,"CHERNIKOV, ARTEM",18.0,3.6666666666666665,0.4714045207910317
MGMTMFE,400     ,"CHERNOV, MIKHAIL",262.0,3.5080152671755727,0.444101150446587
MGMTMFE,431     ,"CHERNOV, MIKHAIL",71.0,3.966197183098592,0.09485891966469141
MUSC   ,C158F   ,"CHERNOV, VLADIMIR",11.0,3.972727272727273,0.0862439361864103
THEATER,20      ,"CHESLEY, LORENE",36.0,3.7861111111111105,0.46257298389778323
ECON   ,231C    ,"CHETVERIKOV, DENIS NIKOLAYEVICH",24.0,4.0,0.0
ECON   ,434     ,"CHETVERIKOV, DENIS NIKOLAYEVICH",193.0,3.7466321243523324,0.43523747838963617
ECON   ,41      ,"CHETVERIKOV, DENIS NIKOLAYEVICH",1472.0,2.930366847826087,0.8843800802213028
ENGL   ,100     ,"CHEUNG, KING-KOK",78.0,3.8128205128205126,0.44588114271112433
DS BMED,206     ,"CHIANG, JEFFREY NIEN-JAY",42.0,3.8761904761904766,0.611714812096183
BIOMATH,268     ,"CHIANG, JEFFREY NIEN-JAY",8.0,4.0,0.0
DS BMED,208     ,"CHIANG, JEFFREY NIEN-JAY",18.0,4.0,0.0
ENGCOMP,5W      ,"CHICHESTER, TEDDI LYNN",288.0,3.773958333333333,0.6643048985698425
ENGCOMP,3       ,"CHICHESTER, TEDDI LYNN",264.0,3.8299242424242426,0.4851335277171999
CHIN   ,1       ,"CHIEF, LIANCHENG",241.0,3.7950207468879666,0.5992181105139488
CHIN   ,2       ,"CHIEF, LIANCHENG",180.0,3.7916666666666674,0.43993370712718377
CHIN   ,3       ,"CHIEF, LIANCHENG",186.0,3.8059139784946243,0.3946108374467282
CHIN   ,C120    ,"CHIEF, LIANCHENG",37.0,3.113513513513514,0.9115363218400028
MSC IND,188     ,"CHIEFFO, MONICA CHRISTINE",26.0,3.7500000000000004,0.3488993683438954
MSC IND,131     ,"CHIEFFO, MONICA CHRISTINE",20.0,3.9850000000000003,0.06538348415311006
MECH&AE,M183B   ,"CHIOU, PEI-YU",183.0,3.579234972677596,0.6149374347142784
MECH&AE,M280B   ,"CHIOU, PEI-YU",97.0,3.672164948453608,0.37656676631513647
MECH&AE,C286    ,"CHIOU, PEI-YU",40.0,3.675,0.38778215533982485
ENGL   ,148     ,"CHISM, CHRISTINE N",137.0,3.797810218978102,0.40570154671268077
CLUSTER,M27A    ,"CHISM, CHRISTINE N",95.0,3.7568421052631575,0.6023904366996099
ENGL   ,146     ,"CHISM, CHRISTINE N",44.0,3.709090909090909,0.39532390736652545
CLUSTER,M27B    ,"CHISM, CHRISTINE N",89.0,3.7606741573033715,0.5379148208598591
ENGL   ,144     ,"CHISM, CHRISTINE N",31.0,3.8096774193548386,0.30517561174878227
CLUSTER,27B     ,"CHISM, CHRISTINE N",105.0,3.7352380952380955,0.476091418268333
CLUSTER,27A     ,"CHISM, CHRISTINE N",115.0,3.867826086956522,0.48857340262672233
CHIN   ,103     ,"CHIU, HSIN-FU",14.0,3.4642857142857144,0.5613849492322446
COM SCI,143     ,"CHO, JUNGHOO",295.0,3.1955932203389827,0.7202736560607038
THEATER,298A    ,"CHO, MYUNG HEE A",10.0,3.7900000000000005,0.13747727084867511
THEATER,443A    ,"CHO, MYUNG HEE A",32.0,3.6968750000000004,0.37289775324477353
THEATER,242     ,"CHO, MYUNG HEE A",21.0,3.857142857142857,0.2871393034605969
THEATER,C455H   ,"CHO, MYUNG HEE A",10.0,3.5,0.4753945729601885
THEATER,443C    ,"CHO, MYUNG HEE A",10.0,3.6700000000000004,0.27221315177632405
PSYCH  ,121     ,"CHO, SOOKYUNG",101.0,3.8227722772277226,0.43324270931204595
DGT HUM,110     ,"CHO, SOOKYUNG",121.0,3.580165289256198,0.694085977801229
ECON   ,101     ,"CHO, SUNGWOO",25.0,3.1120000000000005,0.6488882800605972
PHYSCI ,111B    ,"CHOE, RONNY",225.0,3.596,0.5172852211304707
PHYSCI ,121     ,"CHOE, RONNY",114.0,3.8245614035087723,0.5617268805521703
PHYSCI ,111A    ,"CHOE, RONNY",431.0,3.52969837587007,0.5567553099416065
GENDER ,185     ,"CHOI, DA IN",14.0,3.8142857142857145,0.5914354726995558
DESMA  ,156     ,"CHOI, EUNICE",19.0,3.9842105263157896,0.06698906348083078
KOREA  ,102B    ,"CHOI, JANE BOYUN",48.0,3.96875,0.09164298936634482
KOREA  ,2A      ,"CHOI, JANE BOYUN",68.0,3.908823529411765,0.2588068176422937
KOREA  ,1A      ,"CHOI, JANE BOYUN",73.0,3.947945205479452,0.14345023388025632
KOREA  ,102A    ,"CHOI, JANE BOYUN",47.0,3.9510638297872336,0.18203616711665904
KOREA  ,3       ,"CHOI, JANE BOYUN",137.0,3.9109489051094886,0.32793956006182867
KOREA  ,1       ,"CHOI, JANE BOYUN",172.0,3.888372093023256,0.43852782379736915
KOREA  ,2       ,"CHOI, JANE BOYUN",150.0,3.836,0.497363716676907
KOREA  ,3A      ,"CHOI, JANE BOYUN",50.0,3.8960000000000004,0.2607374158037162
KOREA  ,155     ,"CHOI, JIN AENG",13.0,3.5846153846153843,0.5347122214456236
NURSING,252A    ,"CHOI, KRISTEN R",70.0,4.0,0.0
NURSING,267     ,"CHOI, KRISTEN R",210.0,3.988571428571429,0.05742786069211934
NURSING,239A    ,"CHOI, SARAH EUNKYUNG",126.0,3.6841269841269835,0.3871779662194443
PSYCH  ,127C    ,"CHORPITA, BRUCE FREDERICK",209.0,3.850239234449761,0.3968927641213104
PSYCH  ,270C    ,"CHORPITA, BRUCE FREDERICK",22.0,3.9681818181818183,0.14580922665768584
BIOMATH,M203    ,"CHOU, TOM",9.0,3.3666666666666663,0.7023769168568493
M PHARM,237     ,"CHOW, SAMSON",25.0,3.76,0.37309516212355265
M PHARM,237     ,"CHOW, SAMSON A",10.0,3.4800000000000004,0.47497368348151664
ART HIS,23      ,"CHOWDHURY, ZIRWAT",779.0,3.8200256739409504,0.45547250006327616
ART HIS,127A    ,"CHOWDHURY, ZIRWAT",34.0,3.511764705882353,0.7691724758322119
ART HIS,100     ,"CHOWDHURY, ZIRWAT",14.0,3.407142857142857,0.5909608226249444
ART HIS,185     ,"CHOWDHURY, ZIRWAT",12.0,4.0,0.0
PSYCH  ,272G    ,"CHRISTENSEN, ANDREW",12.0,3.975,0.08291561975888495
PUB PLC,291A    ,"CHRISTENSEN, DARIN EUGENE",24.0,3.845833333333333,0.32272171534552113
PUB AFF,30      ,"CHRISTENSEN, DARIN EUGENE",578.0,3.661245674740484,0.5476465898686734
PUB PLC,202     ,"CHRISTENSEN, DARIN EUGENE",215.0,3.5772093023255813,0.5279108697735772
ENVIRON,150     ,"CHRISTENSEN, JON ALLAN",431.0,3.9208816705336424,0.31101982153169655
ENGCOMP,3       ,"CHRISTENSEN, TAMAR S",159.0,3.483647798742139,0.4347882031686823
ENGCOMP,134     ,"CHRISTENSEN, TAMAR S",48.0,3.8791666666666664,0.2668944339788466
ENGCOMP,2       ,"CHRISTENSEN, TAMAR S",57.0,3.422807017543859,0.7516105616886861
ENGCOMP,3D      ,"CHRISTENSEN, TAMAR S",42.0,3.7095238095238097,0.3865657855733792
ENGCOMP,3DX     ,"CHRISTENSEN, TAMAR S",17.0,3.4705882352941178,0.9118595776068574
ENGCOMP,100W    ,"CHRISTENSEN, TAMAR S",50.0,3.5839999999999996,0.9464375309548961
EDUC   ,477     ,"CHRISTIE, CHRISTINA A",26.0,3.7115384615384617,0.3640867638319651
CH ENGR,109     ,"CHRISTOFIDES, PANAGIOTIS D",288.0,3.5756944444444443,0.5476904194202153
CH ENGR,107     ,"CHRISTOFIDES, PANAGIOTIS D",295.0,3.5762711864406778,0.5542865266056523
MOL BIO,254B    ,"CHRISTOFK, HEATHER R",13.0,3.923076923076923,0.1967186438852988
STATS  ,100C    ,"CHRISTOU, NICOLAS",658.0,3.5024316109422493,0.45502281151690444
STATS  ,12      ,"CHRISTOU, NICOLAS",76.0,3.3973684210526316,0.5700816387082149
STATS  ,100B    ,"CHRISTOU, NICOLAS",406.0,3.4938423645320205,0.48003131545870004
STATS  ,C173    ,"CHRISTOU, NICOLAS",97.0,3.617525773195876,0.3558090271040521
STATS  ,C183    ,"CHRISTOU, NICOLAS",143.0,3.6195804195804198,0.37421409325229216
STATS  ,403     ,"CHRISTOU, NICOLAS",139.0,3.7935251798561156,0.23785874324917208
MED    ,185     ,"CHU, GRANT",51.0,3.635294117647059,0.9529774865994463
HLT ADM,418     ,"CHU, JUN",71.0,3.9338028169014088,0.21685567471024803
THEATER,242     ,"CHU, REGINALD LAP-CHI",23.0,3.6956521739130435,0.3470099119866942
THEATER,72      ,"CHU, REGINALD LAP-CHI",17.0,3.9588235294117644,0.16470588235294123
COMPTNG,10A     ,"CHU, WEIQI",583.0,3.3137221269296737,0.9310078853851538
COMPTNG,10C     ,"CHU, WEIQI",104.0,3.1500000000000004,0.9865440845543755
ASIA AM,M119XP  ,"CHUN, JENNIFER JEEHAE",21.0,3.7047619047619045,0.49326530143156416
ASIA AM,M119    ,"CHUN, JENNIFER JEEHAE",69.0,3.681159420289855,0.5703483203001734
ASIA AM,200B    ,"CHUN, JENNIFER JEEHAE",14.0,4.0,0.0
LBR STD,M119    ,"CHUN, JENNIFER JEEHAE",26.0,3.3461538461538463,1.0012418324763461
INTL DV,110     ,"CHUN, JENNIFER JEEHAE",305.0,3.6150819672131145,0.6032442969527073
INTL DV,191     ,"CHUN, JENNIFER JEEHAE",25.0,3.804,0.4228285704632553
PSYCH  ,277A    ,"CHUNG, ANNA SHAN-LAI",22.0,3.972727272727273,0.0862439361864103
PSYCH  ,295     ,"CHUNG, ANNA SHAN-LAI",14.0,4.0,0.0
PSYCH  ,273B    ,"CHUNG, ANNA SHAN-LAI",12.0,4.0,0.0
ASIA AM,M117    ,"CHUNG, ANNA SHAN-LAI",31.0,3.129032258064516,0.9426091272109308
PSYCH  ,M107    ,"CHUNG, ANNA SHAN-LAI",101.0,3.4594059405940594,0.7346014232587753
PSYCH  ,277B    ,"CHUNG, ANNA SHAN-LAI",22.0,3.9681818181818183,0.14580922665768586
HLT POL,200B    ,"CHUONG, LINH HONG",31.0,3.8806451612903223,0.29118152506830347
LAW    ,700     ,"CHURG, EMILY",18.0,3.9833333333333334,0.06871842709362763
LAW    ,108B    ,"CHURG, EMILY",97.0,3.453608247422681,0.40078836116764166
POL SCI,204A    ,"CHWE, MICHAEL S Y",19.0,4.0,0.0
POL SCI,269     ,"CHWE, MICHAEL S Y",25.0,4.0,0.0
POL SCI,30      ,"CHWE, MICHAEL S Y",887.0,3.7581736189402486,0.6304006718433303
POL SCI,172     ,"CHWE, MICHAEL S Y",149.0,3.440268456375839,1.0241329259812055
ITALIAN,114B    ,"CIAVOLELLA, MASSIMO",18.0,3.7944444444444443,0.1870003631078537
ITALIAN,116A    ,"CIAVOLELLA, MASSIMO",26.0,3.5269230769230777,0.7573017345548361
ITALIAN,140     ,"CIAVOLELLA, MASSIMO",23.0,3.8173913043478267,0.24074553391142836
ITALIAN,110     ,"CIAVOLELLA, MASSIMO",68.0,3.635294117647059,0.2993938513074243
INF STD,280     ,"CICCONE, PATRICIA",28.0,3.942857142857143,0.19717391059774655
INF STD,C115    ,"CICCONE, PATRICIA",23.0,3.821739130434783,0.4117370644087553
INF STD,438A    ,"CICCONE, PATRICIA",9.0,3.9000000000000004,0.14142135623730942
MSC IND,104B    ,"CIMINO, MARC DAVID",40.0,3.6225,0.43731424628063514
ASTR   ,5       ,"CIURLO, ANNA",37.0,3.3810810810810814,0.8478391732493424
ASTR   ,81      ,"CIURLO, ANNA",32.0,3.403125,0.7286478809239755
MCD BIO,120     ,"CLARK, AMANDER THERESE",92.0,3.965217391304347,0.1237412997457192
MCD BIO,144     ,"CLARK, AMANDER THERESE",98.0,3.837755102040816,0.3903204612545557
PSYCH  ,120A    ,"CLARK, COURTNEY MCCAULEY",315.0,3.84952380952381,0.3622129014006032
PSYCH  ,10      ,"CLARK, COURTNEY MCCAULEY",854.0,3.5202576112412176,0.7598683659927213
PSYCH  ,100B    ,"CLARK, COURTNEY MCCAULEY",126.0,3.628571428571429,0.6100815900232205
PSYCH  ,121     ,"CLARK, COURTNEY MCCAULEY",26.0,3.9615384615384617,0.1923076923076923
ECON   ,145     ,"CLARK, DANIEL",124.0,3.403225806451613,0.7258960518171348
BMD RES,5HA     ,"CLARK, IRA E",85.0,3.890588235294118,0.5270614495732899
BMD RES,193H    ,"CLARK, IRA E",71.0,3.9957746478873237,0.03535183210707359
BMD RES,194H    ,"CLARK, IRA E",80.0,4.0,0.0
NURSING,M172    ,"CLARK, LAUREN",45.0,3.8977777777777773,0.2525328483706087
DIS STD,M172XP  ,"CLARK, LAUREN",24.0,3.975,0.08291561975888495
DIS STD,M172    ,"CLARK, LAUREN",67.0,3.9029850746268657,0.26652554370805626
CHEM   ,C264    ,"CLARKE, CATHERINE FREITAG",10.0,4.0,0.0
CHEM   ,153A    ,"CLARKE, CATHERINE FREITAG",200.0,2.8935000000000004,0.9714976839910634
CHEM   ,269E    ,"CLARKE, CATHERINE FREITAG",22.0,3.8,0.21320071635561044
CHEM   ,153C    ,"CLARKE, CATHERINE FREITAG",303.0,3.2937293729372943,0.8371689007274167
CHEM   ,258     ,"CLARKE, CATHERINE FREITAG",13.0,3.8153846153846156,0.34383840982503094
CHEM   ,C164    ,"CLARKE, CATHERINE FREITAG",72.0,3.9722222222222223,0.16433554953054488
CHEM   ,268     ,"CLARKE, STEVEN G",34.0,4.0,0.0
CHEM   ,C250    ,"CLARKE, STEVEN G",25.0,3.884,0.3966661064421814
CHEM   ,153A    ,"CLARKE, STEVEN G",200.0,2.8935000000000004,0.9714976839910634
CHEM   ,153C    ,"CLARKE, STEVEN G",85.0,3.0694117647058823,0.7808025327544151
CHEM   ,C150    ,"CLARKE, STEVEN G",68.0,3.9323529411764704,0.48307872226285664
CHEM   ,C165    ,"CLARKE, STEVEN G",56.0,3.6928571428571426,0.6760856726293598
PHILOS ,C133B   ,"CLATTERBUCK, HAYLEY",33.0,3.7515151515151515,0.3924447169105958
PHILOS ,171     ,"CLATTERBUCK, HAYLEY",51.0,3.5941176470588236,0.8411970380044173
PHILOS ,125     ,"CLATTERBUCK, HAYLEY",36.0,3.5972222222222223,0.9485328176572698
LAW    ,224     ,"CLAUSING, KIMBERLY ANNE",32.0,3.640625,0.38067323175526807
LAW    ,220     ,"CLAUSING, KIMBERLY ANNE",98.0,3.5295918367346935,0.38682622362024516
LAW    ,488     ,"CLAUSING, KIMBERLY ANNE",11.0,3.5999999999999996,0.3541956316141484
COMM   ,M125    ,"CLAYMAN, STEVEN E",75.0,3.3533333333333335,0.6304143258383508
SOCIOL ,CM125   ,"CLAYMAN, STEVEN E",323.0,3.2814241486068116,0.5569391829764645
COMM   ,M144A   ,"CLAYMAN, STEVEN E",17.0,3.5176470588235293,0.41901185455313245
SOCIOL ,C244A   ,"CLAYMAN, STEVEN E",5.0,3.88,0.1469693845669906
SOCIOL ,CM124A  ,"CLAYMAN, STEVEN E",290.0,3.300344827586207,0.6560329194779507
I E STD,M150    ,"CLAYTON, JOHN BUNYAN",12.0,3.6666666666666665,0.483620604284897
LING   ,M4      ,"CLAYTON, JOHN BUNYAN",26.0,3.8500000000000005,0.3319522671895881
I E STD,M70     ,"CLAYTON, JOHN BUNYAN",74.0,3.925675675675676,0.2493563665047182
THEATER,C151A   ,"CLEMENT, SARA RYUNG",11.0,3.7363636363636363,0.5645154435003645
PSYCH  ,120A    ,"CLEWETT, DAVID",1127.0,3.685181898846496,0.6523471632449492
PSYCH  ,262     ,"CLEWETT, DAVID",29.0,3.9172413793103447,0.24784445277332984
PSYCH  ,124C    ,"CLEWETT, DAVID",257.0,3.7486381322957194,0.5018333057073178
MECH&AE,162D    ,"CLITES, TYLER ROY",100.0,3.8989999999999996,0.1846591454545374
MECH&AE,298     ,"CLITES, TYLER ROY",18.0,3.8000000000000003,0.33665016461206926
MECH&AE,162E    ,"CLITES, TYLER ROY",100.0,3.9779999999999998,0.09442457307290299
MECH&AE,82      ,"CLITES, TYLER ROY",163.0,3.522699386503067,0.7015583542054445
MECH&AE,263E    ,"CLITES, TYLER ROY",108.0,3.7925925925925927,0.3790103349767713
CHEM   ,269A    ,"CLUBB, ROBERT THOMPSON",76.0,3.9881578947368417,0.05841571810637658
CHEM   ,268     ,"CLUBB, ROBERT THOMPSON",72.0,3.875,0.551198189805123
CHEM   ,156     ,"CLUBB, ROBERT THOMPSON",375.0,3.050933333333333,0.940520669038639
CHEM   ,M230B   ,"CLUBB, ROBERT THOMPSON",17.0,3.6529411764705877,0.40601021004087995
CHEM   ,269E    ,"CLUBB, ROBERT THOMPSON",21.0,3.9857142857142858,0.06388765649999395
DANCE  ,65      ,"COAD, GRACELYNN WHYTE",213.0,3.887793427230047,0.353442247215048
DANCE  ,C174B   ,"COAD, GRACELYNN WHYTE",14.0,4.0,0.0
DANCE  ,C115    ,"COAD, GRACELYNN WHYTE",244.0,3.9381147540983608,0.21724365699285228
STATS  ,C155    ,"COCHRAN, SUSAN D",43.0,3.4186046511627906,0.8675696645048537
EPIDEM ,413     ,"COCHRAN, SUSAN D",53.0,4.0,0.0
EPIDEM ,410     ,"COCHRAN, SUSAN D",37.0,4.0,0.0
MGMT   ,231E    ,"COCKRUM, WILLIAM M",70.0,3.4642857142857144,0.48874057222495404
MGMT   ,457D    ,"COCKRUM, WILLIAM M",23.0,4.0,0.0
MGMT   ,293C    ,"COCKRUM, WILLIAM M",52.0,4.0,0.0
MGMT   ,596     ,"COCKRUM, WILLIAM M",12.0,4.0,0.0
EPS SCI,121F    ,"COFFEY, KEVIN",20.0,3.5200000000000005,0.4178516483155236
EPS SCI,111     ,"COFFEY, KEVIN",15.0,3.5466666666666673,0.38447655614123244
EPS SCI,61      ,"COFFEY, KEVIN",113.0,3.1831858407079645,0.800321025729234
EPS SCI,103B    ,"COFFEY, KEVIN",17.0,3.452941176470588,0.8037541671715767
EPS SCI,133     ,"COFFEY, KEVIN",76.0,3.7447368421052634,0.35071158372435995
EPS SCI,1       ,"COFFEY, KEVIN",1077.0,3.3663881151346335,0.7976306893484052
EPS SCI,112     ,"COFFEY, KEVIN",65.0,3.3738461538461544,0.6502725873584265
EPS SCI,121     ,"COFFEY, KEVIN",28.0,3.4,0.446414285485707
MGMTMSA,436     ,"COGGESHALL, STEPHEN VANCE",28.0,3.7178571428571425,0.3240960741911609
LAW    ,683     ,"COHEN, DALE M",39.0,3.6666666666666665,0.2867441755680877
LAW    ,769     ,"COHEN, DALE M",74.0,3.8864864864864868,0.19543736421395588
LAW    ,450     ,"COHEN, DALE M",47.0,3.593617021276595,0.3341577250972826
SOC WLF,290G    ,"COHEN, DAVID",85.0,3.8411764705882354,0.2170899069087757
SPAN   ,M172XP  ,"COHEN, GREG D",36.0,3.7333333333333325,0.392286743197994
SPAN   ,25      ,"COHEN, GREG D",80.0,3.74625,0.3379880730144187
SPAN   ,M180    ,"COHEN, GREG D",8.0,3.875,0.23848480035423647
SPAN   ,180     ,"COHEN, GREG D",180.0,3.5427777777777782,0.7022211234168618
SPAN   ,191B    ,"COHEN, GREG D",98.0,3.761224489795918,0.4916927556217014
SPAN   ,191C    ,"COHEN, GREG D",12.0,3.975,0.08291561975888495
ART HIS,21      ,"COHEN, MEREDITH MARIE",461.0,3.5013015184381784,0.8676885032013021
ART HIS,115C    ,"COHEN, MEREDITH MARIE",32.0,3.13125,1.1367270725640346
ART HIS,185     ,"COHEN, MEREDITH MARIE",22.0,3.8409090909090904,0.21879648266470436
ENGL   ,110V    ,"COHEN, MICHAEL C",22.0,3.563636363636363,0.8824271561723457
ENGL   ,167A    ,"COHEN, MICHAEL C",37.0,3.6135135135135132,0.4393866499972016
ENGL   ,191H    ,"COHEN, MICHAEL C",13.0,3.869230769230769,0.3122735866182222
ENGL   ,10B     ,"COHEN, MICHAEL C",207.0,3.840096618357488,0.26445822905725724
ENGL   ,10C     ,"COHEN, MICHAEL C",67.0,3.7402985074626867,0.3447082701217214
ENGL   ,200     ,"COHEN, MICHAEL C",10.0,4.0,0.0
ENGL   ,166B    ,"COHEN, MICHAEL C",36.0,3.5444444444444447,0.9062880473069023
ENGL   ,184     ,"COHEN, MICHAEL C",18.0,3.75,0.24324199198877378
CH ENGR,C118    ,"COHEN, YORAM",28.0,3.9535714285714283,0.14755663042938283
MCD BIO,CM156   ,"COHN, DANIEL H",50.0,3.208,0.7224513824472897
LIFESCI,107     ,"COHN, DANIEL H",338.0,3.472189349112426,0.6033892928310268
MCD BIO,191     ,"COHN, DANIEL H",13.0,3.8846153846153846,0.14595127662315588
MIMG   ,CM156   ,"COHN, DANIEL H",79.0,3.116455696202532,0.6950877150270154
ENGL   ,183B    ,"COLACURCIO, MICHAEL J",10.0,3.91,0.13747727084867511
ENGL   ,166A    ,"COLACURCIO, MICHAEL J",18.0,3.822222222222222,0.22986845406196893
ENGL   ,4W      ,"COLACURCIO, MICHAEL J",59.0,3.7474576271186444,0.5597686968447332
ENGL   ,170A    ,"COLACURCIO, MICHAEL J",62.0,3.541935483870968,0.8488224076381565
ENGL   ,166C    ,"COLACURCIO, MICHAEL J",62.0,3.493548387096774,0.8458381923622798
ENV HLT,C200A   ,"COLE, BRIAN L",26.0,3.7615384615384615,0.47561856329571417
ENV HLT,100     ,"COLE, BRIAN L",164.0,3.872560975609756,0.27102475350728084
ENV HLT,200D    ,"COLE, BRIAN L",18.0,3.522222222222222,0.9071050138615923
EDUC   ,112     ,"COLE, EDDIE RICE",38.0,3.4973684210526317,0.5168155744074848
EDUC   ,209A    ,"COLE, EDDIE RICE",36.0,3.716666666666667,0.3210226714043037
EDUC   ,C209A   ,"COLE, EDDIE RICE",36.0,3.833333333333334,0.21343747458109497
EDUC   ,473     ,"COLE, EDDIE RICE",26.0,3.3000000000000003,0.5717718748968657
AF AMER,M115    ,"COLE, TOLUWANI OLUWASEMILORE",22.0,3.486363636363636,1.1370997615726577
LAW    ,202     ,"COLGAN, BETH",202.0,3.4960396039603956,0.38187157451376946
LAW    ,503     ,"COLGAN, BETH",16.0,3.73125,0.3617988909601576
BIOL CH,M140    ,"COLICELLI, JOHN J",40.0,3.81,0.35623026261113755
MCD BIO,M140    ,"COLICELLI, JOHN J",147.0,3.7367346938775516,0.49694052158544466
MCD BIO,194A    ,"COLLER, HILARY ANN",10.0,4.0,0.0
MCD BIO,192B    ,"COLLER, HILARY ANN",113.0,3.9911504424778763,0.07109450537484932
MCD BIO,165A    ,"COLLER, HILARY ANN",698.0,3.9207736389684817,0.2727047540071581
SOCIOL ,191V    ,"COLLETT, JESSICA LYN",20.0,3.7700000000000005,0.3675595189897822
SOCIOL ,285B    ,"COLLETT, JESSICA LYN",10.0,4.0,0.0
SOCIOL ,110     ,"COLLETT, JESSICA LYN",145.0,3.2579310344827586,0.9892295131699802
SOCIOL ,89      ,"COLLETT, JESSICA LYN",25.0,3.8840000000000003,0.3966661064421814
SOCIOL ,156     ,"COLLETT, JESSICA LYN",144.0,3.6000000000000005,0.72014659001561
SOCIOL ,130     ,"COLLETT, JESSICA LYN",134.0,3.413432835820896,0.7960528600141665
SOCIOL ,1       ,"COLLETT, JESSICA LYN",1190.0,3.475378151260504,0.8155673283583996
LAW    ,108B    ,"COLLINS, AMELIA MILLER",97.0,3.4453608247422687,0.44905872197841434
MGMTFT ,409     ,"COLLINS, HANNE",149.0,3.4395973154362416,0.43885433396030865
ENV HLT,200D    ,"COLLINS, MICHAEL D",39.0,3.746153846153846,0.3754287489819209
ENV HLT,C240    ,"COLLINS, MICHAEL D",50.0,3.4,0.4171330722922842
ENV HLT,C140    ,"COLLINS, MICHAEL D",23.0,3.28695652173913,0.6117006569898505
FRNCH  ,191B    ,"COLON, EGLANTINE",11.0,3.7,0.6105139414683932
FRNCH  ,4       ,"COLON, EGLANTINE",10.0,3.7599999999999993,0.3136877428271625
FRNCH  ,14      ,"COLON, EGLANTINE",23.0,3.834782608695652,0.21590798292061109
FRNCH  ,5       ,"COLON, EGLANTINE",52.0,3.6115384615384616,0.5783444030339622
FRNCH  ,6       ,"COLON, EGLANTINE",66.0,3.6515151515151514,0.6513953378203347
FRNCH  ,100     ,"COLON, EGLANTINE",16.0,3.875,0.2883140648667699
FRNCH  ,133     ,"COLON, EGLANTINE",11.0,3.7363636363636363,0.3699452718068328
SOC WLF,M290L   ,"COLUNGA, TRACY MELINDA",17.0,3.9647058823529413,0.09665692191267633
PUB PLC,M214    ,"COLUNGA, TRACY MELINDA",18.0,3.9833333333333334,0.06871842709362763
PSYCTRY,174     ,"COLWELL, CHRISTOPHER S",31.0,4.0,0.0
PHYSCI ,CM123   ,"COLWELL, CHRISTOPHER S",118.0,3.9271186440677965,0.18850932492744785
PHYSCI ,C226    ,"COLWELL, CHRISTOPHER S",10.0,4.0,0.0
NEURO  ,M220    ,"COLWELL, CHRISTOPHER S",26.0,3.657692307692308,0.5039635799746132
PHYSCI ,C126    ,"COLWELL, CHRISTOPHER S",183.0,3.7819672131147537,0.3321604375931446
NEUROSC,CM123   ,"COLWELL, CHRISTOPHER S",104.0,3.9057692307692307,0.21609600923455433
HLT POL,M205    ,"COMANOR, WILLIAM S",71.0,3.915492957746479,0.17332529648355108
PUB PLC,M204A   ,"COMANOR, WILLIAM S",11.0,3.9454545454545453,0.11570838237598043
PUB PLC,M201A   ,"COMANOR, WILLIAM S",13.0,3.7538461538461543,0.23734228646986946
HLT POL,141     ,"COMANOR, WILLIAM S",24.0,3.8958333333333335,0.17906974122453578
URBN PL,232     ,"COMMINS, STEPHEN K",78.0,3.926923076923077,0.12877437725217844
URBN PL,205B    ,"COMMINS, STEPHEN K",123.0,3.9813008130081298,0.12900469109510038
URBN PL,205A    ,"COMMINS, STEPHEN K",127.0,3.94251968503937,0.3834201012231206
URBN PL,239     ,"COMMINS, STEPHEN K",10.0,4.0,0.0
COM HLT,292     ,"COMULADA, WARREN S",16.0,4.0,0.0
HLT POL,237C    ,"COMULADA, WARREN S",14.0,3.7571428571428567,0.30639443699324603
COM SCI,259     ,"CONG, JINGSHENG JASON",74.0,3.9040540540540545,0.22865008625194985
COM SCI,133     ,"CONG, JINGSHENG JASON",251.0,3.430677290836654,0.7316787030822032
C&S BIO,M32     ,"CONLEY, WILLIAM JOSEPH",10.0,2.95,1.0404326023342405
MATH   ,31AL    ,"CONLEY, WILLIAM JOSEPH",153.0,3.5143790849673207,0.9347620927380816
LIFESCI,M32     ,"CONLEY, WILLIAM JOSEPH",10.0,3.5700000000000003,0.47339201514178497
MATH   ,131A    ,"CONLEY, WILLIAM JOSEPH",38.0,2.9710526315789476,1.1507224034759624
MATH   ,31A     ,"CONLEY, WILLIAM JOSEPH",187.0,2.9614973262032085,1.0414479347499759
MATH   ,42      ,"CONLEY, WILLIAM JOSEPH",45.0,3.7222222222222223,0.6582430786702462
MATH   ,115A    ,"CONLEY, WILLIAM JOSEPH",33.0,3.287878787878788,0.7310256703852247
LIFESCI,30B     ,"CONLEY, WILLIAM JOSEPH",356.0,3.198314606741573,0.966167845416613
MATH   ,120A    ,"CONLEY, WILLIAM JOSEPH",69.0,2.889855072463768,1.0307089058319165
MATH   ,182     ,"CONLEY, WILLIAM JOSEPH",34.0,3.1352941176470592,0.9833563033698227
MATH   ,116     ,"CONLEY, WILLIAM JOSEPH",37.0,3.1459459459459462,0.9632699362334175
MATH   ,115AH   ,"CONLEY, WILLIAM JOSEPH",108.0,2.9481481481481486,1.0163006154751109
MATH   ,M32T    ,"CONLEY, WILLIAM JOSEPH",43.0,3.230232558139534,0.7225712755446989
LAW    ,751     ,"CONNER, JEFFREY B",24.0,3.8958333333333335,0.17906974122453578
LAW    ,972     ,"CONNER, JEFFREY B",47.0,3.6574468085106386,0.3369100396697017
LAW    ,785     ,"CONNER, JEFFREY B",18.0,3.688888888888889,0.31249691356500525
FILM TV,484B    ,"CONNORS, APRIL",26.0,4.0,0.0
FILM TV,484A    ,"CONNORS, APRIL",27.0,4.0,0.0
MGMT   ,275     ,"CONROY, MATTHEW RYAN",148.0,3.5493243243243247,0.40176916554322617
LAW    ,779     ,"CONSOLI, ANTHONY",20.0,3.965,0.15256146302392362
ECON   ,103     ,"CONVERY, PATRICK DENNIS",624.0,2.950480769230769,0.8590765910987025
ECON   ,106FB   ,"CONVERY, PATRICK DENNIS",914.0,3.4927789934354485,0.6440370666961932
ECON   ,1       ,"CONVERY, PATRICK DENNIS",83.0,2.537349397590362,1.4696701411216246
ECON   ,4       ,"CONVERY, PATRICK DENNIS",212.0,3.8919811320754714,0.24433552484361581
ECON   ,106F    ,"CONVERY, PATRICK DENNIS",960.0,3.4805208333333337,0.6525476831103141
ECON   ,160     ,"CONVERY, PATRICK DENNIS",1339.0,3.2480209111277074,0.7731888207370095
ECON   ,431     ,"CONVERY, PATRICK DENNIS",93.0,3.909677419354839,0.1923619550435558
ECON   ,103L    ,"CONVERY, PATRICK DENNIS",623.0,2.9568218298555378,0.8530076212808797
ARCH&UD,289     ,"CONWAY, MATTHEW J",122.0,3.705737704918033,0.3094943470782966
ARCH&UD,403C    ,"CONWAY, MATTHEW J",21.0,3.880952380952381,0.23425474049997794
ARCH&UD,401     ,"CONWAY, MATTHEW J",21.0,3.8857142857142852,0.1456862718169366
CHEM   ,241B    ,"CONWAY, STUART",35.0,3.6314285714285712,0.4844858414982268
CHEM   ,263     ,"CONWAY, STUART",29.0,3.7241379310344827,0.44694763437295587
CHEM   ,144     ,"CONWAY, STUART",52.0,3.786538461538462,0.4739477600853715
LIFESCI,7A      ,"COOK, EMONI",105.0,3.0428571428571427,1.0833683929439386
DESMA  ,173     ,"COONEY, ERIN JOY",14.0,4.0,0.0
DESMA  ,160     ,"COONEY, ERIN JOY",11.0,3.972727272727273,0.0862439361864103
ELTS   ,30      ,"COONEY, ERIN JOY",41.0,3.9707317073170736,0.08901603702875438
AN N EA,15W     ,"COONEY, KATHLYN M",3046.0,3.703447143795141,0.7635692625491369
AN N EA,15      ,"COONEY, KATHLYN M",510.0,3.4364705882352937,0.9013950484935412
AN N EA,220     ,"COONEY, KATHLYN M",25.0,4.0,0.0
HIST   ,M103B   ,"COONEY, KATHLYN M",29.0,3.6965517241379313,0.6338077368765811
AN N EA,M103B   ,"COONEY, KATHLYN M",31.0,3.72258064516129,0.6157658108558307
AN N EA,C267B   ,"COONEY, KATHLYN M",10.0,4.0,0.0
AN N EA,C267A   ,"COONEY, KATHLYN M",8.0,4.0,0.0
SOC WLF,270     ,"COOPER, KHUSHNUMA",32.0,3.7218750000000003,0.8214827961527861
SOC WLF,M290J   ,"COOPER, KHUSHNUMA",80.0,3.93625,0.15987788308581022
SOC WLF,214B    ,"COOPER, KHUSHNUMA",159.0,3.9603773584905664,0.1015718402543001
SOC WLF,210C    ,"COOPER, KHUSHNUMA",54.0,3.9370370370370376,0.14180881273390106
SOC WLF,M290N   ,"COOPER, KHUSHNUMA",24.0,3.8666666666666667,0.3248931448269654
SOC WLF,214A    ,"COOPER, KHUSHNUMA",188.0,3.9750000000000005,0.09926592267367143
SOC WLF,242     ,"COOPER, KHUSHNUMA",159.0,3.933333333333333,0.22053869629125147
EDUC   ,229     ,"COOPER, ROBERT",12.0,4.0,0.0
EDUC   ,443     ,"COOPER, ROBERT",89.0,3.9719101123595504,0.12451141732310171
EDUC   ,451     ,"COOPER, ROBERT",112.0,4.0,0.0
PHYSCI ,3       ,"COOPER, RONALD HALGETH",135.0,2.96,0.9035075682726327
LIFESCI,7C      ,"COOPER, RONALD HALGETH",2484.0,3.3770531400966184,0.6822136546611199
PHYSCI ,111L    ,"COOPER, RONALD HALGETH",802.0,3.7426433915211974,0.31357800798961016
PSYCTRY,178     ,"COOPER, ZIVA D",238.0,3.645798319327731,0.4187355833180065
ARABIC ,181     ,"COOPERSON, MICHAEL DAVID",10.0,4.0,0.0
ARABIC ,177     ,"COOPERSON, MICHAEL DAVID",11.0,3.9181818181818184,0.1336085314245369
ARABIC ,150     ,"COOPERSON, MICHAEL DAVID",68.0,3.8926470588235293,0.33135913361868563
NR EAST,65      ,"COOPERSON, MICHAEL DAVID",145.0,3.7537931034482757,0.49270830562838724
ARCH&UD,103     ,"COPP, MORGANE SALLY-RAE",22.0,3.9181818181818184,0.1336085314245369
ARCH&UD,221     ,"COPP, MORGANE SALLY-RAE",23.0,3.7652173913043474,0.22767004281019212
MGMTFE ,410     ,"CORBETT, CHARLES J",66.0,3.3848484848484848,0.6065906772861183
MGMTFT ,410     ,"CORBETT, CHARLES J",375.0,3.438133333333334,0.44609324386525095
PHYSICS,1A      ,"CORBIN, BRENT",443.0,3.2548532731376976,0.8688450929981616
PHYSICS,5C      ,"CORBIN, BRENT",394.0,2.951015228426396,0.8728339308448572
PHYSICS,189     ,"CORBIN, BRENT",64.0,3.8765625,0.3453902627373128
CHEM   ,96      ,"CORBIN, BRENT",61.0,3.575409836065574,0.4917868849726685
PHYSICS,1C      ,"CORBIN, BRENT",124.0,3.0250000000000004,0.9129555866666277
PHYSICS,170E    ,"CORBIN, BRENT",59.0,3.9084745762711863,0.20108867728764596
PHYSICS,1B      ,"CORBIN, BRENT",1519.0,3.097037524687294,0.8696539567649011
CHEM   ,88A     ,"CORBIN, BRENT",61.0,3.6000000000000005,0.4534024376773942
HIST   ,140C    ,"COREY, MARY F",514.0,3.740272373540856,0.40453740181872155
HIST   ,140A    ,"COREY, MARY F",227.0,3.6594713656387667,0.5798645465553827
HIST   ,C191D   ,"COREY, MARY F",58.0,3.8379310344827586,0.3759253347577454
HIST   ,142D    ,"COREY, MARY F",349.0,3.7449856733524363,0.33754432979957977
HIST   ,142B    ,"COREY, MARY F",326.0,3.833435582822086,0.4168445302685935
GENDER ,185     ,"CORNEJO SALINAS, GIANCARLO FERNANDO",24.0,3.920833333333333,0.1707316770712323
GENDER ,104     ,"CORNEJO SALINAS, GIANCARLO FERNANDO",72.0,3.8819444444444446,0.2456999010134614
GENDER ,202     ,"CORNEJO SALINAS, GIANCARLO FERNANDO",26.0,4.0,0.0
GENDER ,M115    ,"CORNEJO SALINAS, GIANCARLO FERNANDO",20.0,3.85,0.4544227107000705
LGBTQS ,M115    ,"CORNEJO SALINAS, GIANCARLO FERNANDO",14.0,3.692857142857143,1.0271070925623271
ECON   ,103     ,"CORNELL, COLEMAN ARTHUR",29.0,3.0724137931034488,0.7469000541198488
ECON   ,103L    ,"CORNELL, COLEMAN ARTHUR",29.0,3.0724137931034488,0.7469000541198488
PHYSCI ,C127    ,"CORREA, STEPHANIE",53.0,3.9264150943396223,0.24429408769267189
PHYSCI ,189     ,"CORREA, STEPHANIE",10.0,4.0,0.0
PHYSCI ,192B    ,"CORREA, STEPHANIE",13.0,4.0,0.0
PHYSCI ,111B    ,"CORREA, STEPHANIE",661.0,3.7617246596066565,0.3560194156769455
SPAN   ,4       ,"CORTINEZ, VERONICA",20.0,3.8299999999999996,0.2794637722496425
SPAN   ,2A      ,"CORTINEZ, VERONICA",37.0,3.9486486486486494,0.1426043887380856
SPAN   ,191C    ,"CORTINEZ, VERONICA",49.0,3.544897959183673,0.7022009784082245
SPAN   ,150     ,"CORTINEZ, VERONICA",74.0,3.5891891891891894,0.6134897006927658
SPAN   ,5       ,"CORTINEZ, VERONICA",20.0,3.8299999999999996,0.2794637722496425
SPAN   ,170     ,"CORTINEZ, VERONICA",32.0,3.740625,0.3723736153045755
SPAN   ,3A      ,"CORTINEZ, VERONICA",37.0,3.9486486486486494,0.1426043887380856
ECON   ,241     ,"COSTA, DORA LUISA",12.0,3.9166666666666665,0.2763853991962833
ECON   ,182BL   ,"COSTA, DORA LUISA",167.0,3.9688622754491014,0.10024173872019913
ECON   ,182A    ,"COSTA, DORA LUISA",143.0,3.5657342657342657,0.4269103335383246
ECON   ,182AL   ,"COSTA, DORA LUISA",143.0,3.9475524475524466,0.16633951623664672
ECON   ,182B    ,"COSTA, DORA LUISA",167.0,3.5467065868263483,0.3806367862024189
LAW    ,108B    ,"COTTON, GERLONI",145.0,3.5096551724137934,0.3985013542885368
POL SCI,40      ,"COURBE, JACQUES PHILIP",17.0,3.61764705882353,0.6308120761625652
CHEM   ,14B     ,"COUREY, ALBERT J",78.0,3.2923076923076917,0.8275340617002794
CHEM   ,268     ,"COUREY, ALBERT J",27.0,4.0,0.0
CHEM   ,153B    ,"COUREY, ALBERT J",276.0,3.420289855072464,0.8378422441778431
CHEM   ,14BE    ,"COUREY, ALBERT J",689.0,3.2171262699564593,0.8078514481544339
THEATER,C104F   ,"COUTURE, FRANCOIS-PIERRE",10.0,3.2399999999999998,1.1833849753989611
THEATER,149     ,"COUTURE, FRANCOIS-PIERRE",19.0,3.5631578947368423,1.2239756302681457
THEATER,C404F   ,"COUTURE, FRANCOIS-PIERRE",12.0,3.9499999999999997,0.11180339887498941
THEATER,C151A   ,"COUTURE, FRANCOIS-PIERRE",10.0,4.0,0.0
MIMG   ,C285    ,"COVARRUBIAS, ANTHONY J",18.0,3.688888888888889,0.31249691356500525
MIMG   ,185A    ,"COVARRUBIAS, ANTHONY J",104.0,3.0874999999999995,0.7938086743910409
PUB AFF,121     ,"COVINGTON, KENYA L",49.0,3.7755102040816326,0.46226179182535837
PUB PLC,298D    ,"COVINGTON, KENYA L",40.0,4.0,0.0
PUB AFF,113     ,"COVINGTON, KENYA L",168.0,3.8833333333333337,0.39274168577581847
PUB AFF,10      ,"COVINGTON, KENYA L",109.0,3.634862385321101,0.622716179152105
PUB PLC,291A    ,"COVINGTON, KENYA L",11.0,3.8818181818181823,0.2917601188342039
PUB PLC,298C    ,"COVINGTON, KENYA L",41.0,3.6341463414634148,0.4234640861309406
ARMENIA,C153    ,"COWE, PETER S",171.0,3.8888888888888897,0.3441141596996307
ARMENIA,230A    ,"COWE, PETER S",11.0,3.9181818181818184,0.1336085314245369
ARMENIA,C152    ,"COWE, PETER S",75.0,3.9786666666666664,0.12360510597148573
MGMT   ,295C    ,"COWEN, PETER D",8.0,3.4749999999999996,0.5425633603552675
HLT ADM,401     ,"COWGILL, BURTON O",93.0,3.8935483870967746,0.4678494500090201
HLT POL,200A    ,"COWGILL, BURTON O",53.0,3.9773584905660373,0.07924528301886788
HLT POL,100     ,"COWGILL, BURTON O",236.0,3.907203389830509,0.22753053657312639
HLT POL,286     ,"COWGILL, BURTON O",84.0,3.9857142857142858,0.06388765649999395
PUB HLT,200B    ,"COWGILL, BURTON O",230.0,3.9369565217391305,0.3135759360583306
PUB HLT,200A    ,"COWGILL, BURTON O",128.0,3.8117187500000003,0.4051660719981839
HLT POL,120     ,"COWGILL, BURTON O",114.0,3.8552631578947367,0.4440823586613616
PSYCH  ,118     ,"COX, CATHLEEN",13.0,3.076923076923077,0.9807013551173436
POL SCI,140A    ,"COX, MEGAN",28.0,3.614285714285714,0.4830810976831691
MIL SCI,132     ,"COYLE, CASEY LEO",10.0,3.8600000000000003,0.2800000000000001
MIL SCI,131     ,"COYLE, CASEY LEO",10.0,4.0,0.0
MIL SCI,133     ,"COYLE, CASEY LEO",9.0,4.0,0.0
PHILOS ,191     ,"CRAGER, ADAM DAVID",14.0,3.7785714285714285,0.35692850710425683
PHILOS ,104     ,"CRAGER, ADAM DAVID",160.0,3.45625,0.866652143307798
PHILOS ,100A    ,"CRAGER, ADAM DAVID",391.0,3.6314578005115092,0.6394992227452958
PHILOS ,136     ,"CRAGER, ADAM DAVID",10.0,3.84,0.22449944320643647
ARCH&UD,289     ,"CRAIG, SALMAAN",14.0,4.0,0.0
ARCH&UD,442     ,"CRAIG, SALMAAN",50.0,3.3560000000000003,0.8513894526008647
CLUSTER,2A      ,"CRAIG, SALMAAN",152.0,3.8585526315789473,0.2639388084354742
NEURLGY,199     ,"CRAMER, STEVEN C",48.0,4.0,0.0
PUB AFF,187B    ,"CRANE, REBECCA ELISABETH",104.0,3.8721153846153844,0.4077274567576764
PUB AFF,70      ,"CRANE, REBECCA ELISABETH",220.0,3.6431818181818185,0.699219606312094
PUB AFF,148     ,"CRANE, REBECCA ELISABETH",87.0,3.8586206896551722,0.409808400461947
PUB AFF,M109    ,"CRANE, REBECCA ELISABETH",120.0,3.75,0.5237683966538391
PUB AFF,187BX   ,"CRANE, REBECCA ELISABETH",356.0,3.884550561797753,0.409730755969484
PUB AFF,187AX   ,"CRANE, REBECCA ELISABETH",308.0,3.856493506493507,0.5311620835947757
PUB AFF,187A    ,"CRANE, REBECCA ELISABETH",96.0,3.8833333333333333,0.3280836614171587
PUB AFF,87      ,"CRANE, REBECCA ELISABETH",12.0,4.0,0.0
PUB AFF,187C    ,"CRANE, REBECCA ELISABETH",98.0,3.8755102040816323,0.4307234598619729
PUB AFF,187CX   ,"CRANE, REBECCA ELISABETH",349.0,3.872206303724928,0.43123199649686234
LAW    ,487     ,"CRENSHAW, KIMBERLE W",50.0,3.622,0.37056173574723017
LAW    ,653     ,"CRENSHAW, KIMBERLE W",13.0,3.8846153846153846,0.14595127662315588
BIOSTAT,400     ,"CRESPI-CHUN, CATHERINE",21.0,4.0,0.0
BIOSTAT,231     ,"CRESPI-CHUN, CATHERINE",63.0,3.923809523809524,0.19248936125150223
BIOSTAT,200B    ,"CRESPI-CHUN, CATHERINE",83.0,3.871084337349398,0.22145745082468032
ECON   ,164     ,"CREWS, LEVI GARRETT",29.0,3.4379310344827583,0.6099258253961188
DESMA  ,130     ,"CROCKETT, NICHOLAS J",24.0,3.6291666666666664,0.8197962992245221
NURSING,216B    ,"CRONIN, KATHRYN HELEN",34.0,3.36764705882353,0.5114688123637269
NURSING,403     ,"CRONIN, KATHRYN HELEN",17.0,3.7470588235294113,0.3201427017455948
NURSING,410     ,"CRONIN, KATHRYN HELEN",13.0,3.923076923076923,0.2664693550105965
PHYSCI ,121     ,"CROSBIE, RACHELLE HOPE",103.0,3.7592233009708735,0.5361562033666318
ENGCOMP,2       ,"CROSBY, SHANE",516.0,3.3930232558139535,0.9832461698206197
MIL SCI,141     ,"CROSEN, MICHAEL GAGE",10.0,4.0,0.0
MIL SCI,143     ,"CROSEN, MICHAEL GAGE",10.0,3.97,0.08999999999999996
MIL SCI,133     ,"CROSEN, MICHAEL GAGE",10.0,4.0,0.0
MIL SCI,142     ,"CROSEN, MICHAEL GAGE",10.0,3.91,0.13747727084867511
MIL SCI,132     ,"CROSEN, MICHAEL GAGE",10.0,4.0,0.0
MUSC   ,185H    ,"CROSS, TRAVIS J",66.0,4.0,0.0
MUSC   ,204     ,"CROSS, TRAVIS J",17.0,3.923529411764706,0.24139158269039046
MUSC   ,185F    ,"CROSS, TRAVIS J",248.0,4.0,0.0
MUSC   ,C185G   ,"CROSS, TRAVIS J",472.0,3.999364406779661,0.013793983737845779
MUSC   ,C480G   ,"CROSS, TRAVIS J",114.0,4.0,0.0
MUSC   ,469     ,"CROSS, TRAVIS J",28.0,4.0,0.0
POL SCI,167D    ,"CRUZ, ARACELI",117.0,3.8145299145299147,0.5675355265456478
POL SCI,259     ,"CRUZ, ARACELI",13.0,4.0,0.0
POL SCI,119     ,"CUCHARO, STEPHEN JUDE",29.0,3.1620689655172414,1.2433031070231477
MATH   ,285J    ,"CUCURINGU, MIHAI",14.0,3.9785714285714286,0.07726181304565687
EDUC   ,481     ,"CUE, ZACHARY",23.0,4.0,0.0
EDUC   ,498A    ,"CUE, ZACHARY",28.0,4.0,0.0
EDUC   ,320A    ,"CUE, ZACHARY",15.0,3.8533333333333335,0.33038697848970305
EDUC   ,420A    ,"CUE, ZACHARY",12.0,4.0,0.0
EDUC   ,481     ,"CUE, ZACHARY, JR.",4.0,4.0,0.0
EDUC   ,420A    ,"CUE, ZACHARY, JR.",16.0,4.0,0.0
NURSING,162C    ,"CUENCA, EMMA LYN M",96.0,3.436458333333333,0.38164113588189397
NURSING,268     ,"CUENCA, EMMA LYN M",68.0,3.9044117647058822,0.16665729500756557
NURSING,269     ,"CUENCA, EMMA LYN M",272.0,3.8768382352941178,0.30669059472211313
NURSING,168     ,"CUENCA, EMMA LYN M",151.0,3.785430463576159,0.34667719798361685
ARCH&UD,289     ,"CUFF, DANA",145.0,3.8993103448275868,0.30749186739436574
ARCH&UD,291     ,"CUFF, DANA",153.0,3.626797385620915,0.3907436409390964
ARCH&UD,133     ,"CUFF, DANA",100.0,3.759,0.32621925142455954
PSYCH  ,85      ,"CUI, LUCY",70.0,3.624285714285714,0.833826928648131
EC ENGR,141     ,"CUI, XIAOFAN",122.0,3.589344262295082,0.5935179057402497
EC ENGR,188     ,"CUI, XIAOFAN",29.0,3.5172413793103443,0.6147996396456673
EC ENGR,110     ,"CUI, XIAOFAN",314.0,3.6133757961783437,0.4771325633207757
EC ENGR,111L    ,"CUI, XIAOFAN",320.0,3.7143749999999995,0.6310553536537029
COM SCI,269     ,"CUI, YUCHEN",34.0,3.991176470588235,0.050687317469453166
COM SCI,188     ,"CUI, YUCHEN",73.0,3.638356164383562,0.6530497761528083
MGMT   ,281B    ,"CULBERT, SAMUEL A",77.0,3.5025974025974023,0.6130557962729843
CLASSIC,130     ,"CULIK-BAIRD, HANNAH",46.0,3.7086956521739136,0.6131976371081427
CLASSIC,20      ,"CULIK-BAIRD, HANNAH",593.0,3.8438448566610464,0.5117836312402125
LATIN  ,200A    ,"CULIK-BAIRD, HANNAH",9.0,3.966666666666667,0.09428090415820628
PHILOS ,161     ,"CUMMING, SAMUEL JOHN",33.0,3.727272727272727,0.2665977872475488
PHILOS ,C127B   ,"CUMMING, SAMUEL JOHN",21.0,3.1142857142857148,1.2194009904499028
PHILOS ,C127A   ,"CUMMING, SAMUEL JOHN",70.0,3.472857142857143,0.7381291850872387
LAW    ,230     ,"CUMMINGS, SCOTT",103.0,3.4990291262135926,0.345707420387366
LAW    ,285     ,"CUMMINGS, SCOTT",34.0,3.585294117647059,0.3540790481210928
LAW    ,312     ,"CUMMINGS, SCOTT",237.0,3.479324894514768,0.35642796529390663
NURSING,175     ,"CUNNINGHAM, CAROL LYNN W",61.0,3.8262295081967213,0.2325212060445538
NURSING,200     ,"CUNNINGHAM, CAROL LYNN W",117.0,3.9418803418803416,0.1497800759514424
NURSING,470A    ,"CUNNINGHAM, CAROL LYNN W",14.0,3.8642857142857143,0.33934210057770575
NURSING,429C    ,"CUNNINGHAM, CAROL LYNN W",11.0,3.972727272727273,0.0862439361864103
NURSING,239B    ,"CUNNINGHAM, CAROL LYNN W",93.0,3.79247311827957,0.2506921854745741
ROMANIA,101B    ,"CUPTOR, ANCA MADALINA",10.0,4.0,0.0
ROMANIA,101A    ,"CUPTOR, ANCA MADALINA",6.0,4.0,0.0
ROMANIA,101C    ,"CUPTOR, ANCA MADALINA",22.0,3.8045454545454547,0.35863031450135224
PHILOS ,166     ,"CURRIE, ANDREW SIMON",23.0,3.5869565217391304,0.4406559811937366
LAW    ,413     ,"CURTIS, JAMES B",16.0,3.59375,0.31118473211261516
LAW    ,403     ,"CURTIS, JAMES B",234.0,3.4658119658119655,0.35353221136440166
JAPAN  ,C159    ,"CURTIS, PAULA R",12.0,3.6166666666666667,1.0960788698304922
HIST   ,171     ,"CURTIS, PAULA R",18.0,3.561111111111111,0.621949344926354
HLT POL,237C    ,"CURTO, VILSA",25.0,3.64,0.3698648401781386
ENV HLT,219     ,"CUSHING, LARA J",17.0,3.8882352941176466,0.1936715015665215
PUB HLT,200A    ,"CUSHING, LARA J",128.0,3.8117187500000003,0.4051660719981839
LING   ,197     ,"CYCHOSZ, MARGARET",10.0,4.0,0.0
LING   ,103     ,"CYCHOSZ, MARGARET",39.0,2.7564102564102564,1.0717335278727642
ENGL   ,130     ,"D'AGUIAR, FREDERICK M",130.0,3.919230769230769,0.18773801461125952
ENGL   ,179     ,"D'AGUIAR, FREDERICK M",19.0,3.9684210526315793,0.09206766149755731
ENGL   ,136B    ,"D'AGUIAR, FREDERICK M",10.0,3.97,0.08999999999999996
ENGL   ,137     ,"D'AGUIAR, FREDERICK M",13.0,4.0,0.0
ENGL   ,136     ,"D'AGUIAR, FREDERICK M",21.0,4.0,0.0
ENGL   ,137B    ,"D'AGUIAR, FREDERICK M",36.0,3.941666666666667,0.11873172373979166
COM HLT,238     ,"D'AMICO, ELIZABETH",60.0,3.6966666666666668,0.4094576358496146
PHYSICS,215A    ,"D'HOKER, ERIC",30.0,3.3800000000000003,0.5873102530463208
PHYSICS,230B    ,"D'HOKER, ERIC",10.0,3.8400000000000007,0.39038442591886263
PHYSICS,230A    ,"D'HOKER, ERIC",25.0,3.708,0.7924241288602967
PHYSICS,222A    ,"DA COSTA ALVES, EDUARDO PAULO JORGE",24.0,3.845833333333333,0.29436254101966774
PHYSICS,222C    ,"DA COSTA ALVES, EDUARDO PAULO JORGE",12.0,3.858333333333334,0.2628635049264585
PHYSICS,222B    ,"DA COSTA ALVES, EDUARDO PAULO JORGE",23.0,3.973913043478261,0.08453140041401552
PHYSICS,170N    ,"DA COSTA ALVES, EDUARDO PAULO JORGE",32.0,3.6500000000000004,0.7331439149307589
PHYSCI ,187B    ,"DABOUSSI, LYDIA",11.0,3.8454545454545457,0.27090298955911535
NEURO  ,201     ,"DABOUSSI, LYDIA",15.0,3.893333333333333,0.19821424996424675
ART HIS,185     ,"DACKERMAN, SUSAN",11.0,3.8272727272727267,0.2178027009220171
ART HIS,121C    ,"DACKERMAN, SUSAN",45.0,3.7355555555555555,0.5258455859346103
SPAN   ,119     ,"DAGENAIS, JOHN C",39.0,3.8974358974358974,0.16561800268671936
DGT HUM,187     ,"DAGENAIS, JOHN C",32.0,3.990625,0.05219779090153143
SPAN   ,130     ,"DAGENAIS, JOHN C",32.0,3.71875,0.7152086671035244
SPAN   ,191B    ,"DAGENAIS, JOHN C",16.0,3.9625,0.09921567416492208
PSYCTRY,180     ,"DAGHER, MEREL",42.0,3.4166666666666665,0.7250342082788943
PBMED  ,200A    ,"DAHLBOM, MAGNUS",11.0,3.8363636363636364,0.14937887931959065
MGMTEX ,414A    ,"DAI, HENGCHEN",155.0,3.4522580645161285,0.39371440179005274
MGMTFT ,401B    ,"DAI, HENGCHEN",74.0,3.472972972972973,0.38036159797682756
MGMTEX ,414C    ,"DAI, HENGCHEN",148.0,3.348648648648649,0.45980114480984513
MGMTFT ,409     ,"DAI, HENGCHEN",278.0,3.4345323741007197,0.42200484674768407
MGMTPHD,253     ,"DAI, HENGCHEN",22.0,3.972727272727273,0.0862439361864103
MGMTFE ,401     ,"DAI, HENGCHEN",56.0,3.460714285714286,0.34469374161740174
I A STD,188     ,"DAI, SHIH-CHAN",15.0,3.94,0.11999999999999994
BIOSTAT,285     ,"DAI, XIAOWU",47.0,3.921276595744681,0.17975890498199507
STATS  ,201B    ,"DAI, XIAOWU",89.0,3.9685393258426966,0.10767773978167135
STATS  ,100A    ,"DAI, XIAOWU",75.0,3.6786666666666665,0.4775753576371191
STATS  ,211     ,"DAI, XIAOWU",42.0,4.0,0.0
COMM   ,220     ,"DALE, RICHARD ALAN CLARKE",10.0,4.0,0.0
COMM   ,115     ,"DALE, RICHARD ALAN CLARKE",91.0,3.9571428571428573,0.15769135045847998
COMM   ,131     ,"DALE, RICHARD ALAN CLARKE",45.0,3.884444444444444,0.2796470438531444
COMM   ,131     ,"DALE, RICK",45.0,3.9733333333333336,0.08537498983243794
MATH   ,105B    ,"DALLAS, HEATHER JOY",44.0,3.1568181818181817,0.8094323845287924
MATH   ,105A    ,"DALLAS, HEATHER JOY",51.0,3.1627450980392156,0.8366508359521913
MATH   ,105C    ,"DALLAS, HEATHER JOY",55.0,3.3200000000000003,0.7379085925160995
PSYCH  ,121     ,"DALLAVECCHIA, ALESSANDRA",56.0,3.4660714285714285,0.558466262478344
ARCH&UD,437     ,"DALY, KEVIN M",68.0,3.6911764705882355,0.2721025402078108
ARCH&UD,401     ,"DALY, KEVIN M",24.0,3.804166666666667,0.20912350152216008
MIMG   ,132     ,"DAMIANOV, ANDREY NEYKOV",40.0,2.9875,0.8081421595239294
THEATER,118C    ,"DANIEL, PERRY MCBAIN",28.0,3.8035714285714284,0.4118617511262927
THEATER,118B    ,"DANIEL, PERRY MCBAIN",20.0,3.9549999999999996,0.1071214264281427
THEATER,118A    ,"DANIEL, PERRY MCBAIN",55.0,3.8,0.4850492008783514
THEATER,119     ,"DANIEL, PERRY MCBAIN",19.0,4.0,0.0
THEATER,12      ,"DANIEL, PERRY MCBAIN",62.0,3.9129032258064513,0.33335241013742933
THEATER,123     ,"DANIEL, PERRY MCBAIN",19.0,4.0,0.0
THEATER,50      ,"DANIEL, PERRY MCBAIN",36.0,3.9305555555555554,0.15423547013224154
THEATER,119A    ,"DANIEL, PERRY MCBAIN",15.0,3.92,0.1326649916142159
THEATER,138     ,"DANIEL, PERRY MCBAIN",35.0,3.9628571428571426,0.21657821323711113
THEATER,72      ,"DANIEL, PERRY MCBAIN",36.0,3.9833333333333334,0.06871842709362763
MUSC   ,M201    ,"DANIELPOUR, RICHARD DANE",1.0,4.0,0.0
MGMT   ,298D    ,"DANIELS, SUSANNE",153.0,3.6039215686274506,0.35274504354270475
EC ENGR,11L     ,"DARABI, HOOMAN",122.0,3.900819672131148,0.4163652049286808
EC ENGR,101A    ,"DARABI, HOOMAN",17.0,3.8529411764705883,0.252324830465026
EC ENGR,115C    ,"DARABI, HOOMAN",61.0,3.477049180327869,0.4870094228135265
COM SCI,M51A    ,"DARABI, HOOMAN",99.0,3.62020202020202,0.5235812572325442
ENGR   ,1IT     ,"DARABI, HOOMAN",80.0,3.9875,0.11110243021644485
EC ENGR,110     ,"DARABI, HOOMAN",123.0,3.2569105691056914,0.7360718969846427
EC ENGR,111L    ,"DARABI, HOOMAN",125.0,3.7623999999999995,0.5833234437256916
EC ENGR,164DB   ,"DARABI, HOOMAN",16.0,3.875,0.23848480035423647
EC ENGR,10H     ,"DARABI, HOOMAN",117.0,3.4735042735042736,0.7672119757887667
EC ENGR,2       ,"DARABI, HOOMAN",21.0,3.6714285714285713,0.8497298490264601
EC ENGR,209BS   ,"DARABI, HOOMAN",53.0,4.0,0.0
ENGR   ,96I     ,"DARABI, HOOMAN",28.0,3.9892857142857143,0.05567306167185673
EC ENGR,115E    ,"DARABI, HOOMAN",66.0,3.728787878787879,0.5409769925974144
EC ENGR,215C    ,"DARABI, HOOMAN",76.0,3.685526315789474,0.41980695669131857
EC ENGR,215A    ,"DARABI, HOOMAN",67.0,3.288059701492537,0.7201828930353777
EC ENGR,115DA   ,"DARABI, HOOMAN",32.0,3.953125,0.10892765661208353
EC ENGR,M16     ,"DARABI, HOOMAN",105.0,3.1695238095238096,0.8330236159144601
EC ENGR,115A    ,"DARABI, HOOMAN",79.0,3.8518987341772153,0.2694865063171165
EC ENGR,115DW   ,"DARABI, HOOMAN",64.0,3.9546875,0.1424448221022793
EDUC   ,127     ,"DARBY, JOANNE T",38.0,4.0,0.0
EDUC   ,409     ,"DARBY, JOANNE T",54.0,4.0,0.0
EDUC   ,407     ,"DARBY, JOANNE T",71.0,4.0,0.0
COM HLT,211B    ,"DARLING-HAMMOND, SEAN",73.0,3.635616438356164,0.3240877029167186
MUSC   ,C185C   ,"DARRAH, JAMES ERICK",70.0,3.8957142857142855,0.24982034361042868
THEATER,242     ,"DARRAH, JAMES ERICK",10.0,3.7,0.354964786985977
COM SCI,264A    ,"DARWICHE, ADNAN YOUSSEF",309.0,3.540129449838188,0.4463530566758835
COM SCI,161     ,"DARWICHE, ADNAN YOUSSEF",784.0,3.45969387755102,0.5806909221826813
COM SCI,262A    ,"DARWICHE, ADNAN YOUSSEF",198.0,3.5696969696969703,0.3865032427515763
MIMG   ,102     ,"DASGUPTA, ASIM",33.0,3.515151515151515,0.8268674776093248
SOC GEN,163     ,"DASGUPTA, KUSHAN",52.0,3.95,0.15254255396193803
LIFESCI,7A      ,"DAVATOLHAGH, MARIEXCEL FELICIA",32.0,3.721875,0.7368575061536661
PUB PLC,252     ,"DAVENPORT, FESIA ANTOINETTE",28.0,3.310714285714286,0.49377502519893013
EE BIOL,109L    ,"DAVERSA, DAVID",382.0,3.8722513089005237,0.4550641858942836
EE BIOL,122     ,"DAVERSA, DAVID",297.0,3.4875420875420873,0.6535680513332857
POL SCI,M182    ,"DAVIS, ALEXANDRIA JANEE",29.0,3.793103448275862,0.4184792125869811
LAW    ,266     ,"DAVIS, GREGORY",37.0,3.575675675675676,0.35367216871255336
DIS STD,101W    ,"DAVIS, JACQUELINE MARIE",18.0,3.6666666666666665,0.9303523824635241
WL ARTS,M79     ,"DAVIS, JACQUELINE MARIE",11.0,4.0,0.0
ENGR   ,170     ,"DAVIS, JAMES",94.0,3.9925531914893617,0.07181442056058585
MUSC   ,C485F   ,"DAVIS, JONATHAN D",20.0,3.9850000000000003,0.06538348415311006
MUSC   ,C175F   ,"DAVIS, JONATHAN D",166.0,3.9704819277108436,0.3116740791293097
ENGCOMP,3       ,"DAVIS, MARGARET ELLEN",18.0,3.8388888888888886,0.27716599296147604
ENGCOMP,131B    ,"DAVIS, MARGARET ELLEN",82.0,3.902439024390244,0.16303195089822828
ENGCOMP,130E    ,"DAVIS, MARGARET ELLEN",70.0,3.8528571428571428,0.2499836729362417
ENGCOMP,7W      ,"DAVIS, MARGARET ELLEN",20.0,3.905,0.18296174463531986
MECH&AE,102     ,"DAVOYAN, ARTUR R",196.0,3.9596938775510204,0.29907665416169893
MECH&AE,161B    ,"DAVOYAN, ARTUR R",348.0,3.881034482758621,0.3853451490137259
MECH&AE,233     ,"DAVOYAN, ARTUR R",28.0,4.0,0.0
MECH&AE,161A    ,"DAVOYAN, ARTUR R",367.0,3.8008174386920985,0.5310258304559424
EPS SCI,9       ,"DAY, MACKENZIE DENALI",212.0,3.513679245283018,0.7504411601533199
EPS SCI,111     ,"DAY, MACKENZIE DENALI",20.0,3.685,0.3166622806713803
EPS SCI,103B    ,"DAY, MACKENZIE DENALI",50.0,3.7500000000000004,0.3459768778401239
EPS SCI,188     ,"DAY, MACKENZIE DENALI",13.0,4.0,0.0
HIST   ,M133C   ,"DAYTON, ELIZABETH C",53.0,3.4415094339622643,1.1304422180728948
GENDER ,M133C   ,"DAYTON, ELIZABETH C",29.0,3.4517241379310346,1.003999137812232
NEURO  ,M202    ,"DE BIASE, LINDSAY M",103.0,3.8582524271844663,0.31175179069086856
HIST   ,3C      ,"DE CHADAREVIAN, SORAYA",224.0,3.559375,0.7845048270474276
HIST   ,200O    ,"DE CHADAREVIAN, SORAYA",9.0,3.522222222222222,1.2488018949535216
SOC GEN,191S    ,"DE CHADAREVIAN, SORAYA",40.0,3.8850000000000002,0.6255197838597912
SOC GEN,105A    ,"DE CHADAREVIAN, SORAYA",342.0,3.8830409356725144,0.2666756436367334
IL AMER,5A      ,"DE LA CRUZ, SABINA CRUZ",7.0,3.4857142857142853,0.6010195419417894
SPAN   ,150     ,"DE LA TORRE AMAGUANA, LUZ MARIA",23.0,3.869565217391304,0.348206313916103
SPAN   ,170     ,"DE LA TORRE AMAGUANA, LUZ MARIA",64.0,3.85625,0.27606328531697216
SPAN   ,3       ,"DE LA TORRE AMAGUANA, LUZ MARIA",39.0,3.4333333333333336,0.709399649878588
SPAN   ,150     ,"DE LA TORRE, LUZ",12.0,3.8333333333333335,0.5527707983925666
SPAN   ,3       ,"DE LA TORRE, LUZ",18.0,3.8277777777777775,0.19380848380569338
CCAS   ,M155B   ,"DE LA VEGA, IZUL M",83.0,3.545783132530121,0.6959956385438885
POL SCI,143C    ,"DE LA VEGA, IZUL M",263.0,3.643726235741445,0.7521000972156818
POL SCI,181A    ,"DE LA VEGA, IZUL M",117.0,3.629059829059829,0.7350864626229997
POL SCI,M181B   ,"DE LA VEGA, IZUL M",234.0,3.686324786324786,0.6636992912567392
POL SCI,186     ,"DE LA VEGA, IZUL M",282.0,3.723049645390071,0.7187957257856197
ANTHRO ,119     ,"DE LEON, JASON PATRICK",122.0,3.915573770491803,0.33018139371357047
CCAS   ,M218    ,"DE LEON, JASON PATRICK",22.0,4.0,0.0
ANTHRO ,139     ,"DE LEON, JASON PATRICK",177.0,3.8271186440677973,0.5209174355156009
ANTHRO ,M239R   ,"DE LEON, JASON PATRICK",13.0,4.0,0.0
CCAS   ,123     ,"DE LEON, JASON PATRICK",42.0,3.8833333333333333,0.2869516855522369
MGMTFT ,423C    ,"DE REZENDE, PAULO",93.0,3.5462365591397846,0.3903566441488748
MGMTFT ,423B    ,"DE REZENDE, PAULO",79.0,3.712658227848102,0.37395156005523705
MGMTEX ,445C    ,"DE REZENDE, PAULO",78.0,3.780769230769231,0.3672690944950353
MGMTEX ,423B    ,"DE REZENDE, PAULO",55.0,3.683636363636363,0.3576507368743658
MGMTGEX,445C    ,"DE REZENDE, PAULO",13.0,4.0,0.0
MGMTFE ,427B    ,"DE REZENDE, PAULO",289.0,3.826297577854671,0.26188125897123987
MUSC   ,21A     ,"DE SILVA, DANTE L",41.0,3.4170731707317072,0.7387868893102908
MUSC   ,120C    ,"DE SILVA, DANTE L",26.0,3.5653846153846156,0.4906371898572365
MUSC   ,3       ,"DE SILVA, DANTE L",58.0,3.618965517241379,0.671194739342677
MUSC   ,20A     ,"DE SILVA, DANTE L",28.0,3.1178571428571433,0.8771111557789222
MUSC   ,20B     ,"DE SILVA, DANTE L",44.0,3.0772727272727267,0.7579468787945368
MUSC   ,21C     ,"DE SILVA, DANTE L",35.0,3.5657142857142854,0.6247023781165634
MUSC   ,21B     ,"DE SILVA, DANTE L",37.0,3.3027027027027027,0.8426106428227101
MUSC   ,120B    ,"DE SILVA, DANTE L",27.0,3.159259259259259,0.6848948333756333
MUSC   ,120A    ,"DE SILVA, DANTE L",27.0,2.9740740740740743,0.8280242403825988
MUSC   ,20C     ,"DE SILVA, DANTE L",43.0,3.0232558139534884,0.8569380888066496
GERMAN ,110     ,"DE ZUBIAURRE, MARIA TERESA",11.0,3.8818181818181823,0.2917601188342039
ARCH&UD,289     ,"DE ZUBIAURRE, MARIA TERESA",10.0,4.0,0.0
GERMAN ,112     ,"DE ZUBIAURRE, MARIA TERESA",40.0,3.8300000000000005,0.3218695387886216
SPAN   ,42      ,"DE ZUBIAURRE, MARIA TERESA",99.0,3.5929292929292926,0.7811222857552718
ELTS   ,187     ,"DE ZUBIAURRE, MARIA TERESA",14.0,4.0,0.0
ENGCOMP,3       ,"DE, ESHA NIYOGI",43.0,3.83953488372093,0.2273605219088417
ENGCOMP,100WD   ,"DE, ESHA NIYOGI",123.0,3.831707317073171,0.5030503818649061
ENGCOMP,5W      ,"DE, ESHA NIYOGI",21.0,3.8190476190476184,0.21956460730282865
ENGCOMP,3D      ,"DE, ESHA NIYOGI",154.0,3.8136363636363635,0.2473412338256871
ENGCOMP,5WD     ,"DE, ESHA NIYOGI",25.0,3.9,0.1766352173265569
MUSC   ,114C    ,"DEAN, MARIA FORTUNA",14.0,4.0,0.0
MUSC   ,74A     ,"DEAN, MICHAEL E",10.0,4.0,0.0
GJ STDS,188     ,"DEANE, ALISON SUSAN",12.0,3.7249999999999996,0.27726341266023546
LING   ,M146    ,"DEBENPORT, ERIN KATHERINE",19.0,3.9157894736842107,0.2942665420735655
ANTHRO ,204A    ,"DEBENPORT, ERIN KATHERINE",18.0,3.927777777777778,0.23524350399711255
AM IND ,M208    ,"DEBENPORT, ERIN KATHERINE",10.0,4.0,0.0
ANTHRO ,M150    ,"DEBENPORT, ERIN KATHERINE",100.0,3.6729999999999996,0.727166418366525
CLUSTER,60A     ,"DECKER, JEFFREY LOUIS",714.0,3.6228291316526615,0.5469265861996133
CLUSTER,60B     ,"DECKER, JEFFREY LOUIS",660.0,3.727272727272727,0.4321354496358242
ENGL   ,11      ,"DECKER, JEFFREY LOUIS",33.0,3.509090909090909,0.727121196335095
ENGL   ,183C    ,"DECKER, JEFFREY LOUIS",58.0,3.717241379310345,0.34498272372259897
ENGL   ,177     ,"DECKER, JEFFREY LOUIS",183.0,3.4912568306010936,0.728371230819173
LIFESCI,30A     ,"DEEDS, ERIC JAMESON",947.0,3.509926082365364,0.8512533121847811
PHYSCI ,M178    ,"DEEDS, ERIC JAMESON",101.0,3.958415841584158,0.19359410776396424
C&S BIO,M178    ,"DEEDS, ERIC JAMESON",86.0,3.917441860465116,0.2506697356827033
MIMG   ,M178    ,"DEEDS, ERIC JAMESON",81.0,3.876543209876544,0.35979129922373626
ASIA AM,10      ,"DEGUZMAN, JEAN-PAUL CONTRERAS",72.0,3.648611111111111,0.6193619152795605
CLUSTER,20CW    ,"DEGUZMAN, JEAN-PAUL CONTRERAS",79.0,3.9392405063291136,0.2577496192186102
CHEM   ,20A     ,"DEIFEL, NICHOLAS",351.0,3.643589743589743,0.9154935413656781
CHEM   ,30CL    ,"DEIFEL, NICHOLAS",45.0,3.7844444444444445,0.22896438884251125
CHEM   ,30BL    ,"DEIFEL, NICHOLAS",384.0,3.8010416666666664,0.5146792673732729
CHEM   ,30B     ,"DEIFEL, NICHOLAS",102.0,3.6205882352941177,0.7534675702838409
HUM GEN,430     ,"DEIGNAN, JOSHUA L",40.0,3.7275,0.3667338953519296
MGMT   ,298D    ,"DELMAS, MAGALI A",21.0,3.7190476190476196,0.3472600886381816
MGMT   ,246A    ,"DELMAS, MAGALI A",70.0,3.68,0.39155368177848326
ENVIRON,163     ,"DELMAS, MAGALI A",180.0,3.832777777777778,0.3196926571908219
ENGL   ,122     ,"DELOUGHREY, ELIZABETH",101.0,3.6059405940594065,0.6876307122801701
ENGL   ,131     ,"DELOUGHREY, ELIZABETH",90.0,3.4,0.8095266106394114
HNRS   ,146     ,"DELOUGHREY, ELIZABETH",45.0,3.7888888888888896,0.6103631786703252
BIOENGR,281     ,"DEMING, TIMOTHY J",13.0,4.0,0.0
BIOENGR,C105    ,"DEMING, TIMOTHY J",118.0,3.633050847457627,0.6063303184252414
BIOENGR,C207    ,"DEMING, TIMOTHY J",42.0,3.7333333333333334,0.2924988129130708
BIOENGR,C205    ,"DEMING, TIMOTHY J",72.0,3.8569444444444443,0.27019868661211804
MATH   ,31AL    ,"DEMIROGLU, YESIM",210.0,2.9066666666666667,1.0381087810387895
MATH   ,32A     ,"DEMIROGLU, YESIM",245.0,3.071428571428572,0.9399522350000732
MATH   ,31B     ,"DEMIROGLU, YESIM",200.0,2.9330000000000003,0.9389946751712707
SOC WLF,231P    ,"DEMKO, COURTNEY MARIE",49.0,3.895918367346938,0.2147225867357165
PUB AFF,80      ,"DEMKO, COURTNEY MARIE",210.0,3.901904761904761,0.30456243472232575
SOC WLF,211A    ,"DEMKO, COURTNEY MARIE",92.0,3.9597826086956522,0.11615187079357299
NURSING,174     ,"DEMMAN, BARBARA LAURA",492.0,3.8857723577235777,0.23992040729694206
NURSING,465B    ,"DEMMAN, BARBARA LAURA",274.0,3.7120437956204375,0.31766860270986347
NURSING,465A    ,"DEMMAN, BARBARA LAURA",274.0,3.8054744525547437,0.36539044371005014
NEURO  ,M220    ,"DENARDO, LAURA ANNE",15.0,3.5799999999999996,0.530659966456864
NEURO  ,201     ,"DENARDO, LAURA ANNE",15.0,3.893333333333333,0.19821424996424675
ARCH&UD,289     ,"DENARI, NEIL MARTIN",39.0,3.894871794871795,0.1866694843405261
ARCH&UD,414     ,"DENARI, NEIL MARTIN",21.0,3.895238095238095,0.18381199110113125
ARCH&UD,415     ,"DENARI, NEIL MARTIN",20.0,3.9850000000000003,0.06538348415311006
ARCH&UD,403C    ,"DENARI, NEIL MARTIN",11.0,3.8090909090909095,0.14431370787625034
ARCH&UD,401     ,"DENARI, NEIL MARTIN",43.0,3.8930232558139535,0.16480481596768903
EDUC   ,140     ,"DENG, MARIO C",70.0,3.8628571428571425,0.42734109112425084
ARCH&UD,289     ,"DENHAMER, LIAM CLAYTON",52.0,3.7038461538461545,0.2667190530397817
ARCH&UD,401     ,"DENHAMER, LIAM CLAYTON",76.0,3.7565789473684212,0.3138619904201064
ARCH&UD,403C    ,"DENHAMER, LIAM CLAYTON",29.0,3.7275862068965515,0.45629433311234535
FRNCH  ,6       ,"DENIE HIGNEY, LAURENCE M",45.0,3.74,0.6416645021608514
FRNCH  ,5       ,"DENIE HIGNEY, LAURENCE M",12.0,3.9166666666666665,0.20344259359556174
FRNCH  ,4       ,"DENIE HIGNEY, LAURENCE M",50.0,3.688,0.5612984945641668
FRNCH  ,191B    ,"DENIE HIGNEY, LAURENCE M",16.0,4.0,0.0
FRNCH  ,3       ,"DENIE HIGNEY, LAURENCE M",65.0,3.7246153846153844,0.3910659079729377
FRNCH  ,1       ,"DENIE HIGNEY, LAURENCE M",43.0,3.7395348837209306,0.6502734790996288
FRNCH  ,140     ,"DENIE HIGNEY, LAURENCE M",10.0,4.0,0.0
FRNCH  ,101     ,"DENIE HIGNEY, LAURENCE M",36.0,3.936111111111111,0.1750440861576461
FRNCH  ,135     ,"DENIE HIGNEY, LAURENCE M",10.0,4.0,0.0
FRNCH  ,130     ,"DENIE HIGNEY, LAURENCE M",16.0,3.98125,0.07261843774138903
FRNCH  ,100     ,"DENIE HIGNEY, LAURENCE M",59.0,3.8254237288135595,0.5488333451903916
FRNCH  ,109     ,"DENIE HIGNEY, LAURENCE M",53.0,3.9283018867924526,0.18670666983929027
PUB PLC,251     ,"DENNIS, CHARLES M",26.0,3.9538461538461536,0.10824036368823292
MUSC   ,102A    ,"DEPINNA, NICK",34.0,3.338235294117647,0.8274747928921897
MUSCLG ,M6A     ,"DEPINNA, NICK",23.0,3.9,0.28437574653509273
MUSC   ,102C    ,"DEPINNA, NICK",44.0,3.402272727272727,0.9031481898850056
MUSC   ,102B    ,"DEPINNA, NICK",46.0,3.5456521739130427,0.6573023001630391
MUSCLG ,M6B     ,"DEPINNA, NICK",23.0,3.491304347826087,0.9006823710161964
MUSC   ,M6C     ,"DEPINNA, NICK",81.0,3.7518518518518515,0.5133071448613455
MUSC   ,M6B     ,"DEPINNA, NICK",80.0,3.7824999999999998,0.605345975455359
MUSCLG ,M6C     ,"DEPINNA, NICK",20.0,3.8050000000000006,0.4055551750378732
MUSC   ,20A     ,"DEPINNA, NICK",21.0,3.4857142857142858,0.7983827189928365
MUSC   ,M6A     ,"DEPINNA, NICK",56.0,3.8089285714285714,0.5970991738977602
HIST   ,187E    ,"DERBY, LAUREN",34.0,3.394117647058824,1.0599503807672233
HIST   ,101     ,"DERBY, LAUREN",133.0,3.6466165413533838,0.6785155039125428
HIST   ,C187O   ,"DERBY, LAUREN",39.0,3.758974358974359,0.29327325904477375
HIST   ,201I    ,"DERBY, LAUREN",21.0,3.923809523809524,0.22446711903605096
HIST   ,8C      ,"DERBY, LAUREN",137.0,3.4087591240875916,0.877993270392608
HIST   ,8B      ,"DERBY, LAUREN",111.0,3.6495495495495494,0.5960642497979429
HIST   ,161     ,"DERBY, LAUREN",98.0,3.5020408163265304,0.7948789654800277
LAW    ,312     ,"DERIAN, STEVEN K",75.0,3.473333333333333,0.36563491202138904
LAW    ,768     ,"DERIAN, STEVEN K",20.0,4.0,0.0
EDUC   ,235     ,"DESJARDINS, RICHARD",34.0,3.9411764705882355,0.3379154497963546
EDUC   ,109A    ,"DESJARDINS, RICHARD",99.0,3.7919191919191917,0.3350491499228038
EDUC   ,204B    ,"DESJARDINS, RICHARD",13.0,4.0,0.0
BIOMATH,M261    ,"DETELS, ROGER",31.0,3.8322580645161293,0.26807208560408685
NEUROSC,191A    ,"DETERS, KACIE DANIELLE",17.0,3.764705882352941,0.32528933088702333
PHYSCI ,M180C   ,"DETERS, KACIE DANIELLE",12.0,3.733333333333333,0.3009245014211298
NEUROSC,M101C   ,"DETERS, KACIE DANIELLE",402.0,3.640547263681592,0.5318443446819046
MCD BIO,M175C   ,"DETERS, KACIE DANIELLE",10.0,3.84,0.30397368307141326
ENGCOMP,131C    ,"DEUEL, NATHAN A",103.0,3.972815533980583,0.11921602710172297
ENGCOMP,131E    ,"DEUEL, NATHAN A",29.0,3.9896551724137934,0.05473968229788805
ENGCOMP,M138    ,"DEUEL, NATHAN A",78.0,3.9551282051282053,0.13648277424645647
ENGCOMP,3       ,"DEUEL, NATHAN A",322.0,3.827329192546584,0.3755720403208639
ENGL   ,160A    ,"DEUTSCH, HELEN E",35.0,3.8485714285714283,0.28220704513978845
ENGL   ,191H    ,"DEUTSCH, HELEN E",12.0,3.975,0.08291561975888495
ENGL   ,M103    ,"DEUTSCH, HELEN E",26.0,3.838461538461539,0.2338259100549333
ENGL   ,184     ,"DEUTSCH, HELEN E",14.0,3.957142857142857,0.1049781318335647
ENGL   ,250     ,"DEUTSCH, HELEN E",17.0,3.9588235294117644,0.16470588235294123
ENGL   ,139     ,"DEUTSCH, HELEN E",87.0,3.839080459770115,0.30863299703621894
MGMT   ,1A      ,"DEVITO, DAVID STEPHEN",180.0,3.3055555555555554,0.5851611575001485
MGMT   ,122     ,"DEVITO, DAVID STEPHEN",851.0,3.4586368977673327,0.4382477914104732
MGMT   ,1B      ,"DEVITO, DAVID STEPHEN",198.0,3.3126262626262633,0.5671051527360419
MGMT   ,124     ,"DEVITO, DAVID STEPHEN",101.0,3.510891089108911,0.394240965189397
MGMTFE ,401     ,"DEVOE, SANFORD E",40.0,3.5449999999999995,0.37613162589710536
MGMTFT ,421B    ,"DEVOE, SANFORD E",32.0,3.6125000000000007,0.4342738191510052
MGMTFT ,409     ,"DEVOE, SANFORD E",62.0,3.530645161290323,0.4301495275191803
MGMTFE ,409     ,"DEVOE, SANFORD E",144.0,3.4277777777777785,0.4327631576477877
NURSING,202     ,"DEVON, HOLLI A",10.0,3.5400000000000005,0.3746998799039039
CHEM   ,14AE    ,"DEWEESE, DORY",318.0,3.0726415094339625,0.9207120247345548
CHEM   ,14BE    ,"DEWEESE, DORY",310.0,3.2093548387096775,0.7566967069754927
PHILOS ,C153B   ,"DEWITT, JANELLE",48.0,3.720833333333333,0.666445275739543
PHILOS ,C151B   ,"DEWITT, JANELLE",76.0,3.4776315789473684,0.8291718576562315
PHILOS ,152A    ,"DEWITT, JANELLE",133.0,3.446616541353383,0.6616848933383989
PHILOS ,4       ,"DEWITT, JANELLE",583.0,3.5404802744425394,0.48762501677677045
PHILOS ,22      ,"DEWITT, JANELLE",236.0,3.5377118644067798,0.526639346919353
PHILOS ,100C    ,"DEWITT, JANELLE",290.0,3.5920689655172415,0.6748480253455017
PHILOS ,C119    ,"DEWITT, JANELLE",173.0,3.4369942196531795,0.8464247727473155
MATH   ,116     ,"DHILLON, GURBIR",33.0,3.4181818181818184,0.7366815624935283
MECH&AE,131A    ,"DHIR, VIJAY K",97.0,3.5463917525773194,0.5137414520160982
MECH&AE,157     ,"DHIR, VIJAY K",24.0,3.8041666666666667,0.24745229618835402
MECH&AE,231C    ,"DHIR, VIJAY K",37.0,3.5189189189189194,0.37549091315009303
BIOENGR,C255    ,"DI CARLO, DINO",18.0,3.5944444444444446,0.4624478615923725
BIOENGR,271     ,"DI CARLO, DINO",37.0,3.875675675675675,0.2519174096806712
BIOENGR,199     ,"DI CARLO, DINO",10.0,3.8200000000000003,0.1469693845669906
APP CHM,203     ,"DIACONESCU, PAULA LOREDANA",19.0,3.573684210526316,0.38091593942573115
ENVIRON,241     ,"DIACONESCU, PAULA LOREDANA",35.0,3.908571428571428,0.18726822409341645
APP CHM,205B    ,"DIACONESCU, PAULA LOREDANA",117.0,3.98974358974359,0.05451356827043406
APP CHM,207     ,"DIACONESCU, PAULA LOREDANA",21.0,3.5857142857142854,0.44645238031749424
APP CHM,209     ,"DIACONESCU, PAULA LOREDANA",92.0,3.9793478260869564,0.14106585224350768
CHEM   ,C207    ,"DIACONESCU, PAULA LOREDANA",74.0,3.683783783783784,0.3848576525288374
APP CHM,C207    ,"DIACONESCU, PAULA LOREDANA",20.0,3.44,0.3469870314579495
CHEM   ,278     ,"DIACONESCU, PAULA LOREDANA",70.0,3.967142857142857,0.12952818620056472
APP CHM,205A    ,"DIACONESCU, PAULA LOREDANA",95.0,3.970526315789474,0.1045025149136072
CHEM   ,C107    ,"DIACONESCU, PAULA LOREDANA",10.0,3.7,0.40987803063838396
GEOG   ,M142    ,"DIAMOND, JARED M",86.0,3.936046511627907,0.22304071517856586
ANTHRO ,M148    ,"DIAMOND, JARED M",16.0,4.0,0.0
GEOG   ,6       ,"DIAMOND, JARED M",46.0,3.902173913043479,0.28703062284346154
HNRS   ,M152    ,"DIAMOND, JARED M",47.0,3.978723404255319,0.10903087638569327
FILM TV,122N    ,"DIAMOND, RON",134.0,3.9932835820895525,0.04438259910805746
AM IND ,M161    ,"DIAZ, VICENTE",14.0,3.5357142857142856,0.8208072184111921
LAW    ,465     ,"DICKER, RICHARD",15.0,3.3733333333333335,0.9601851673274044
ENGCOMP,2       ,"DICKEY, DOMINIQUA",82.0,3.0695121951219506,0.47232921145914797
ENGCOMP,3D      ,"DICKEY, DOMINIQUA",318.0,3.3572327044025156,0.4747669563373099
ENGCOMP,3       ,"DICKEY, DOMINIQUA",41.0,3.7585365853658534,0.41787827014755274
ENGCOMP,1       ,"DICKEY, DOMINIQUA",25.0,2.7799999999999994,0.463033476111609
ENGL   ,182B    ,"DICKEY, STEPHEN J",28.0,3.478571428571429,0.5171053656496648
ENGL   ,150C    ,"DICKEY, STEPHEN J",95.0,3.6505263157894743,0.5362390834046294
ENGL   ,183C    ,"DICKEY, STEPHEN J",23.0,3.608695652173913,0.5274327020563739
ENGL   ,91A     ,"DICKEY, STEPHEN J",67.0,3.8,0.3697518328696259
ENGL   ,150A    ,"DICKEY, STEPHEN J",175.0,3.6319999999999997,0.47184016664241596
ENGL   ,150B    ,"DICKEY, STEPHEN J",104.0,3.5249999999999995,0.5949709107304194
ENGL   ,91B     ,"DICKEY, STEPHEN J",71.0,3.716901408450704,0.8057864525921957
POL SCI,10      ,"DIENSTAG, JOSHUA F",204.0,3.2985294117647053,0.6426414501482717
MATH   ,164     ,"DIEPEVEEN, WILLEM",84.0,2.7535714285714286,1.1389684585886757
MATH   ,32B     ,"DIEPEVEEN, WILLEM",209.0,3.360287081339713,0.9299389874906405
EC ENGR,246     ,"DIGGAVI, SUHAS N",117.0,3.671794871794872,0.4240315570110589
EC ENGR,231A    ,"DIGGAVI, SUHAS N",154.0,3.5876623376623376,0.3795636459262413
EC ENGR,M146    ,"DIGGAVI, SUHAS N",391.0,3.2928388746803074,0.679325581101121
COM SCI,M146    ,"DIGGAVI, SUHAS N",13.0,3.3846153846153846,1.0309414322290043
MGMTMFE,401     ,"DILL, ALEXANDER CASSEL",277.0,3.4364620938628168,0.45656752974006404
EDUC   ,165     ,"DILLMAN, LISA MARIE",22.0,3.7954545454545454,0.32259920634416367
MUSC   ,115C    ,"DIMOND, THERESA ANNE",47.0,3.663829787234042,0.4822048350467962
MUSC   ,C175D   ,"DIMOND, THERESA ANNE",136.0,3.9705882352941178,0.3417338246653603
GEOG   ,411     ,"DIMSON, MONICA J",23.0,3.6652173913043478,0.8249419983047946
GEOG   ,498     ,"DIMSON, MONICA J",16.0,3.7125000000000004,0.5710461890250209
ENGL   ,164C    ,"DIMURO, JOSEPH A",29.0,3.658620689655172,0.36152668750568706
ENGL   ,168     ,"DIMURO, JOSEPH A",101.0,3.0396039603960396,0.8863183622109135
ENGL   ,174A    ,"DIMURO, JOSEPH A",28.0,2.664285714285714,0.7281161042199863
ENGL   ,139     ,"DIMURO, JOSEPH A",16.0,2.9687500000000004,0.955064624776774
ENGL   ,122     ,"DIMURO, JOSEPH A",51.0,3.0901960784313722,0.9406411876513753
ENGL   ,177     ,"DIMURO, JOSEPH A",89.0,3.2471910112359543,0.8565792809998987
ENGL   ,181A    ,"DIMURO, JOSEPH A",50.0,3.4559999999999995,0.590647102761031
ENGL   ,119     ,"DIMURO, JOSEPH A",76.0,3.3815789473684212,0.5924326580242085
ENGL   ,80      ,"DIMURO, JOSEPH A",71.0,3.5535211267605638,0.7280750204952461
EE BIOL,115     ,"DINES, JAMES PATRICK",483.0,3.2,0.8795114397611935
EE BIOL,130     ,"DINES, JAMES PATRICK",58.0,3.5017241379310344,0.5383536138592285
EE BIOL,110     ,"DINES, JAMES PATRICK",154.0,3.3422077922077924,0.8320513273637948
EE BIOL,170     ,"DINES, JAMES PATRICK",111.0,3.5423423423423417,0.6036748646922283
EE BIOL,140     ,"DINES, JAMES PATRICK",112.0,3.625,0.5181526250605538
MATH   ,131A    ,"DING, CHANGYING",150.0,3.0313333333333334,0.9737992035778674
MATH   ,31B     ,"DING, CHANGYING",417.0,3.1520383693045564,0.9970950220216058
MATH   ,131B    ,"DING, CHANGYING",73.0,2.812328767123288,1.0611373073560573
MATH   ,151A    ,"DING, LINGYUN",30.0,3.3500000000000005,0.8015609770940698
COMPTNG,10C     ,"DING, LINGYUN",146.0,3.6657534246575336,0.4892597646269232
MATH   ,151B    ,"DING, LINGYUN",28.0,3.1785714285714284,0.9630150358035298
MATH   ,31A     ,"DING, LINGYUN",22.0,3.7636363636363637,0.38793796897003396
COMPTNG,10B     ,"DING, LINGYUN",344.0,3.615406976744186,0.6273058465115754
COMPTNG,10A     ,"DING, LINGYUN",83.0,3.3939759036144586,0.826131848281293
COM SCI,CM186   ,"DISTEFANO, JOSEPH",30.0,3.4699999999999998,0.5928181283777795
COM SCI,M182    ,"DISTEFANO, JOSEPH",121.0,3.693388429752066,0.6143915268750713
COM SCI,M182    ,"DISTEFANO, JOSEPH, III",58.0,3.5551724137931036,0.820254883387938
BIOENGR,M182    ,"DISTEFANO, JOSEPH, III",42.0,3.5047619047619043,0.7555989049855878
C&S BIO,M186    ,"DISTEFANO, JOSEPH, III",15.0,3.706666666666666,0.7698196036879175
COM SCI,CM186   ,"DISTEFANO, JOSEPH, III",10.0,4.0,0.0
LIFESCI,7C      ,"DIXIE, KATIE LEE INGRAHAM",186.0,3.3591397849462368,0.6372380860476178
MECH&AE,82      ,"DIXIT, ANUSHRI",89.0,3.6595505617977526,0.6932611585545223
MECH&AE,271D    ,"DIXIT, ANUSHRI",28.0,3.9285714285714284,0.22655359324505295
NURSING,152A    ,"DIXON, ELIZABETH LOWELL",49.0,3.663265306122449,0.4596777387368377
NURSING,406     ,"DIXON, ELIZABETH LOWELL",11.0,3.972727272727273,0.0862439361864103
GENDER ,185     ,"DIXON, LYNETTE MAWOLU",41.0,3.9682926829268297,0.12383904658327906
GENDER ,102     ,"DIXON, LYNETTE MAWOLU",43.0,3.7465116279069766,0.7095196007287468
LAW    ,544     ,"DIXTON, JENNIFER",31.0,3.7806451612903227,0.2507014093900058
LAW    ,240     ,"DIXTON, JENNIFER",43.0,3.4953488372093027,0.33546461246989706
DANCE  ,160     ,"DJORDJEVICH, MILKA",43.0,3.9232558139534883,0.28105880316811105
EPIDEM ,268     ,"DLUZNIEWSKI, PAUL",12.0,3.9166666666666665,0.20344259359556174
MATH   ,32B     ,"DO, KIM TUAN",774.0,3.2470284237726097,0.9147288646549403
MATH   ,115A    ,"DO, KIM TUAN",236.0,3.0711864406779665,1.0079011330747838
MATH   ,61      ,"DO, KIM TUAN",556.0,3.2625899280575545,0.8177459264260053
PHYSICS,180M    ,"DO, TUAN H",21.0,3.9285714285714284,0.1277753129999879
ASTR   ,278     ,"DO, TUAN H",9.0,3.966666666666667,0.09428090415820628
ASTR   ,180     ,"DO, TUAN H",97.0,3.812371134020619,0.3877659332130269
PHYSICS,C170M   ,"DO, TUAN H",57.0,3.687719298245614,0.6996415562067746
EC ENGR,M148    ,"DOLECEK, LARA",596.0,3.8639261744966444,0.35609367582026924
EC ENGR,205A    ,"DOLECEK, LARA",247.0,3.640890688259109,0.582390036009242
EC ENGR,131A    ,"DOLECEK, LARA",653.0,3.4669218989280255,0.6707924424078536
EC ENGR,235A    ,"DOLECEK, LARA",16.0,4.0,0.0
LAW    ,629     ,"DOLOVICH, SHARON",14.0,3.7142857142857144,0.28996833043120634
LAW    ,120     ,"DOLOVICH, SHARON",100.0,3.455,0.3737311868174772
LAW    ,668     ,"DOLOVICH, SHARON",13.0,3.6153846153846154,0.37384931939147287
LAW    ,309     ,"DOLOVICH, SHARON",59.0,3.5288135593220336,0.3420034926264456
LAW    ,389     ,"DOLOVICH, SHARON",53.0,3.479245283018868,0.604186179779247
FILIPNO,3       ,"DOMINGO, NENITA PAMBID",151.0,3.6788079470198674,0.47821540098387605
FILIPNO,2       ,"DOMINGO, NENITA PAMBID",156.0,3.7282051282051283,0.4749891863539513
FILIPNO,1       ,"DOMINGO, NENITA PAMBID",231.0,3.7588744588744585,0.5470871602064907
NEUROSC,102     ,"DOMINGUEZ, ELENA NICOLE",61.0,2.9016393442622945,1.034565213702282
PSYCH  ,M116A   ,"DOMINGUEZ, ELENA NICOLE",211.0,3.2890995260663507,0.8185205961965034
NEUROSC,192BX   ,"DOMINGUEZ, ELENA NICOLE",20.0,4.0,0.0
NEUROSC,191H    ,"DOMINGUEZ, ELENA NICOLE",36.0,3.966666666666667,0.09428090415820628
NEUROSC,191A    ,"DOMINGUEZ, ELENA NICOLE",30.0,3.8100000000000005,0.323882694814033
NEUROSC,10      ,"DOMINGUEZ, ELENA NICOLE",161.0,3.4900621118012416,0.8411914774486166
EDUC   ,473     ,"DONALDSON, KENNETH EUGENE",80.0,3.655,0.5674284095813321
NEURO  ,270     ,"DONG, HONG WEI",9.0,3.9000000000000004,0.14142135623730942
A&O SCI,51      ,"DONG, YUE",14.0,3.5642857142857145,0.6089887904869642
PHYSCI ,187A    ,"DONLEA, JEFFREY MICHAEL",13.0,4.0,0.0
NEURO  ,M220    ,"DONLEA, JEFFREY MICHAEL",15.0,3.5799999999999996,0.530659966456864
NEURO  ,201     ,"DONLEA, JEFFREY MICHAEL",15.0,3.893333333333333,0.19821424996424675
LAW    ,122     ,"DORFF, MICHAEL",14.0,3.892857142857143,0.1437472271249864
COM HLT,211A    ,"DORIAN, ALINA",14.0,3.642857142857143,0.331046577893042
COM HLT,400     ,"DORIAN, ALINA",20.0,3.95,0.21794494717703367
EDUC   ,299B    ,"DORIO, JASON",30.0,4.0,0.0
EDUC   ,299C    ,"DORIO, JASON",31.0,4.0,0.0
EDUC   ,299A    ,"DORIO, JASON",17.0,4.0,0.0
EDUC   ,204A    ,"DORIO, JASON",13.0,4.0,0.0
EDUC   ,144     ,"DORIO, JASON",94.0,3.9574468085106385,0.41036811748906193
EDUC   ,144XP   ,"DORIO, JASON",15.0,3.98,0.07483314773547878
EDUC   ,156     ,"DORIO, JASON",58.0,3.972413793103448,0.1399422337082967
EDUC   ,195     ,"DORIO, JASON",85.0,3.9505882352941177,0.23595788727540776
EDUC   ,180     ,"DORIO, JASON",403.0,3.9039702233250617,0.31643817832467525
HUM GEN,405     ,"DORRANI, NAGHMEH",20.0,3.8549999999999995,0.3040970239906994
HLT POL,433     ,"DOTSON, EBBIN",27.0,3.962962962962963,0.18885257457751053
HLT POL,232     ,"DOTSON, EBBIN",24.0,3.7375000000000003,0.8275528684017717
HLT POL,400     ,"DOTSON, EBBIN",36.0,3.6527777777777777,0.651274865642214
ENGR   ,87      ,"DOUGLAS, CATHERINE E",143.0,3.825174825174825,0.34121718192429007
PHILOS ,3       ,"DOVER, DANIELA J",189.0,3.7179894179894175,0.47963189136125256
CHEM   ,247     ,"DOYLE, ABIGAIL GUTMANN",58.0,3.8620689655172415,0.43344155482677704
CHEM   ,C243A   ,"DOYLE, ABIGAIL GUTMANN",119.0,3.5899159663865547,0.4241442116380735
CHEM   ,30CL    ,"DOYLE, ABIGAIL GUTMANN",41.0,3.6487804878048786,0.4294761137737477
EE BIOL,109L    ,"DRAKE, JEANA",79.0,3.9962025316455696,0.03353833240377661
EPS SCI,15      ,"DRAKE, JEANA",62.0,3.564516129032258,0.714841912185676
EPS SCI,1       ,"DRAKE, JEANA",15.0,3.473333333333333,0.6265957406671563
MOL BIO,254B    ,"DREIER, LARS",10.0,3.94,0.11999999999999993
MGMT   ,265     ,"DROLET ROSSI, AIMEE",185.0,3.6908108108108113,0.3016564931890683
MGMT   ,263A    ,"DROLET ROSSI, AIMEE",23.0,3.71304347826087,0.33661272784079854
MGMT   ,298D    ,"DROLET ROSSI, AIMEE",84.0,3.7583333333333337,0.28418988174966564
INF STD,202     ,"DRUCKER, JOHANNA R",28.0,3.7178571428571425,0.7606639822402208
INF STD,289     ,"DRUCKER, JOHANNA R",18.0,3.7277777777777774,0.9109247776942309
INF STD,180     ,"DRUCKER, JOHANNA R",10.0,3.84,0.22449944320643647
PSYCH  ,250B    ,"DU, HAN",140.0,3.8785714285714286,0.29994897525262865
PSYCH  ,258     ,"DU, HAN",23.0,4.0,0.0
PSYCH  ,100A    ,"DU, HAN",1210.0,3.724380165289256,0.5693339483383643
CHEM   ,185     ,"DUAN, XIANGFENG",58.0,3.8086206896551724,0.280568685277144
CHEM   ,267     ,"DUAN, XIANGFENG",11.0,3.972727272727273,0.0862439361864103
CHEM   ,278     ,"DUAN, XIANGFENG",21.0,4.0,0.0
SPAN   ,5       ,"DUARTE, JESUS",23.0,3.973913043478261,0.08453140041401552
SPAN   ,4       ,"DUARTE, JESUS",21.0,3.9714285714285715,0.08806305718527103
LAW    ,779     ,"DUBELMAN, DANIEL",13.0,3.3846153846153846,0.7754365062001718
SOC WLF,151     ,"DUDLEY, TAYLOR IRENE",30.0,3.6733333333333333,0.6303085664092539
PUB AFF,M124    ,"DUDLEY, TAYLOR IRENE",63.0,3.750793650793651,0.345434171650424
AF AMER,112B    ,"DUE, TANANARIVE PRISCILLA",511.0,3.83013698630137,0.5979349499123878
AF AMER,112A    ,"DUE, TANANARIVE PRISCILLA",953.0,3.7960125918153196,0.6073741047281583
PHYSICS,230D    ,"DUMITRESCU, THOMAS",1.0,3.0,0.0
PHYSICS,230C    ,"DUMITRESCU, THOMAS",7.0,3.8714285714285714,0.14846149779161796
PHYSICS,230B    ,"DUMITRESCU, THOMAS",13.0,3.8076923076923075,0.2730498361430592
PHYSICS,127     ,"DUMITRESCU, THOMAS",41.0,3.4439024390243906,0.5910093806724489
PHYSICS,112     ,"DUMITRESCU, THOMAS",49.0,3.1775510204081634,0.6831097279779746
SOC WLF,401C    ,"DUNHAM, LARTHIA R",139.0,3.9575539568345324,0.1340988668164864
SOC WLF,211B    ,"DUNLAP, SHANNON LEE",22.0,3.9863636363636363,0.06248966856757959
SOC WLF,210B    ,"DUNLAP, SHANNON LEE",53.0,3.9716981132075473,0.08769018897073391
SOC WLF,211A    ,"DUNLAP, SHANNON LEE",26.0,3.9884615384615385,0.05769230769230766
SOC WLF,202B    ,"DUNLAP, SHANNON LEE",49.0,4.0,0.0
MAT SCI,246B    ,"DUNN, BRUCE S",20.0,3.6450000000000005,0.3667083309661781
MAT SCI,131     ,"DUNN, BRUCE S",76.0,2.961842105263158,0.7254702839978967
LAW    ,832     ,"DUNN, CHAD WILSON",12.0,4.0,0.0
ANTHRO ,2       ,"DUNNAVANT, JUSTIN PEYTON",315.0,3.909206349206349,0.3399500504266537
ANTHRO ,219     ,"DUNNAVANT, JUSTIN PEYTON",27.0,4.0,0.0
ANTHRO ,119     ,"DUNNAVANT, JUSTIN PEYTON",191.0,3.883246073298429,0.2454442220739826
EDUC   ,455     ,"DURKIN, DIANE",105.0,3.96,0.13564659966250536
EDUC   ,499B    ,"DURKIN, DIANE",104.0,3.963461538461538,0.13802012973844702
EDUC   ,499A    ,"DURKIN, DIANE",92.0,3.985869565217391,0.0841602014523885
EDUC   ,458C    ,"DURKIN, DIANE",98.0,3.9673469387755103,0.15170830644935346
EDUC   ,458B    ,"DURKIN, DIANE",98.0,3.981632653061225,0.07192249055798403
EDUC   ,458A    ,"DURKIN, DIANE",99.0,3.9878787878787874,0.05907148087763005
EDUC   ,499C    ,"DURKIN, DIANE",90.0,3.936666666666667,0.18345450541089353
TURKIC ,101A    ,"DURMUS, ZEYNEP",11.0,4.0,0.0
CHIN   ,180     ,"DUTHIE, NINA NATASHA",38.0,3.6789473684210527,0.44494700733366
CHIN   ,C175    ,"DUTHIE, NINA NATASHA",64.0,3.4812499999999997,0.9270037419018329
CHIN   ,110C    ,"DUTHIE, NINA NATASHA",14.0,3.5714285714285716,1.0353940391592618
CHIN   ,110B    ,"DUTHIE, NINA NATASHA",69.0,3.9014492753623187,0.3891621448230069
CHIN   ,110A    ,"DUTHIE, NINA NATASHA",87.0,3.964367816091954,0.13215891817751546
JAPAN  ,50      ,"DUTHIE, TORQUIL",910.0,3.7929670329670335,0.5583088563984588
JAPAN  ,170     ,"DUTHIE, TORQUIL",17.0,3.835294117647059,0.19686118271390007
JAPAN  ,110A    ,"DUTHIE, TORQUIL",44.0,3.661363636363637,0.4140794330312774
JAPAN  ,200     ,"DUTHIE, TORQUIL",16.0,4.0,0.0
SEASIAN,130     ,"DUTTON, GEORGE EDSON",28.0,3.6642857142857146,0.4907823824657681
SEASIAN,135     ,"DUTTON, GEORGE EDSON",97.0,3.6628865979381438,0.4527851013060331
SEASIAN,50      ,"DUTTON, GEORGE EDSON",46.0,3.4130434782608696,0.7903242855755543
SEASIAN,70      ,"DUTTON, GEORGE EDSON",135.0,3.914814814814815,0.2554642885874349
SEASIAN,C140    ,"DUTTON, GEORGE EDSON",9.0,4.0,0.0
FRNCH  ,4       ,"DUVAL, ELSA",44.0,3.7613636363636362,0.3517591564298383
FRNCH  ,12      ,"DUVAL, ELSA",14.0,3.6214285714285714,0.45067975869563875
FRNCH  ,5       ,"DUVAL, ELSA",25.0,3.728,0.42286640916488033
GERMAN ,1       ,"DUVAL, ELSA",31.0,3.667741935483871,0.5082462552575775
FRNCH  ,120     ,"DUVAL, ELSA",26.0,3.773076923076923,0.32052564076924106
FRNCH  ,3       ,"DUVAL, ELSA",73.0,3.5589041095890406,0.6931831710401287
FRNCH  ,130     ,"DUVAL, ELSA",16.0,3.7562499999999996,0.344544536308443
FRNCH  ,1       ,"DUVAL, ELSA",15.0,3.6333333333333333,0.41739935579996074
FRNCH  ,110XP   ,"DUVAL, ELSA",30.0,3.79,0.5262128846769148
EDUC   ,299B    ,"EAGAN, KEVIN",18.0,4.0,0.0
EDUC   ,299C    ,"EAGAN, KEVIN",12.0,4.0,0.0
EDUC   ,250A    ,"EAGAN, KEVIN",31.0,3.990322580645161,0.053005408790822495
EDUC   ,221     ,"EAGAN, KEVIN",7.0,3.9,0.24494897427831788
EDUC   ,299A    ,"EAGAN, KEVIN",43.0,3.993023255813953,0.045214469988892024
EDUC   ,452B    ,"EAGAN, KEVIN",110.0,3.994545454545454,0.040082559427361074
EDUC   ,35      ,"EAGAN, KEVIN",231.0,3.568831168831169,0.62354795625286
A&O SCI,107     ,"EAGLE, ROBERT ALFRED",135.0,3.4140740740740743,0.7463653124966465
LAW    ,331     ,"EAGLY, INGRID",80.0,3.55,0.3774917217635375
LAW    ,211     ,"EAGLY, INGRID",95.0,3.487368421052632,0.3455711078515064
LAW    ,534     ,"EAGLY, INGRID",16.0,3.9625,0.09921567416492208
SOC SC ,400A    ,"EASON, MACKENZIE H",27.0,3.988888888888889,0.05665577237325313
MATH   ,115A    ,"EBERT, MARK",90.0,2.958888888888889,1.0706067277166247
MATH   ,32BH    ,"EBERT, MARK",29.0,3.4448275862068964,0.9076632395775321
MATH   ,32A     ,"EBERT, MARK",356.0,3.063764044943821,1.004823418133048
LAW    ,217     ,"EBRAHIMI AFROUZI, AMIN",18.0,3.716666666666667,0.3933474573735316
NURSING,214     ,"ECONOMOU, DENICE",68.0,3.980882352941176,0.15648468534462034
NURSING,250     ,"ECONOMOU, DENICE",136.0,3.988970588235294,0.05645507599442523
NURSING,405     ,"ECONOMOU, DENICE",30.0,3.783333333333333,0.40090176131095034
NURSING,216C    ,"ECONOMOU, DENICE",76.0,3.7697368421052633,0.3623823717835919
MIMG   ,262A    ,"ECONOMOU, JAMES S",27.0,4.0,0.0
MSC IND,114     ,"EDGREN, STIG JOHN",155.0,3.9187096774193546,0.23767342646640793
FILM TV,289C    ,"EDMONDS, AARON",14.0,3.742857142857143,0.4967239614489631
AF AMER,110B    ,"EDU, UGO FELICIA",112.0,3.8874999999999997,0.4736116929661743
AF AMER,175     ,"EDU, UGO FELICIA",24.0,3.3624999999999994,1.07812047100498
AF AMER,110C    ,"EDU, UGO FELICIA",46.0,4.0,0.0
AF AMER,1       ,"EDU, UGO FELICIA",498.0,3.6823293172690765,0.7126291864732949
AF AMER,188A    ,"EDU, UGO FELICIA",31.0,3.3677419354838714,1.214797765400505
MGMTFE ,416     ,"EDWARDS, SEBASTIAN",51.0,3.672549019607843,0.3705207947764659
MGMTEX ,416     ,"EDWARDS, SEBASTIAN",150.0,3.65,0.3251153641401772
MGMT   ,406     ,"EDWARDS, SEBASTIAN",145.0,3.5689655172413794,0.34109706200360496
MGMT   ,458B    ,"EDWARDS, SEBASTIAN",98.0,3.6755102040816325,0.3499449590802426
MGMT   ,297E    ,"EDWARDS, SEBASTIAN",48.0,3.6375000000000006,0.3159806164941135
DANCE  ,C122    ,"EEN, ROBERT WILLIAM",46.0,3.884782608695652,0.5368861069830878
DANCE  ,5       ,"EEN, ROBERT WILLIAM",84.0,3.941666666666667,0.43621978223448143
DANCE  ,117C    ,"EEN, ROBERT WILLIAM",16.0,3.9375,0.24206145913796356
COM SCI,35L     ,"EGGERT, PAUL RICHARD",2393.0,2.9777684914333475,0.8470043285190372
COM SCI,111     ,"EGGERT, PAUL RICHARD",374.0,3.109358288770054,0.8214003400827034
COM SCI,131     ,"EGGERT, PAUL RICHARD",970.0,2.8556701030927836,1.0453400839765166
LING   ,20      ,"EISCHENS, BENJAMIN J",575.0,3.781913043478261,0.5065345100088124
LING   ,120A    ,"EISCHENS, BENJAMIN J",35.0,3.48,0.8918039502683792
HLT POL,226B    ,"EISENBERG, DANIEL",24.0,4.0,0.0
MOL BIO,254A    ,"EISENBERG, DAVID S",11.0,3.6363636363636362,0.3418471941266031
CHEM   ,230A    ,"EISENBERG, DAVID S",30.0,3.4933333333333336,0.5163547445528338
PSYCH  ,137K    ,"EISENBERGER, NAOMI ILANA",377.0,3.547214854111406,0.6706415939021849
PSYCH  ,155B    ,"EISENBERGER, NAOMI ILANA",219.0,3.6251141552511417,0.601489293778553
PSYCH  ,191AH   ,"EISENBERGER, NAOMI ILANA",58.0,4.0,0.0
PSYCH  ,191BH   ,"EISENBERGER, NAOMI ILANA",56.0,3.994642857142857,0.03972963475229817
PSYCH  ,191CH   ,"EISENBERGER, NAOMI ILANA",53.0,3.986792452830189,0.09524097708772804
PSYCH  ,225     ,"EISENBERGER, NAOMI ILANA",13.0,4.0,0.0
MGMT   ,298D    ,"EISFELDT, ANDREA LYNN",224.0,3.7433035714285716,0.40833916311089
CH ENGR,104CL   ,"EISLER, CARISSA NICOLE",23.0,3.9434782608695653,0.16104573197784464
CH ENGR,104C    ,"EISLER, CARISSA NICOLE",32.0,3.778125,0.40522707754418386
CH ENGR,104A    ,"EISLER, CARISSA NICOLE",164.0,3.805487804878049,0.27302574004904334
CH ENGR,101B    ,"EISLER, CARISSA NICOLE",62.0,3.7564516129032253,0.5034144600887333
CH ENGR,101A    ,"EISLER, CARISSA NICOLE",288.0,3.6628472222222226,0.5606682064912026
COM SCI,130     ,"ELAASAR, MAGED",280.0,3.2,0.6395310782127792
BIOMATH,M262    ,"ELASHOFF, DAVID",9.0,4.0,0.0
BIOMATH,M260B   ,"ELASHOFF, DAVID",16.0,4.0,0.0
BIOMATH,267     ,"ELASHOFF, DAVID",16.0,4.0,0.0
BIOMATH,266A    ,"ELASHOFF, DAVID",16.0,4.0,0.0
BIOMATH,260B    ,"ELASHOFF, DAVID",10.0,4.0,0.0
BIOMATH,259     ,"ELASHOFF, DAVID",28.0,4.0,0.0
MECH&AE,103     ,"ELDREDGE, JEFFREY D",148.0,3.447972972972973,0.7339700997844858
MECH&AE,150A    ,"ELDREDGE, JEFFREY D",188.0,3.668617021276595,0.5036295942663759
MECH&AE,250B    ,"ELDREDGE, JEFFREY D",40.0,3.665,0.34967842369811725
MECH&AE,250A    ,"ELDREDGE, JEFFREY D",37.0,3.7270270270270265,0.32685946120259074
MECH&AE,C250G   ,"ELDREDGE, JEFFREY D",13.0,4.0,0.0
MECH&AE,C150G   ,"ELDREDGE, JEFFREY D",33.0,3.89090909090909,0.24291616756158887
HLT POL,M434    ,"ELGINER, JULIE ANNE",33.0,3.9181818181818175,0.27242407388675816
HLT ADM,406     ,"ELGINER, JULIE ANNE",63.0,3.7396825396825397,0.380700975244719
HLT POL,436     ,"ELGINER, JULIE ANNE",41.0,3.724390243902439,0.39185642455597713
HLT POL,240     ,"ELGINER, JULIE ANNE",28.0,3.942857142857143,0.15452362609131381
HLT POL,596     ,"ELGINER, JULIE ANNE",12.0,4.0,0.0
COM HLT,M430    ,"ELGINER, JULIE ANNE",50.0,3.9539999999999997,0.24348305895893455
HLT POL,445     ,"ELGINER, JULIE ANNE",108.0,3.7759259259259266,0.4029682393445406
ARCH&UD,142     ,"ELIMAM, SAMAA",20.0,3.8549999999999995,0.22466641938660972
ARCH&UD,289     ,"ELIMAM, SAMAA",123.0,3.678048780487805,0.4787409954347913
ARCH&UD,413     ,"ELIMAM, SAMAA",11.0,3.5727272727272723,0.3332782323604248
FILM TV,414C    ,"ELIZONDO, LESLEY",22.0,3.790909090909091,0.4461034235049199
FILM TV,412B    ,"ELIZONDO, LESLEY",22.0,3.8181818181818183,0.4488737052955822
FILM TV,412A    ,"ELIZONDO, LESLEY",22.0,3.686363636363636,0.385292633232379
FILM TV,419     ,"ELIZONDO, LESLEY",10.0,3.8,0.3435112807463534
FILM TV,412C    ,"ELIZONDO, LESLEY",12.0,3.6666666666666665,0.6236095644623235
FILM TV,414A    ,"ELIZONDO, LESLEY",25.0,3.8560000000000003,0.393019083506132
FILM TV,122E    ,"ELIZONDO, LESLEY",123.0,3.7284552845528456,0.6806883561839671
FILM TV,414B    ,"ELIZONDO, LESLEY",23.0,4.0,0.0
BIOENGR,M236    ,"ELLINGSON, BENJAMIN M",10.0,3.71,0.585576638878294
NEURO  ,265     ,"ELLINGSON, BENJAMIN M",10.0,4.0,0.0
DESMA  ,25      ,"ELLIOTT, BETH ANN",75.0,3.744,0.5362188607897588
DESMA  ,160     ,"ELLIOTT, BETH ANN",45.0,3.804444444444445,0.3938164014165628
DESMA  ,154     ,"ELLIOTT, BETH ANN",40.0,3.815,0.33507461855533016
DESMA  ,150     ,"ELLIOTT, BETH ANN",22.0,3.6136363636363638,0.46348036591292285
PHILOS ,184     ,"ELLIOTT, KATRINA JEANINE",36.0,3.683333333333333,0.5799904213768439
PHILOS ,191     ,"ELLIOTT, KATRINA JEANINE",12.0,4.0,0.0
PHILOS ,8       ,"ELLIOTT, KATRINA JEANINE",309.0,3.302588996763754,0.6997871354632313
PHILOS ,232     ,"ELLIOTT, KATRINA JEANINE",17.0,4.0,0.0
CHEM   ,153A    ,"ELLIS GUARDIOLA, KAT",1124.0,3.3077402135231315,0.7234768391465266
CCAS   ,187C    ,"ELLIS, HELEN",169.0,3.3923076923076922,0.9722176199759578
CCAS   ,169     ,"ELLIS, HELEN",119.0,3.4268907563025213,0.8664326047962703
CCAS   ,142     ,"ELLIS, HELEN",95.0,3.512631578947368,0.9253439878471548
CCAS   ,C141    ,"ELLIS, HELEN",79.0,3.781012658227848,0.5882985441550567
CCAS   ,188     ,"ELLIS, HELEN",38.0,3.6526315789473687,0.7625224214495574
ART HIS,CM139A  ,"ELLIS, HELEN",13.0,3.5153846153846158,1.144784933679116
GREEK  ,1       ,"ELLIS, RICHARD MILES",10.0,3.47,0.5330103188494573
CLASSIC,M145A   ,"ELLIS, RICHARD MILES",47.0,3.7680851063829786,0.5091111917085118
CLASSIC,88GE    ,"ELLIS, RICHARD MILES",19.0,3.7578947368421054,0.30833302138688023
CLASSIC,30      ,"ELLIS, RICHARD MILES",542.0,3.7769372693726946,0.3958309394125651
CLASSIC,165     ,"ELLIS, RICHARD MILES",30.0,3.6300000000000003,0.537990086649683
PHILOS ,M103A   ,"ELLIS, RICHARD MILES",18.0,3.8777777777777778,0.19309052441091962
MATH   ,110BH   ,"ELMAN, RICHARD S",46.0,3.5891304347826085,0.6821412135039786
MATH   ,110C    ,"ELMAN, RICHARD S",64.0,3.7,0.81967981553775
MATH   ,110AH   ,"ELMAN, RICHARD S",53.0,3.443396226415094,0.8577085386914663
EC ENGR,M275    ,"EMAMINEJAD, SAM",59.0,3.82542372881356,0.21908377806178336
EC ENGR,121B    ,"EMAMINEJAD, SAM",322.0,3.7055900621118014,0.43506955925681773
EC ENGR,101A    ,"EMAMINEJAD, SAM",237.0,3.6316455696202534,0.5788562060568223
LAW    ,140     ,"EMERSON, BLAKE E",239.0,3.438912133891214,0.38598955670619056
LAW    ,216     ,"EMERSON, BLAKE E",141.0,3.4879432624113478,0.4238417972796826
LAW    ,644     ,"EMERSON, BLAKE E",39.0,3.871794871794872,0.19074579398356195
MGMT   ,298D    ,"EMERUWA, I OBI",32.0,3.759375,0.39279397828250884
SOCIOL ,204     ,"EMIGH, REBECCA J",15.0,3.76,0.26532998322843204
SOCIOL ,189     ,"EMIGH, REBECCA J",1.0,4.0,0.0
SOCIOL ,123     ,"EMIGH, REBECCA J",98.0,2.966326530612245,0.8405469402025575
SOCIOL ,102     ,"EMIGH, REBECCA J",180.0,3.503888888888889,0.6386934483675674
JAPAN  ,75      ,"EMMERICH, MICHAEL D",730.0,3.8732876712328768,0.4311645739714727
JAPAN  ,240B    ,"EMMERICH, MICHAEL D",15.0,4.0,0.0
MATH   ,151A    ,"ENAKOUTSA, KOFFI",205.0,3.632682926829268,0.6045801784275856
MATH   ,115A    ,"ENAKOUTSA, KOFFI",37.0,3.2432432432432434,0.698082524564965
MATH   ,170S    ,"ENAKOUTSA, KOFFI",228.0,3.407017543859649,0.8741631886518486
MATH   ,32A     ,"ENAKOUTSA, KOFFI",1423.0,3.0869290231904434,1.0947382234193797
MATH   ,32B     ,"ENAKOUTSA, KOFFI",593.0,3.8043844856661044,0.4937528796206388
MATH   ,42      ,"ENAKOUTSA, KOFFI",136.0,3.7889705882352938,0.5828016505131316
MATH   ,164     ,"ENAKOUTSA, KOFFI",172.0,3.441279069767442,0.9348452135422504
MATH   ,191     ,"ENAKOUTSA, KOFFI",16.0,3.6375000000000006,0.3705991770093398
MATH   ,120A    ,"ENAKOUTSA, KOFFI",69.0,3.089855072463768,1.0351986335385432
MATH   ,95      ,"ENAKOUTSA, KOFFI",11.0,3.2454545454545456,0.933579267086563
MATH   ,142     ,"ENAKOUTSA, KOFFI",38.0,3.378947368421053,0.8861976418315565
PSYCH  ,258     ,"ENDERS, CRAIG KYLE",20.0,3.9850000000000003,0.06538348415311006
PSYCH  ,256A    ,"ENDERS, CRAIG KYLE",98.0,3.9224489795918367,0.23322521840263924
PSYCH  ,100A    ,"ENDERS, CRAIG KYLE",909.0,3.809130913091309,0.46070474237785025
URBN PL,260A    ,"ENGEL, RUTH ALIZA",47.0,3.7936170212765954,0.4660400198864986
C&EE   ,141     ,"ENGLISH, JACKSON L",79.0,3.3164556962025316,0.653990744282206
URBN PL,218B    ,"EPLEY, ELLEN ELIZABETH",50.0,3.9939999999999998,0.041999999999999975
ENGCOMP,3       ,"EPPS, JAMES LATIFAH",12.0,4.0,0.0
MGMT   ,286     ,"ERICKSON, CHRISTOPHER L",117.0,3.76068376068376,0.27267502493529566
MGMTGEX,404     ,"ERICKSON, CHRISTOPHER L",45.0,3.8488888888888892,0.2688429712859843
COM SCI,CM122   ,"ERNST, JASON",154.0,3.8298701298701294,0.45070361588023183
COM SCI,M225    ,"ERNST, JASON",15.0,4.0,0.0
BIOINFO,M225    ,"ERNST, JASON",15.0,4.0,0.0
COM SCI,C122    ,"ERNST, JASON",234.0,3.7773504273504273,0.6074676216793009
HUM GEN,M265    ,"ERNST, JASON",11.0,4.0,0.0
COM SCI,C222    ,"ERNST, JASON",13.0,3.623076923076923,1.053312610586858
DS BMED,208     ,"ERNST, JASON",18.0,3.7777777777777777,0.9162456945817024
HLT ADM,597     ,"ERSKINE, LAURA S",150.0,3.9086666666666665,0.31494690910621037
HLT ADM,596     ,"ERSKINE, LAURA S",196.0,3.9433673469387753,0.14216578334531044
HLT ADM,405     ,"ERSKINE, LAURA S",19.0,3.810526315789474,0.3625853610452597
HLT POL,400     ,"ERSKINE, LAURA S",50.0,3.7519999999999993,0.4104826427511887
HLT ADM,402     ,"ERSKINE, LAURA S",41.0,3.8317073170731706,0.3776945626155972
HLT ADM,411     ,"ERSKINE, LAURA S",13.0,3.292307692307692,1.060813576358722
HLT ADM,400     ,"ERSKINE, LAURA S",121.0,3.689256198347107,0.527711675110905
HLT POL,232     ,"ERSKINE, LAURA S",61.0,3.8819672131147542,0.2819767440249671
HLT POL,234     ,"ERSKINE, LAURA S",74.0,3.782432432432432,0.43195285907336095
HLT ADM,408     ,"ERSKINE, LAURA S",24.0,3.908333333333333,0.2706730294818619
EDUC   ,499C    ,"ESCOBEDO, CINDY R",27.0,3.8703703703703702,0.27191340508115047
CCAS   ,M102    ,"ESCOBEDO, CINDY R",19.0,3.621052631578948,0.8947678013219679
ENGCOMP,3       ,"ESCOBEDO, CINDY R",20.0,3.65,0.3500000000000001
EDUC   ,499B    ,"ESCOBEDO, CINDY R",27.0,3.974074074074074,0.13219680220425742
ENGCOMP,100W    ,"ESCOBEDO, CINDY R",20.0,3.845,0.239739441894737
EDUC   ,499A    ,"ESCOBEDO, CINDY R",28.0,3.975,0.12990381056766584
EDUC   ,156     ,"ESCOBEDO, CINDY R",39.0,3.7743589743589743,0.27893382058404953
EDUC   ,M102    ,"ESCOBEDO, CINDY R",116.0,3.8172413793103446,0.3396945539920983
PHYSCI ,136     ,"ESDIN, JOSEPH",105.0,3.6142857142857143,0.5593241791796293
PHYSCI ,111A    ,"ESDIN, JOSEPH",466.0,3.2759656652360514,0.6978981557010989
PHYSCI ,166     ,"ESDIN, JOSEPH",103.0,3.701941747572816,0.5180209881650263
PUB HLT,M160B   ,"ESDIN, JOSEPH",34.0,4.0,0.0
MED    ,M160A   ,"ESDIN, JOSEPH",19.0,4.0,0.0
PUB HLT,M160A   ,"ESDIN, JOSEPH",26.0,4.0,0.0
LIFESCI,7C      ,"ESDIN, JOSEPH",2818.0,3.358268275372605,0.6881054593608503
PHYSCI ,5       ,"ESDIN, JOSEPH",3714.0,3.7141357027463653,0.5746736742543035
STATS  ,112     ,"ESFANDIARI, MARYAM MAHTASH",160.0,3.8431250000000006,0.31137234041417355
STATS  ,141XP   ,"ESFANDIARI, MARYAM MAHTASH",452.0,3.888274336283186,0.26460796674899517
STATS  ,402     ,"ESFANDIARI, MARYAM MAHTASH",154.0,3.942857142857143,0.17126615682893578
COM SCI,CM124   ,"ESKIN, ELEAZAR",68.0,3.789705882352941,0.6485594230751069
COM SCI,C122    ,"ESKIN, ELEAZAR",234.0,3.7773504273504273,0.6074676216793009
COM SCI,C121    ,"ESKIN, ELEAZAR",130.0,3.7846153846153845,0.6419275706161559
COM SCI,C221    ,"ESKIN, ELEAZAR",13.0,3.776923076923077,0.6091025506101277
BIOINFO,M224    ,"ESKIN, ELEAZAR",17.0,3.9411764705882355,0.23529411764705882
DS BMED,219     ,"ESKIN, ELEAZAR",31.0,3.935483870967742,0.21634558241428667
COM SCI,CM224   ,"ESKIN, ELEAZAR",29.0,3.806896551724138,0.5342936261585259
COM SCI,C222    ,"ESKIN, ELEAZAR",13.0,3.623076923076923,1.053312610586858
CCAS   ,254     ,"ESPINO, VIRGINIA",12.0,3.8083333333333336,0.55145010855219
LBR STD,182     ,"ESPINO, VIRGINIA",109.0,3.6743119266055047,0.9591092646830576
LBR STD,140     ,"ESPINO, VIRGINIA",104.0,3.8288461538461536,0.45965561458951926
CCAS   ,M154    ,"ESPINO, VIRGINIA",39.0,3.592307692307692,0.9411898131088132
CCAS   ,M127    ,"ESPINO, VIRGINIA",83.0,3.7710843373493983,0.6665014069132427
CCAS   ,181     ,"ESPINO, VIRGINIA",41.0,3.4048780487804877,0.9435147625125533
CCAS   ,157     ,"ESPINO, VIRGINIA",47.0,3.5872340425531912,0.7611908423093204
HIST   ,M151B   ,"ESPINO, VIRGINIA",19.0,3.878947368421053,0.2706307396248935
LBR STD,M143    ,"ESPINO, VIRGINIA",72.0,3.605555555555555,0.7977205179079688
CCAS   ,M159B   ,"ESPINO, VIRGINIA",35.0,3.917142857142857,0.1843687520560192
LBR STD,M127    ,"ESPINO, VIRGINIA",25.0,3.884,0.24605690398767516
DESMA  ,22      ,"ESPOSITO, PAUL CARLO",79.0,3.979746835443038,0.14873283058910988
MGMT   ,165     ,"ESTEVES-SORENSON, CONSTANCA MEDEIROS",119.0,3.5109243697478987,0.30754924889934687
MGMT   ,264A    ,"ESTEVES-SORENSON, CONSTANCA MEDEIROS",294.0,3.563605442176871,0.3543729646370062
ART    ,11A     ,"ESTRADA, VICTOR R",18.0,3.927777777777778,0.1789026909789402
ART    ,133     ,"ESTRADA, VICTOR R",15.0,4.0,0.0
ART    ,133A    ,"ESTRADA, VICTOR R",14.0,3.9785714285714286,0.07726181304565687
DESMA  ,24      ,"EUCEPH, MAHNOOR",17.0,3.488235294117647,0.9767186077649618
PHYSCI ,M106    ,"EVANS, CHRISTOPHER J",17.0,3.6882352941176473,0.495725674780597
PSYCTRY,178     ,"EVANS, CHRISTOPHER J",129.0,3.5844961240310074,0.37549958709359127
NEUROSC,192CX   ,"EVANS, CHRISTOPHER J",55.0,4.0,0.0
NEUROSC,M187    ,"EVANS, CHRISTOPHER J",21.0,3.6380952380952385,0.3993759304049858
PSYCTRY,173     ,"EVANS, CHRISTOPHER J",36.0,3.9222222222222225,0.19164653678511487
NEUROSC,C177    ,"EVANS, CHRISTOPHER J",164.0,3.627439024390244,0.47412643928420245
DIS STD,101W    ,"EVASHKOVSKY, MAYA",19.0,3.6526315789473687,0.970278538984191
INF STD,289     ,"EVERETT, DINO",31.0,3.9612903225806453,0.10057069205238636
INF STD,480     ,"EVERETT, DINO",41.0,3.978048780487805,0.07812496281974125
AERO ST,130C    ,"EVERHART, ROBERT",11.0,4.0,0.0
AERO ST,20A     ,"EVERHART, ROBERT",12.0,4.0,0.0
POL SCI,140B    ,"EWING, SEAN",41.0,3.0439024390243903,0.8548423846984764
POL SCI,40      ,"EWING, SEAN",61.0,3.706557377049181,0.6769916222110431
PHYSICS,10      ,"FABER, JUSTIN DANIEL",146.0,3.5219178082191775,0.39836878878075804
IRANIAN,CM163   ,"FABIAN, LARA",23.0,3.6608695652173906,0.44890119997009764
AN N EA,CM163   ,"FABIAN, LARA",41.0,3.6268292682926835,0.9307810489554386
IRANIAN,35      ,"FABIAN, LARA",20.0,3.5799999999999996,0.9335952013587046
INF STD,234     ,"FABICON, JOANNA KRISTEN",10.0,4.0,0.0
INF STD,425     ,"FABICON, JOANNA KRISTEN",27.0,4.0,0.0
SOC WLF,231X    ,"FABRICK, SAMARA BERGEN",22.0,3.877272727272727,0.32603934255325995
MECH&AE,105D    ,"FAGHRI, SEYED AMIR",44.0,2.9954545454545456,0.9105329471984439
GENDER ,M146    ,"FAIER, LIEBA BERNICE",32.0,3.5125,0.7240295228787291
GEOG   ,M144    ,"FAIER, LIEBA BERNICE",110.0,3.5218181818181815,0.800384205262109
GEOG   ,8       ,"FAIER, LIEBA BERNICE",109.0,3.61651376146789,0.6620116356786524
GEOG   ,3       ,"FAIER, LIEBA BERNICE",460.0,3.5682608695652176,0.717963013301388
GEOG   ,145     ,"FAIER, LIEBA BERNICE",126.0,2.962698412698413,1.0748742360531365
PUB PLC,208     ,"FAIRLIE, ROBERT W",85.0,3.58,0.41325109871388765
ECON   ,422     ,"FAJGELBAUM, PABLO DAVID",61.0,3.7852459016393443,0.2751071717091839
ECON   ,121     ,"FAJGELBAUM, PABLO DAVID",119.0,3.331932773109244,0.6610321408818671
ITALIAN,3       ,"FALBO, MARIA",61.0,3.8098360655737706,0.5007224020804103
ITALIAN,2       ,"FALBO, MARIA",66.0,3.810606060606061,0.3196251535019543
ITALIAN,1       ,"FALBO, MARIA",141.0,3.6170212765957452,0.8113518573508901
SPAN   ,3A      ,"FALCE-ROBINSON, JULIET A",41.0,3.9609756097560975,0.13043650689874084
SPAN   ,4       ,"FALCE-ROBINSON, JULIET A",17.0,3.9647058823529413,0.09665692191267633
SPAN   ,2A      ,"FALCE-ROBINSON, JULIET A",41.0,3.9609756097560975,0.13043650689874084
SPAN   ,5       ,"FALCE-ROBINSON, JULIET A",18.0,3.966666666666667,0.09428090415820628
SPAN   ,1       ,"FALCE-ROBINSON, JULIET A",18.0,3.672222222222222,0.923041804491815
ENGCOMP,100W    ,"FALLOWS, RANDALL JONATHAN",200.0,3.8535000000000004,0.36930712151270517
ENGCOMP,3       ,"FALLOWS, RANDALL JONATHAN",232.0,3.6840517241379307,0.5462686569815951
ENGCOMP,5W      ,"FALLOWS, RANDALL JONATHAN",39.0,3.6666666666666665,0.4942403304805308
NURSING,239C    ,"FALLS, LAKEISHA",34.0,3.576470588235294,0.32904391225757645
NURSING,264     ,"FALLS, LAKEISHA",82.0,3.9890243902439027,0.05632245482319748
LAW    ,640     ,"FALSAFI, SHIVA",34.0,3.964705882352941,0.09665692191267633
LAW    ,671     ,"FALSAFI, SHIVA",74.0,3.8878378378378384,0.2265801586591989
LAW    ,965     ,"FALSAFI, SHIVA",11.0,3.8272727272727267,0.2178027009220171
DESMA  ,156     ,"FANG, ZHENG",21.0,3.9000000000000004,0.14142135623730942
PSYCH  ,112B    ,"FANSELOW, MICHAEL S",65.0,3.1861538461538457,0.826461767569703
PSYCH  ,204D    ,"FANSELOW, MICHAEL S",11.0,3.972727272727273,0.0862439361864103
MCD BIO,192B    ,"FARMER, D'JUAN TYREE",53.0,3.981132075471698,0.10289508078819609
MCD BIO,138     ,"FARMER, D'JUAN TYREE",244.0,3.598360655737705,0.5220520052226092
MATH   ,170E    ,"FAROLFI, GIULIO",171.0,3.4953216374269003,0.9051388614669407
MATH   ,170S    ,"FAROLFI, GIULIO",164.0,3.4493902439024393,0.8359671594100666
MATH   ,177     ,"FAROLFI, GIULIO",118.0,3.344915254237288,0.8831374595606125
MATH   ,33A     ,"FAROLFI, GIULIO",74.0,3.8513513513513513,0.3606462829658622
MGMTMSA,440     ,"FAROOQ, HAMZA",35.0,3.3685714285714288,0.38230236991263383
MGMT   ,298E    ,"FAROOQ, HAMZA",23.0,3.443478260869565,0.370459276593753
HIN-URD,1       ,"FAROOQUE, SARFARAZ AHMAD",194.0,3.9139175257731957,0.427486194872126
HIN-URD,100A    ,"FAROOQUE, SARFARAZ AHMAD",12.0,4.0,0.0
HIN-URD,100B    ,"FAROOQUE, SARFARAZ AHMAD",10.0,3.94,0.11999999999999993
HIN-URD,2       ,"FAROOQUE, SARFARAZ AHMAD",147.0,3.927210884353742,0.23227880945903723
HIN-URD,3       ,"FAROOQUE, SARFARAZ AHMAD",132.0,3.9325757575757567,0.23947423854656347
MGMT   ,273     ,"FARRELL, BRIAN J",177.0,3.725988700564972,0.3401599156777657
MGMT   ,298E    ,"FARRELL, BRIAN J",67.0,3.6447761194029855,0.41798506796494234
MGMT   ,293C    ,"FARRELL, BRIAN J",58.0,3.943103448275862,0.11760845173346965
MGMT   ,298D    ,"FARRELL, BRIAN J",160.0,3.610625,0.42139602439391854
MSC IND,114B    ,"FARRIS, TINA DENYCE",23.0,3.8826086956521744,0.1464126803520237
GLB HLT,140     ,"FARZANEGAN, MARYAM",46.0,3.9,0.38785923040285586
GLB HLT,160     ,"FARZANEGAN, MARYAM",41.0,3.9414634146341463,0.11888836689711155
GLB HLT,100     ,"FARZANEGAN, MARYAM",20.0,3.8549999999999995,0.22466641938660972
GLB HLT,191     ,"FARZANEGAN, MARYAM",36.0,3.875,0.28321075779944044
MUSCLG ,125B    ,"FAVILA, CESAR DANIEL",144.0,3.4791666666666665,0.871371444588612
ARCH&UD,223     ,"FEGHALI, YARA",85.0,3.7870588235294114,0.24771341852282244
ARCH&UD,289     ,"FEGHALI, YARA",92.0,3.8902173913043474,0.18999987563422455
ARCH&UD,413     ,"FEGHALI, YARA",14.0,4.0,0.0
ARCH&UD,411     ,"FEGHALI, YARA",11.0,3.8181818181818183,0.2690663379445226
ARCH&UD,412     ,"FEGHALI, YARA",32.0,3.7,0.4401704215414752
ARCH&UD,222     ,"FEGHALI, YARA",54.0,3.8018518518518514,0.1747916651338797
ARCH&UD,401     ,"FEGHALI, YARA",157.0,3.8426751592356694,0.24835864288883952
ARCH&UD,142     ,"FEGHALI, YARA",26.0,3.5615384615384613,0.36487819155789
CHEM   ,153B    ,"FEIGON, JULI F",77.0,2.9558441558441557,0.8972531685315309
CHEM   ,269C    ,"FEIGON, JULI F",16.0,3.7562499999999996,0.344544536308443
MSC IND,122     ,"FEINBERG, JASON FREDERIC",35.0,3.757142857142857,0.47043184676314126
LAW    ,972     ,"FELDMAN, ROBERT C",71.0,3.6577464788732392,0.3313064076154253
MGMT   ,297E    ,"FELER, LEO",14.0,3.914285714285714,0.1355261854357876
MGMT   ,201A    ,"FELER, LEO",43.0,3.730232558139535,0.24545627538527934
COM LIT,191     ,"FELIPE, LISA BERNARDO",36.0,3.7249999999999996,0.23139072294858037
COMPTNG,10B     ,"FENG, XUE",69.0,3.363768115942029,0.7533444300502624
COMPTNG,10A     ,"FENG, XUE",66.0,3.2393939393939397,0.8216536887312643
PSYCH  ,M257    ,"FENG, YI",29.0,3.920689655172414,0.256473848024649
PSYCH  ,100A    ,"FENG, YI",443.0,3.765011286681715,0.5937364468094426
FILM TV,109     ,"FERNANDEZ DE ALBA, ANA",40.0,3.9275000000000007,0.20246913345001502
FILM TV,106C    ,"FERNANDEZ DE ALBA, ANA",162.0,3.8259259259259255,0.5422353772943764
ANTHRO ,124S    ,"FESSLER, DANIEL",351.0,2.8703703703703702,1.1343533015261773
LAW    ,737     ,"FEUER, JOEL",29.0,3.810344827586207,0.2440249105235053
NEURO  ,205     ,"FIELD, GREG",17.0,3.823529411764706,0.347307986332365
MUSC   ,C185C   ,"FIELDING, CHERYL LIN",17.0,3.7647058823529407,0.4613805070853548
MSC IND,M181    ,"FINELL, JUDITH",88.0,3.901136363636364,0.2677746331007315
FILM TV,298A    ,"FINELL, MELISSA A",19.0,3.878947368421052,0.22613211640990355
FILM TV,178     ,"FINELL, MELISSA A",88.0,3.911363636363636,0.2176484959024414
MSC IND,195CE   ,"FINK, ROBERT W",14.0,4.0,0.0
CLUSTER,60A     ,"FINK, ROBERT W",476.0,3.704411764705882,0.5473402750285369
CLUSTER,60B     ,"FINK, ROBERT W",448.0,3.7877232142857147,0.4279896884151163
PSYCH  ,100B    ,"FIRSTENBERG, IRIS",3724.0,3.49266917293233,0.6952404301766133
MGMT   ,250D    ,"FIRSTENBERG, IRIS",711.0,3.670745428973278,0.3597379592545294
MUSC   ,185H    ,"FISHER, KENNETH G",1143.0,4.0,0.0
ART    ,133     ,"FISHER, KIM A",31.0,3.980645161290323,0.07370103005674745
ART    ,11A     ,"FISHER, KIM A",17.0,4.0,0.0
ENGL   ,10A     ,"FISHER, MATTHEW N",147.0,3.0870748299319724,0.7835270082337774
ENGL   ,257     ,"FISHER, MATTHEW N",10.0,3.9299999999999997,0.21000000000000005
ENGL   ,184     ,"FISHER, MATTHEW N",25.0,3.5239999999999996,1.0984643826724652
ENGL   ,146     ,"FISHER, MATTHEW N",28.0,3.410714285714285,0.5087374327786428
ENGL   ,142R    ,"FISHER, MATTHEW N",41.0,3.4170731707317072,0.8204408211367273
ENGL   ,142     ,"FISHER, MATTHEW N",32.0,3.2625,0.6660283402378611
ENGL   ,140A    ,"FISHER, MATTHEW N",64.0,3.175,0.8600508705884786
ENGL   ,182A    ,"FISHER, MATTHEW N",17.0,3.6764705882352944,0.32814883955250246
MECH&AE,133A    ,"FISHER, TIMOTHY S",304.0,3.1351973684210526,0.8017936064608496
MECH&AE,231A    ,"FISHER, TIMOTHY S",24.0,3.5375,0.42112201319807546
MECH&AE,298     ,"FISHER, TIMOTHY S",11.0,4.0,0.0
MECH&AE,C231G   ,"FISHER, TIMOTHY S",31.0,3.593548387096774,0.6153601011686586
MECH&AE,C131G   ,"FISHER, TIMOTHY S",10.0,3.7,0.40987803063838396
LAW    ,319     ,"FISHKIN, JOSEPH RENE",16.0,3.51875,0.3778537250047961
LAW    ,567     ,"FISHKIN, JOSEPH RENE",56.0,3.8875,0.1899835519196333
LAW    ,263     ,"FISHKIN, JOSEPH RENE",82.0,3.5292682926829264,0.540660798237438
LAW    ,148     ,"FISHKIN, JOSEPH RENE",85.0,3.4529411764705884,0.37246025774385105
ANTHRO ,139     ,"FISKE, ALAN PAGE",285.0,3.802105263157894,0.6609900517926048
ANTHRO ,191     ,"FISKE, ALAN PAGE",113.0,3.7265486725663717,0.5753056439095371
ANTHRO ,138P    ,"FISKE, ALAN PAGE",332.0,3.656927710843374,0.7558488132617645
LAW    ,340     ,"FISKE, JASON",9.0,3.755555555555555,0.21140330656044945
ASTR   ,3       ,"FITZGERALD, MICHAEL P",324.0,2.946604938271605,1.0236799169277926
ASTR   ,180     ,"FITZGERALD, MICHAEL P",15.0,3.2933333333333334,0.6647973793236218
ASTR   ,142     ,"FITZGERALD, MICHAEL P",21.0,3.604761904761905,0.5995841340352895
ASTR   ,283     ,"FITZGERALD, MICHAEL P",15.0,3.8200000000000003,0.3249615361854385
MUSCLG ,12W     ,"FITZPATRICK, ERIN ANNE",12.0,4.0,0.0
MSC IND,113A    ,"FJELLESTAD, HANS JORGEN",90.0,3.941111111111111,0.25293584801264635
FILM TV,298A    ,"FLANAGAN, KRISTINE",8.0,3.9625,0.09921567416492208
FILM TV,411B    ,"FLANAGAN, KRISTINE",22.0,3.909090909090909,0.21086206372260372
SOC WLF,M290S   ,"FLEMING, MICHAEL FRANCIS",21.0,3.9666666666666663,0.149071198499986
PUB PLC,M227    ,"FLEMING, MICHAEL FRANCIS",44.0,3.8818181818181823,0.5982066864131673
LGBTQS ,180XP   ,"FLEMING, MICHAEL FRANCIS",72.0,3.9124999999999996,0.49355217555999087
ESL    ,23      ,"FLESHMAN, ANDREW LOGAN",24.0,3.4999999999999996,0.990370301116372
NEURO  ,201     ,"FLINT, JONATHAN FREDERIC REST",15.0,3.893333333333333,0.19821424996424675
ECON   ,11      ,"FLORES PEREGRINA, DIANA EUGENIA",33.0,2.627272727272727,0.9686831821798171
EDUC   ,411     ,"FLORES, CHARLES A",41.0,4.0,0.0
NURSING,54A     ,"FLORES, GERARDO R",56.0,3.9089285714285715,0.22142137085066507
URBN PL,223     ,"FLORES, NINA M",12.0,3.9499999999999997,0.11180339887498941
HLT POL,289     ,"FLORES, YVONNE NICOLE",31.0,3.738709677419355,0.48505232132469656
HLT POL,240     ,"FLORES, YVONNE NICOLE",10.0,3.94,0.11999999999999993
BMD RES,5HA     ,"FLUITT, AMY HELENE",494.0,3.864777327935222,0.3053077212717748
BMD RES,194H    ,"FLUITT, AMY HELENE",54.0,4.0,0.0
MATH   ,136     ,"FLYNN, PATRICK",68.0,3.7308823529411765,0.4631279053861955
MATH   ,135     ,"FLYNN, PATRICK",137.0,3.601459854014599,0.6871060013909237
MATH   ,31B     ,"FLYNN, PATRICK",212.0,3.368396226415094,0.977140260294113
MATH   ,132H    ,"FLYNN, PATRICK",22.0,3.777272727272727,0.35410812188295127
DANCE  ,9       ,"FOAAD, LEIGH RAOUF",82.0,4.0,0.0
DANCE  ,C109A   ,"FOAAD, LEIGH RAOUF",39.0,4.0,0.0
DANCE  ,59      ,"FOAAD, LEIGH RAOUF",113.0,3.909734513274336,0.5357922926323522
THEATER,C156D   ,"FOGARTY, AMANDA",11.0,3.727272727272727,0.34926132204179183
THEATER,14B     ,"FOGARTY, AMANDA",60.0,3.763333333333333,0.38339129996504734
HUM GEN,403     ,"FOGEL, BRENT LINDEN",20.0,3.7449999999999997,0.2729010809799038
ASIA AM,187B    ,"FONG, KELLY NICOLE",97.0,3.5185567010309278,0.6931669287515743
ASIA AM,40      ,"FONG, KELLY NICOLE",245.0,3.824489795918368,0.3471931840326562
ASIA AM,103     ,"FONG, KELLY NICOLE",74.0,3.748648648648649,0.48692172722535176
ASIA AM,10      ,"FONG, KELLY NICOLE",411.0,3.7372262773722627,0.5760855361017205
ASIA AM,130A    ,"FONG, KELLY NICOLE",54.0,3.401851851851851,0.7509230716482266
EE BIOL,199     ,"FONG, PEGGY MARIE",11.0,4.0,0.0
EE BIOL,123A    ,"FONG, PEGGY MARIE",77.0,3.990909090909091,0.0792527080643759
EE BIOL,148     ,"FONG, PEGGY MARIE",77.0,3.996103896103896,0.03396544631330393
ENGL   ,M105C   ,"FOOTE, REBECCA ELISE",15.0,3.4733333333333336,1.1862920757085453
ENGL   ,87      ,"FOOTE, REBECCA ELISE",13.0,3.753846153846154,0.4617948006093425
CCAS   ,M105C   ,"FOOTE, REBECCA ELISE",15.0,3.1,1.35400640077266
ENGL   ,M191B   ,"FOOTE, REBECCA ELISE",24.0,3.7583333333333333,0.34751099103321736
ENGL   ,183C    ,"FOOTE, REBECCA ELISE",16.0,3.65,0.38568121551353785
ENGL   ,135     ,"FOOTE, REBECCA ELISE",66.0,3.596969696969697,0.6538857506012057
ENGL   ,M105D   ,"FOOTE, REBECCA ELISE",25.0,3.2,1.1363098169073433
HIST   ,1C      ,"FORD, CAROLINE COLE",315.0,3.607619047619048,0.6854073387079019
HIST   ,191C    ,"FORD, CAROLINE COLE",24.0,3.908333333333333,0.1753963764987432
HIST   ,C187O   ,"FORD, CAROLINE COLE",50.0,3.79,0.35510561809129404
HIST   ,124B    ,"FORD, CAROLINE COLE",35.0,3.554285714285714,0.7140799703686085
HIST   ,124C    ,"FORD, CAROLINE COLE",110.0,3.586363636363636,0.6534492082546242
COM HLT,210     ,"FORD, CHANDRA L",64.0,3.7765625000000003,0.36943461342130623
MATH   ,131A    ,"FORLANO, JUSTIN AMEDEO",67.0,2.711940298507463,0.9957405386526798
MATH   ,170E    ,"FORLANO, JUSTIN AMEDEO",36.0,2.4277777777777776,1.0694264067742918
MATH   ,32A     ,"FORLANO, JUSTIN AMEDEO",195.0,3.443589743589744,0.6902971756164419
ENGL   ,109     ,"FOSBURY, TIMOTHY LAWRENCE",26.0,3.553846153846154,0.47655072313026275
ENGL   ,135     ,"FOSBURY, TIMOTHY LAWRENCE",31.0,3.480645161290323,0.4525336236580692
ENGL   ,132     ,"FOSBURY, TIMOTHY LAWRENCE",14.0,3.5142857142857147,0.49259827570190484
ENGL   ,183A    ,"FOSBURY, TIMOTHY LAWRENCE",13.0,3.338461538461538,0.7447647656898236
SOC WLF,210B    ,"FOSTER, BRITNEY LOUISE",22.0,3.9136363636363636,0.17657204181413663
SOC WLF,210C    ,"FOSTER, BRITNEY LOUISE",28.0,3.8571428571428577,0.31444801004364487
SOC WLF,M290N   ,"FOSTER, BRITNEY LOUISE",98.0,3.933673469387755,0.230325358848694
SOC WLF,232     ,"FOSTER, BRITNEY LOUISE",36.0,3.9583333333333335,0.1037491633165727
SOC WLF,241I    ,"FOSTER, BRITNEY LOUISE",27.0,3.818518518518519,0.31744003462542403
SOC WLF,211B    ,"FOSTER, BRITNEY LOUISE",26.0,3.8884615384615384,0.2062987435677521
SOCIOL ,111     ,"FOSTER, JACOB GATES",290.0,3.692413793103448,0.6902855739495457
SOCIOL ,208A    ,"FOSTER, JACOB GATES",9.0,3.966666666666667,0.09428090415820628
DANCE  ,67B     ,"FOSTER, SUSAN LEIGH",13.0,4.0,0.0
DANCE  ,117B    ,"FOSTER, SUSAN LEIGH",15.0,3.98,0.07483314773547878
MGMT   ,223     ,"FOX, CRAIG R",169.0,3.5153846153846153,0.4404140064092196
MGMTFT ,401B    ,"FOX, CRAIG R",67.0,3.394029850746269,0.43772839565495897
MGMTFT ,421B    ,"FOX, CRAIG R",66.0,3.4681818181818183,0.4559901284514601
MGMTEX ,440     ,"FOX, CRAIG R",43.0,3.493023255813954,0.5004162680405506
MGMTEX ,439     ,"FOX, CRAIG R",106.0,3.5443396226415094,0.45309838755771886
THEATER,115B    ,"FOX, MARILYN ELAINE",17.0,3.9,0.23008949665421116
THEATER,116A    ,"FOX, MARILYN ELAINE",64.0,3.90625,0.24230339968725162
THEATER,180     ,"FOX, MARILYN ELAINE",36.0,3.9444444444444446,0.2019962106966427
THEATER,116B    ,"FOX, MARILYN ELAINE",51.0,3.7549019607843137,0.38771008245256017
THEATER,115A    ,"FOX, MARILYN ELAINE",17.0,3.9647058823529413,0.09665692191267633
ANTHRO ,129     ,"FOX, MOLLY MAUER",163.0,3.73680981595092,0.530997100637322
ANTHRO ,1       ,"FOX, MOLLY MAUER",504.0,3.078968253968254,1.0883920930430075
ENGCOMP,3       ,"FOXX, KIANA",19.0,3.210526315789474,0.8896449539250595
EC ENGR,113     ,"FRAGOULI, CHRISTINA PANAGIOTA",200.0,3.46,0.4509988913511872
EC ENGR,102     ,"FRAGOULI, CHRISTINA PANAGIOTA",190.0,3.488421052631579,0.4626839680533883
EC ENGR,236A    ,"FRAGOULI, CHRISTINA PANAGIOTA",373.0,3.5423592493297584,0.4650541894124309
EC ENGR,134     ,"FRAGOULI, CHRISTINA PANAGIOTA",124.0,3.5266129032258067,0.6697506602686414
URBN PL,249     ,"FRANCE, RICHARD ANTHONY",23.0,3.9130434782608696,0.2472533427497901
MECH&AE,107     ,"FRANCO, ELISA",230.0,2.933478260869566,1.1057403921105537
MECH&AE,171A    ,"FRANCO, ELISA",217.0,2.938709677419355,1.0215079634537536
MECH&AE,279B    ,"FRANCO, ELISA",26.0,3.730769230769231,0.40550939547991394
EDUC   ,471     ,"FRANCOIS, ANNAMARIE",113.0,3.943362831858407,0.1655647915815727
PSYCH  ,120A    ,"FRANE, ANDREW VANN",185.0,3.5708108108108108,0.6457443991799817
PSYCH  ,20A     ,"FRANE, ANDREW VANN",711.0,3.8043600562587905,0.48698458465336547
PSYCH  ,120B    ,"FRANE, ANDREW VANN",51.0,3.4470588235294115,0.9280705139657943
PSYCH  ,20B     ,"FRANE, ANDREW VANN",412.0,3.7587378640776703,0.49408772384827954
HNRS   ,155     ,"FRANK JR, ROBERT G",24.0,3.7708333333333335,0.28354771301415144
HIST   ,179A    ,"FRANK JR, ROBERT G",32.0,3.5906249999999997,0.4804681148369786
HIST   ,127D    ,"FRANK, STEPHEN",35.0,2.871428571428571,1.4161459627295139
HIST   ,127B    ,"FRANK, STEPHEN",67.0,3.274626865671642,1.0051127928956107
EDUC   ,407     ,"FRANKE, MEGAN LOEF",76.0,3.996052631578947,0.03418521330728045
EDUC   ,10      ,"FRANKE, MEGAN LOEF",199.0,3.932663316582914,0.3262216193567403
EDUC   ,319     ,"FRANKE, MEGAN LOEF",76.0,4.0,0.0
EDUC   ,134     ,"FRANKE, MEGAN LOEF",29.0,3.924137931034483,0.20283367130831367
EDUC   ,448A    ,"FRANKE, MEGAN LOEF",45.0,4.0,0.0
SOC WLF,213B    ,"FRANKE, TODD M",76.0,3.814473684210526,0.3311479027836437
URBN PL,M208B   ,"FRANKE, TODD M",16.0,3.89375,0.2860698122836452
SOC WLF,195     ,"FRANKE, TODD M",290.0,4.0,0.0
FILM TV,183A    ,"FRANKLIN, ALEXANDER S",575.0,3.988,0.17784800545262874
HNRS   ,119     ,"FRANKLIN, ALEXANDER S",148.0,3.945945945945946,0.46183804028743414
FILM TV,195     ,"FRANKLIN, ALEXANDER S",45.0,4.0,0.0
GLBL ST,140     ,"FRANKLIN, ALEXANDER S",188.0,3.9755319148936175,0.29234421936898436
HNRS   ,154     ,"FRANKLIN, ALEXANDER S",154.0,4.0,0.0
FILM TV,288A    ,"FRANKLIN, ALEXANDER S",44.0,4.0,0.0
GLBL ST,141     ,"FRANKLIN, ALEXANDER S",56.0,3.9892857142857143,0.05567306167185673
LAW    ,612     ,"FRANKLIN, CARY CATHERINE",73.0,3.8849315068493153,0.18107081251351567
LAW    ,148     ,"FRANKLIN, CARY CATHERINE",300.0,3.4773333333333336,0.37543693064067224
LAW    ,318     ,"FRANKLIN, CARY CATHERINE",35.0,3.502857142857143,0.33336870560619675
MSC IND,M181    ,"FRANZEN, DON ERIK",43.0,3.886046511627907,0.323197250843734
MSC IND,104A    ,"FRANZEN, DON ERIK",84.0,3.8511904761904754,0.36367634997115866
ART    ,149     ,"FRASER, ANDREA",27.0,3.892592592592593,0.2035352839116161
ART    ,150     ,"FRASER, ANDREA",37.0,3.8378378378378377,0.2603026838450704
ART    ,278     ,"FRASER, ANDREA",80.0,4.0,0.0
ART    ,276     ,"FRASER, ANDREA",26.0,4.0,0.0
POL SCI,143C    ,"FRASURE, LORRIE",289.0,3.8885813148788926,0.3048189566432294
POL SCI,289B    ,"FRASURE, LORRIE",10.0,4.0,0.0
MSC IND,5       ,"FRAZIER, KATHRYN LYNN",84.0,3.9547619047619045,0.16790357345013315
HIST   ,10B     ,"FREDERICK, HOLLIAN ELIZABETH REES",240.0,3.7979166666666666,0.594029174133916
HIST   ,167A    ,"FREDERICK, HOLLIAN ELIZABETH REES",29.0,3.6620689655172414,0.4147402952271901
HIST   ,167B    ,"FREDERICK, HOLLIAN ELIZABETH REES",53.0,3.4471698113207543,0.6872432690006915
HIST   ,187J    ,"FREDERICK, HOLLIAN ELIZABETH REES",42.0,3.5690476190476192,0.7744393041598964
NURSING,175     ,"FREDRICKSON, JAN M",85.0,3.938823529411765,0.1338076913704746
URBN PL,211     ,"FREEDMAN, DANIEL FREDRICK",50.0,3.7059999999999995,0.38335883973113233
HLT POL,280     ,"FREEDMAN, JONATHAN ERIC",25.0,3.9240000000000004,0.16799999999999998
DIS STD,138XP   ,"FREEMAN, STEPHANNY FUMI NORO",37.0,3.894594594594595,0.23359232904142596
MIMG   ,102     ,"FREGOSO, OLIVER I",611.0,3.4849427168576095,0.6791752399334129
PHYSICS,1B      ,"FREIMAN, GABRIEL",113.0,3.565486725663717,0.6578013675907971
MIMG   ,100L    ,"FREISE, AMANDA CHRISTINE",95.0,3.651578947368421,0.4590294470303591
MIMG   ,103AL   ,"FREISE, AMANDA CHRISTINE",166.0,3.780722891566265,0.3443022737959139
MIMG   ,192     ,"FREISE, AMANDA CHRISTINE",35.0,4.0,0.0
MIMG   ,103BL   ,"FREISE, AMANDA CHRISTINE",226.0,3.8703539823008852,0.2991978337539885
MGMT   ,88      ,"FREIXES, GONZALO",599.0,3.681302170283807,0.43331733602692013
MGMT   ,596     ,"FREIXES, GONZALO",11.0,3.8909090909090907,0.14431370787625034
MGMT   ,298D    ,"FREIXES, GONZALO",105.0,3.548571428571428,0.46804848867943377
MGMTEX ,421     ,"FREIXES, GONZALO",186.0,3.6634408602150543,0.3646429823361503
MGMTEX ,414A    ,"FREIXES, GONZALO",1.0,4.0,0.0
MGMTGEX,445C    ,"FREIXES, GONZALO",46.0,3.789130434782609,0.28224893489194447
MGMT   ,458B    ,"FREIXES, GONZALO",115.0,3.65304347826087,0.36458952240673526
MGMT   ,458A    ,"FREIXES, GONZALO",1.0,4.0,0.0
HLT ADM,408     ,"FRESHMAN, BRENDA",74.0,3.8662162162162166,0.35423195448021366
HLT POL,M236    ,"FREUND, DEBORAH ANNE",12.0,3.6999999999999997,0.32403703492039304
ARCH&UD,141     ,"FREYINGER, CLAUS BENJAMIN P",25.0,3.74,0.31622776601683794
ARCH&UD,123     ,"FREYINGER, CLAUS BENJAMIN P",69.0,3.6855072463768113,0.5456747882990116
ARCH&UD,411     ,"FREYINGER, CLAUS BENJAMIN P",11.0,3.8272727272727267,0.2178027009220171
ARCH&UD,412     ,"FREYINGER, CLAUS BENJAMIN P",11.0,3.5727272727272723,0.3332782323604248
ARCH&UD,401     ,"FREYINGER, CLAUS BENJAMIN P",23.0,3.743478260869565,0.3411312216684006
ARCH&UD,222     ,"FREYINGER, CLAUS BENJAMIN P",85.0,3.7788235294117647,0.209253079334744
CCAS   ,104     ,"FRIAS, CRISTINA M",35.0,3.64,0.7787168933572715
CCAS   ,104A    ,"FRIAS, CRISTINA M",37.0,3.8027027027027023,0.6335172031992913
MGMT   ,298D    ,"FRIEDMAN, HENRY L",99.0,3.6333333333333333,0.4287637855957332
MGMT   ,229     ,"FRIEDMAN, HENRY L",44.0,3.4999999999999996,0.47768380565162366
MGMTFE ,403     ,"FRIEDMAN, HENRY L",249.0,3.4144578313253016,0.4159855564338285
MGMT   ,458B    ,"FRIEDMAN, HENRY L",27.0,3.6481481481481484,0.3337446022538907
MGMTEX ,403     ,"FRIEDMAN, HENRY L",172.0,3.3848837209302323,0.4949788442414684
POL SCI,50      ,"FRIEDMAN, JACK",62.0,3.803225806451613,0.5713503365501438
ART&ARC,10      ,"FRIEDMAN, MERYL LYNN",775.0,3.904258064516129,0.38258197247226644
SOC SC ,402     ,"FRIES, LAURA CAROL",23.0,3.7434782608695656,0.44411718680362583
CLUSTER,70B     ,"FRISCIA, ANTHONY RAYMOND",743.0,3.7546433378196498,0.5227804848846287
PHYSCI ,107     ,"FRISCIA, ANTHONY RAYMOND",956.0,3.3919456066945606,0.7284476395517834
PHYSCI ,108     ,"FRISCIA, ANTHONY RAYMOND",79.0,3.9772151898734185,0.0794751248219861
PHYSCI ,13      ,"FRISCIA, ANTHONY RAYMOND",272.0,3.6827205882352945,0.6128788947060623
PHYSCI ,153     ,"FRISCIA, ANTHONY RAYMOND",91.0,3.5703296703296705,0.6627439638707727
PHYSCI ,192A    ,"FRISCIA, ANTHONY RAYMOND",64.0,4.0,0.0
PHYSCI ,192B    ,"FRISCIA, ANTHONY RAYMOND",208.0,3.964903846153846,0.34553329793987597
CLUSTER,70A     ,"FRISCIA, ANTHONY RAYMOND",789.0,3.700380228136882,0.5475257005983044
CLUSTER,70CW    ,"FRISCIA, ANTHONY RAYMOND",15.0,3.893333333333333,0.19821424996424675
MGMT   ,268     ,"FRONS, BRIAN S",252.0,3.6361111111111115,0.32096944477585065
MGMT   ,298D    ,"FRONS, BRIAN S",424.0,3.563207547169811,0.34383395282149143
FOOD ST,M179    ,"FROOT, DAN",13.0,4.0,0.0
DANCE  ,186B    ,"FROOT, DAN",12.0,3.858333333333333,0.3226410113767657
DANCE  ,186A    ,"FROOT, DAN",13.0,3.6153846153846154,1.0769230769230769
WL ARTS,M179    ,"FROOT, DAN",15.0,3.98,0.07483314773547878
PHYSCI ,165     ,"FRYE, MARK ARTHUR",157.0,3.4777070063694273,0.7192174379642987
PHYSCI ,173     ,"FRYE, MARK ARTHUR",160.0,3.6000000000000005,0.5642472862141209
HLT POL,430     ,"FU, PAUL CHUNG",21.0,4.0,0.0
HLT POL,430     ,"FU, PAUL CHUNG, JR",18.0,4.0,0.0
A&O SCI,1       ,"FU, RONG",169.0,3.241420118343195,1.0254456649019772
A&O SCI,1L      ,"FU, RONG",41.0,3.6926829268292685,0.914754463631032
A&O SCI,102     ,"FU, RONG",58.0,3.810344827586207,0.34022794345516194
SPAN   ,120     ,"FUCHS, BARBARA",29.0,2.9551724137931035,1.0132182278117758
ENGL   ,176     ,"FUCHS, BARBARA",16.0,3.175,0.5238081709939242
PSYCH  ,121     ,"FUCHSER, VIYEHNI FREYR",23.0,3.3000000000000003,0.8366600265340756
PSYCH  ,20B     ,"FUCHSER, VIYEHNI FREYR",14.0,3.478571428571428,0.668878134777684
PSYCH  ,124B    ,"FUCHSER, VIYEHNI FREYR",180.0,3.7416666666666667,0.3926936889400355
SOC WLF,M290M   ,"FUENTES CARRILLO, KIMBERLY",27.0,3.974074074074074,0.13219680220425742
PSYCH  ,133A    ,"FULIGNI, ANDREW J",200.0,3.11,0.8395236744726143
PSYCTRY,174     ,"FULIGNI, ANDREW J",63.0,3.9952380952380953,0.037495275590532416
PSYCH  ,188B    ,"FULIGNI, ANDREW J",34.0,4.0,0.0
LING   ,1       ,"FULLER, CORRINA",233.0,3.8141630901287558,0.39515988942259417
MGMT   ,295D    ,"FUNK, JONATHAN EDGAR",182.0,3.4653846153846155,0.33142982845828023
ASTR   ,141     ,"FURLANETTO, STEVEN R",23.0,3.3826086956521744,0.8063078352228614
ASTR   ,117     ,"FURLANETTO, STEVEN R",35.0,3.245714285714286,0.784617416194618
ASTR   ,145     ,"FURLANETTO, STEVEN R",10.0,3.6100000000000008,0.439203825119955
ASTR   ,275     ,"FURLANETTO, STEVEN R",11.0,3.909090909090909,0.28747978728803447
ASTR   ,271     ,"FURLANETTO, STEVEN R",22.0,3.872727272727272,0.18630819574471996
ASTR   ,274     ,"FURLANETTO, STEVEN R",32.0,3.759375,0.3121091305537215
RUSSN  ,C124N   ,"FURMAN, YELENA",35.0,3.74,0.6582227152394111
RUSSN  ,C124C   ,"FURMAN, YELENA",78.0,3.6512820512820516,0.593067555658948
RUSSN  ,M127    ,"FURMAN, YELENA",31.0,3.6354838709677426,0.7000222978461399
INF STD,280     ,"FURNER, JONATHAN",19.0,3.8736842105263154,0.14811839241547664
INF STD,438B    ,"FURNER, JONATHAN",71.0,3.9563380281690144,0.12302798761646451
INF STD,262A    ,"FURNER, JONATHAN",16.0,4.0,0.0
INF STD,213     ,"FURNER, JONATHAN",19.0,4.0,0.0
INF STD,211     ,"FURNER, JONATHAN",219.0,3.951598173515982,0.1453533034633688
INF STD,289     ,"FURNER, JONATHAN",15.0,4.0,0.0
DANCE  ,C145XP  ,"GABBERT, KENNETH JAMES",14.0,3.8285714285714287,0.14846149779161796
NAV SCI,103     ,"GABEL, KRISTEN",10.0,3.8,0.3435112807463534
NAV SCI,104     ,"GABEL, KRISTEN",16.0,4.0,0.0
COM SCI,269     ,"GABRIEL, SAADIA",39.0,3.91025641025641,0.2436841922157276
COM SCI,162     ,"GABRIEL, SAADIA",70.0,3.5757142857142856,0.5183588702504732
MGMT   ,458B    ,"GABRIEL, STUART A",31.0,3.9612903225806453,0.10057069205238636
MGMT   ,279C    ,"GABRIEL, STUART A",62.0,3.832258064516129,0.39217104297881633
GERMAN ,3       ,"GABRIEL, VIKTORIA",33.0,3.745454545454545,0.6334565633339464
GERMAN ,1       ,"GABRIEL, VIKTORIA",28.0,3.832142857142857,0.45123130861848565
SOCIOL ,89      ,"GADDIS, STEVEN MICHAEL, JR",21.0,4.0,0.0
SOCIOL ,20      ,"GADDIS, STEVEN MICHAEL, JR",150.0,3.72,0.5874237539176184
MECH&AE,C137    ,"GADH, RAJIT",13.0,3.653846153846154,0.2845114155216451
MECH&AE,185     ,"GADH, RAJIT",63.0,3.517460317460318,0.5110026504263518
MECH&AE,94      ,"GADH, RAJIT",181.0,3.525414364640884,0.6203861474504031
MECH&AE,C237    ,"GADH, RAJIT",139.0,3.6784172661870507,0.36398327693580806
LBR STD,188     ,"GAFFNEY, LORETTA M",136.0,3.747794117647059,0.673988011737151
LBR STD,154     ,"GAFFNEY, LORETTA M",107.0,3.6448598130841123,0.7092491284041321
LBR STD,153     ,"GAFFNEY, LORETTA M",118.0,3.607627118644068,0.7734094426914118
LBR STD,96W     ,"GAFFNEY, LORETTA M",19.0,3.831578947368421,0.35696473595396144
COM SCI,1       ,"GAFNI, ELIEZER M",274.0,3.9562043795620436,0.25253786703658676
COM SCI,180     ,"GAFNI, ELIEZER M",25.0,3.4160000000000004,0.6194707418433901
MATH   ,206A    ,"GALASHIN, PAVEL",13.0,3.976923076923077,0.0799408065031789
MATH   ,61      ,"GALASHIN, PAVEL",171.0,2.7684210526315787,1.135780314202481
MATH   ,180     ,"GALASHIN, PAVEL",33.0,2.984848484848485,0.7847490284474519
MIMG   ,180A    ,"GALIC, ZORAN",26.0,4.0,0.0
MIMG   ,185A    ,"GALIC, ZORAN",139.0,2.932374100719424,0.8904946347850872
MIMG   ,C285    ,"GALIC, ZORAN",10.0,3.7299999999999995,0.30347981810987046
MIMG   ,C185A   ,"GALIC, ZORAN",371.0,3.0800539083557954,0.8116941766743119
MCD BIO,60      ,"GALLAGHER, KATIE JANE",299.0,3.707023411371238,0.3607649381370527
PHILOS ,6       ,"GALLAGHER, KATIE JANE",224.0,3.7004464285714285,0.413337652515767
C&EE   ,129L    ,"GALLIEN, TIMU",96.0,3.498958333333333,0.6290692184467638
C&EE   ,C158    ,"GALLIEN, TIMU",45.0,3.3222222222222224,0.7485953925375143
C&EE   ,151     ,"GALLIEN, TIMU",97.0,3.4226804123711334,0.5663238581383776
MGMTEX ,420     ,"GALLUS, JANA",105.0,3.417142857142857,0.41917314137356126
MGMT   ,298D    ,"GALLUS, JANA",30.0,4.0,0.0
MGMT   ,274B    ,"GALLUS, JANA",25.0,3.7120000000000006,0.3479310276477222
MGMTFT ,420     ,"GALLUS, JANA",979.0,3.4187946884576097,0.42560319237157324
HLT POL,446     ,"GALPER, MICHAEL R",57.0,3.914035087719298,0.5273031673978446
HLT ADM,414     ,"GALPER, MICHAEL R",171.0,3.617543859649122,0.5767795671909354
HLT POL,400     ,"GALPER, MICHAEL R",64.0,3.9546875,0.1424448221022793
HLT POL,436     ,"GALPER, MICHAEL R",12.0,3.733333333333334,0.2357022603955159
HLT POL,403     ,"GALPER, MICHAEL R",189.0,3.7084656084656085,0.4780164872101543
LAW    ,266     ,"GAMAL, FANNA",80.0,3.4825000000000004,0.5456131871573487
LAW    ,656     ,"GAMAL, FANNA",52.0,3.8,0.21661735138967267
MUSC   ,114A    ,"GAMBOA-KROESEN, JOHANNA SUMIKO",35.0,3.782857142857142,0.5045426298204368
MUSC   ,110D    ,"GAMBOA-KROESEN, JOHANNA SUMIKO",32.0,3.690625,0.5859604162185361
MUSC   ,114B    ,"GAMBOA-KROESEN, JOHANNA SUMIKO",37.0,3.6135135135135132,0.9346663408598299
ARABIC ,M148    ,"GANA, NOURI",8.0,3.9625,0.09921567416492208
COM LIT,250     ,"GANA, NOURI",12.0,4.0,0.0
COM LIT,M148    ,"GANA, NOURI",26.0,3.8461538461538463,0.1823579937096876
COM LIT,100     ,"GANA, NOURI",53.0,3.60188679245283,0.765158897306597
BIOINFO,202     ,"GANDAL, MICHAEL JEFFREY",26.0,4.0,0.0
EDUC   ,119     ,"GANDARA, PATRICIA C",57.0,2.959649122807017,0.64396241830051
MGMTEX ,420     ,"GANDHI, ASHVIN DHIREN",294.0,3.4959183673469387,0.3880664700445591
MGMTFE ,420     ,"GANDHI, ASHVIN DHIREN",392.0,3.6864795918367346,0.3214219913482623
ASIA AM,126     ,"GANDHI, EVYN CHRISTINE LE ESPIRIT",15.0,3.7800000000000002,0.5393823628311676
ASIA AM,178     ,"GANDHI, EVYN CHRISTINE LE ESPIRIT",69.0,3.847826086956522,0.3984057707414018
ASIA AM,10W     ,"GANDHI, EVYN CHRISTINE LE ESPIRIT",116.0,3.847413793103448,0.4237478932704322
ASIA AM,200A    ,"GANDHI, EVYN CHRISTINE LE ESPIRIT",14.0,3.8785714285714286,0.3027931199175235
MECH&AE,82      ,"GANDHI, VATSA",77.0,3.4194805194805196,0.5427297433307245
MECH&AE,259B    ,"GANDHI, VATSA",14.0,3.7,0.3644957377763735
MATH   ,245C    ,"GANGBO, WILFRID",15.0,4.0,0.0
MATH   ,245A    ,"GANGBO, WILFRID",12.0,3.5583333333333336,0.4172495922373349
MATH   ,131BH   ,"GANGBO, WILFRID",23.0,3.5652173913043486,0.4913235856179704
MATH   ,131AH   ,"GANGBO, WILFRID",48.0,2.8458333333333337,0.9121765027790522
MATH   ,245B    ,"GANGBO, WILFRID DOSSOU",12.0,3.9499999999999997,0.11180339887498941
MATH   ,245A    ,"GANGBO, WILFRID DOSSOU",27.0,3.5185185185185186,0.3751908522112319
MATH   ,31B     ,"GANNON, KYLE ANDREW COX",437.0,3.717848970251716,0.4975012575034109
MATH   ,114L    ,"GANNON, KYLE ANDREW COX",26.0,3.2961538461538455,0.8308849634487359
MATH   ,115A    ,"GANNON, KYLE ANDREW COX",84.0,3.6440476190476185,0.6626697788700375
MATH   ,31A     ,"GANNON, THOMAS ANTHONY",636.0,3.5036163522012576,0.8670249160293056
MATH   ,33A     ,"GANNON, THOMAS ANTHONY",500.0,3.5656,0.7558945958266933
MATH   ,115B    ,"GANNON, THOMAS ANTHONY",33.0,3.603030303030303,0.5107836216761804
MECH&AE,M20     ,"GAO, EDWARD XIANG",328.0,3.8204268292682926,0.5791950370881189
MECH&AE,94      ,"GAO, EDWARD XIANG",481.0,3.7646569646569645,0.7255353868030618
MECH&AE,C296A   ,"GAO, EDWARD XIANG",13.0,2.9923076923076923,0.6219838465148784
C&EE   ,M20     ,"GAO, EDWARD XIANG",78.0,3.661538461538462,0.820761180360875
ENV HLT,C240    ,"GAO, FENG",20.0,3.9,0.21908902300206648
BIOENGR,177A    ,"GAO, LIANG",212.0,3.983490566037736,0.08556738989175226
BIOENGR,177B    ,"GAO, LIANG",143.0,3.9769230769230766,0.1346803040263514
BIOENGR,242     ,"GAO, LIANG",22.0,3.8545454545454545,0.42074314419658665
BIOENGR,122     ,"GAO, LIANG",107.0,3.729906542056074,0.5081053230413906
BIOENGR,298     ,"GAO, LIANG",10.0,3.94,0.11999999999999993
STATS  ,232C    ,"GAO, TAO",31.0,4.0,0.0
COMM   ,159     ,"GAO, TAO",307.0,3.593485342019543,0.6523497260630909
COMM   ,122     ,"GAO, TAO",53.0,3.854716981132075,0.23836395014873593
COMM   ,188C    ,"GAO, TAO",178.0,3.732584269662921,0.48766245484445075
COMM   ,158     ,"GAO, TAO",43.0,3.9069767441860463,0.25462726871015806
STATS  ,115     ,"GAO, TAO",106.0,3.880188679245283,0.33965015611815313
MATH   ,110BH   ,"GAO, ZIYANG",28.0,3.482142857142857,0.846865468919934
CCAS   ,191     ,"GARCIA HERNANDEZ, YESSICA",16.0,3.7125000000000004,0.6243746871871088
CCAS   ,131     ,"GARCIA HERNANDEZ, YESSICA",28.0,3.9035714285714285,0.29335758635049436
SPAN   ,1       ,"GARCIA LORENZO, GELSYS MARIA",110.0,3.646363636363636,0.6322653747693538
SPAN   ,2       ,"GARCIA LORENZO, GELSYS MARIA",85.0,3.6588235294117646,0.5659545019433065
SPAN   ,3       ,"GARCIA LORENZO, GELSYS MARIA",141.0,3.775886524822694,0.5340731627331156
EDUC   ,222A    ,"GARCIA SANCHEZ, INMACULADA",65.0,3.9861538461538464,0.06294545398608853
EDUC   ,145     ,"GARCIA SANCHEZ, INMACULADA",41.0,3.902439024390244,0.47343467619455004
EDUC   ,222B    ,"GARCIA SANCHEZ, INMACULADA",30.0,3.99,0.05385164807134501
EDUC   ,222C    ,"GARCIA SANCHEZ, INMACULADA",29.0,3.9896551724137934,0.05473968229788805
EDUC   ,222D    ,"GARCIA SANCHEZ, INMACULADA",29.0,4.0,0.0
EDUC   ,M102    ,"GARCIA, DAVID GUMARO",70.0,3.5957142857142856,0.5519926796320282
EDUC   ,200D    ,"GARCIA, DAVID GUMARO",30.0,3.98,0.07483314773547878
EDUC   ,299C    ,"GARCIA, DAVID GUMARO",13.0,4.0,0.0
PUB AFF,145     ,"GARCIA, EDUARDO HERMOSILLO",40.0,3.8625,0.34977671449083053
EDUC   ,448B    ,"GARCIA, LEYDA WALESKA",69.0,3.981159420289855,0.12426638324768705
LAW    ,277     ,"GARDBAUM, STEPHEN A",52.0,3.5749999999999997,0.30814269921080906
LAW    ,278     ,"GARDBAUM, STEPHEN A",12.0,3.5416666666666665,0.3012704580420871
LAW    ,348     ,"GARDBAUM, STEPHEN A",31.0,3.432258064516129,0.6953240584834753
LAW    ,148     ,"GARDBAUM, STEPHEN A",150.0,3.51,0.3539774004085572
MGMT   ,1B      ,"GARDNER TRELOAR, JULIE ANN",983.0,3.0335707019328586,1.0758573986614317
MGMT   ,125     ,"GARDNER TRELOAR, JULIE ANN",92.0,3.614130434782609,0.4463819581389742
MGMT   ,123     ,"GARDNER TRELOAR, JULIE ANN",257.0,3.2992217898832688,0.7773541985678328
MGMT   ,127A    ,"GARDNER TRELOAR, JULIE ANN",268.0,3.0638059701492537,0.9824180454794997
MGMT   ,1A      ,"GARDNER TRELOAR, JULIE ANN",1565.0,2.931373801916933,1.1180052827910987
MGMT   ,127B    ,"GARDNER TRELOAR, JULIE ANN",128.0,3.1171875,0.9684966906725857
MGMT   ,128     ,"GARDNER TRELOAR, JULIE ANN",83.0,3.7879518072289153,0.36118866356726237
PUB HLT,196     ,"GARFIN, DANA ROSE",10.0,4.0,0.0
COM HLT,211A    ,"GARFIN, DANA ROSE",111.0,3.6171171171171173,0.3476753880745229
PUB HLT,C188    ,"GARFIN, DANA ROSE",33.0,3.9484848484848487,0.2061497133538782
COM HLT,281B    ,"GARFIN, DANA ROSE",19.0,4.0,0.0
LIFESCI,40      ,"GARFINKEL, ALAN",757.0,3.499735799207398,0.7951470599673317
CHEM   ,101     ,"GARG, NEIL KAMAL",245.0,3.696734693877551,0.4726710369850242
CHEM   ,247     ,"GARG, NEIL KAMAL",89.0,3.9101123595505616,0.2860207204799518
MGMTEX ,439     ,"GARMAISE, MARK J",79.0,3.491139240506329,0.5134124784392611
MGMT   ,235     ,"GARMAISE, MARK J",341.0,3.532258064516129,0.33760047397815
MGMT   ,298D    ,"GARMAISE, MARK J",50.0,3.7,0.2592296279363145
MGMT   ,274B    ,"GARMAISE, MARK J",25.0,3.548,0.33480740732546527
SOC GEN,102     ,"GARRISON, NANIBAA ANGELA",258.0,3.903875968992248,0.3470592069711462
SOC GEN,M113    ,"GARRISON, NANIBAA ANGELA",10.0,3.88,0.1469693845669906
HUM GEN,C413    ,"GARRISON, NANIBAA ANGELA",40.0,3.962500000000001,0.09921567416492208
SOC GEN,108     ,"GARRISON, NANIBAA ANGELA",29.0,3.9551724137931035,0.14523751509415647
ENVIRON,180C    ,"GARRISON, NOAH JOSEPH",441.0,3.8621315192743766,0.3065335276350019
ENVIRON,180A    ,"GARRISON, NOAH JOSEPH",472.0,3.7074152542372882,0.4776443934005394
ENVIRON,166     ,"GARRISON, NOAH JOSEPH",191.0,3.446596858638743,0.38935634869981817
ENVIRON,140     ,"GARRISON, NOAH JOSEPH",171.0,3.0853801169590644,0.7413968572603622
ENVIRON,10      ,"GARRISON, NOAH JOSEPH",468.0,3.5797008547008553,0.6263398597517161
ENVIRON,180B    ,"GARRISON, NOAH JOSEPH",453.0,3.8916114790286973,0.26205219817856645
ANTHRO ,139     ,"GARRO, LINDA C",39.0,3.0692307692307694,0.9943826447507316
ANTHRO ,191HA   ,"GARRO, LINDA C",24.0,3.8333333333333335,0.4714045207910317
EE BIOL,C202    ,"GARUD, NANDITA",32.0,3.803125,0.37954279649994677
EE BIOL,C172    ,"GARUD, NANDITA",70.0,3.775714285714286,0.5735692047635239
FILM TV,433     ,"GARY, GEORGE ELLIS",10.0,3.7299999999999995,0.6132699242584785
FILM TV,435     ,"GARY, GEORGE ELLIS",12.0,3.891666666666667,0.35930101895516825
THAI   ,3       ,"GASIGITAMRONG, JENJIT",39.0,3.9743589743589745,0.11922387628269407
THAI   ,2       ,"GASIGITAMRONG, JENJIT",43.0,3.9837209302325585,0.10550042997408147
THAI   ,4       ,"GASIGITAMRONG, JENJIT",9.0,3.922222222222222,0.21998877636914818
THAI   ,1       ,"GASIGITAMRONG, JENJIT",62.0,3.962903225806452,0.18771449749616925
CCAS   ,M132    ,"GASPAR DE ALBA, ALICIA",52.0,3.713461538461539,0.6148886222329043
CCAS   ,101     ,"GASPAR DE ALBA, ALICIA",214.0,3.924766355140187,0.4941656723865182
CCAS   ,M133    ,"GASPAR DE ALBA, ALICIA",19.0,2.615789473684211,0.9675052878379837
CCAS   ,131     ,"GASPAR DE ALBA, ALICIA",31.0,3.5193548387096776,0.560770987031196
CCAS   ,191     ,"GASPAR DE ALBA, ALICIA",52.0,2.957692307692308,0.9790784823272407
CCAS   ,253     ,"GASPAR DE ALBA, ALICIA",10.0,3.7400000000000007,0.4586937976471886
CCAS   ,CM135   ,"GASPAR DE ALBA, ALICIA",28.0,3.3428571428571425,0.9298343060646311
WL ARTS,51W     ,"GATES, WESLEIGH",28.0,3.642857142857143,0.8541614816500999
ASTR   ,180     ,"GATKINE, PRADIP",19.0,3.6368421052631574,0.6937393157571127
C&EE   ,243B    ,"GAVRIDOU, SOFIA",33.0,3.548484848484849,0.2975874835682647
NURSING,216A    ,"GAWLINSKI, ANNA F",78.0,3.58974358974359,0.41404500671679856
NURSING,216C    ,"GAWLINSKI, ANNA F",28.0,3.732142857142857,0.38734773176839754
NEUROSC,186     ,"GE, WEIHONG",187.0,3.7074866310160424,0.6279136096296756
NEUROSC,150     ,"GE, WEIHONG",190.0,3.8389473684210538,0.4599301404257196
C&EE   ,250A    ,"GEBREMICHAEL, MEKONNEN",88.0,3.7738636363636364,0.5591174698051584
C&EE   ,157L    ,"GEBREMICHAEL, MEKONNEN",113.0,3.9159292035398234,0.22164564387336427
C&EE   ,251C    ,"GEBREMICHAEL, MEKONNEN",22.0,3.7954545454545454,0.33908603457378667
COM HLT,227     ,"GEE, GILBERT",14.0,3.55,1.0293895555827528
COM HLT,210     ,"GEE, GILBERT",53.0,3.894339622641509,0.23425119104396883
COM HLT,235     ,"GEE, GILBERT CHEE-LEUNG",16.0,3.9125,0.23150323971815173
COM HLT,227     ,"GEE, GILBERT CHEE-LEUNG",13.0,3.923076923076923,0.2664693550105965
SOC WLF,203C    ,"GEIGER, JOHN LOUIS",53.0,3.9452830188679244,0.17863849627991887
MGMT   ,295C    ,"GEIGER, WILLIAM ANDREWS",25.0,3.5640000000000005,0.40087903412376164
THEATER,130     ,"GEIOGAMAH, HENRY L",15.0,3.8733333333333335,0.2619584360585133
THEATER,103F    ,"GEIOGAMAH, HENRY L",22.0,3.9,0.2276360731917984
MGMTGEX,440     ,"GEIS, GEORGE T",17.0,3.6941176470588233,0.2531462916629414
MGMTEX ,440     ,"GEIS, GEORGE T",132.0,3.6378787878787877,0.3269534076319853
CHEM   ,20AH    ,"GELBART, WILLIAM M",82.0,3.617073170731707,0.44028950510383574
CHEM   ,20BH    ,"GELBART, WILLIAM M",43.0,3.4837209302325585,0.4355858031289665
CHEM   ,228     ,"GELBART, WILLIAM M",60.0,3.683333333333333,0.5624845676895401
CHEM   ,C223B   ,"GELBART, WILLIAM M",11.0,3.4272727272727277,0.38633689747046873
CHEM   ,110A    ,"GELBART, WILLIAM M",90.0,3.2444444444444445,0.7737514833747923
PHYSICS,226B    ,"GELMINI, GRACIELA BEATRIZ",7.0,4.0,0.0
PHYSICS,128     ,"GELMINI, GRACIELA BEATRIZ",34.0,3.5735294117647065,0.7026457661328075
PHYSICS,32      ,"GELMINI, GRACIELA BEATRIZ",66.0,3.2545454545454544,1.0295897709373052
PHYSICS,1A      ,"GELMINI, GRACIELA BEATRIZ",164.0,3.299390243902439,0.6715014983928502
PHYSICS,127     ,"GELMINI, GRACIELA BEATRIZ",45.0,3.8177777777777773,0.34595368276300215
PHYSICS,226C    ,"GELMINI, GRACIELA BEATRIZ",1.0,4.0,0.0
HIST   ,109B    ,"GELVIN, JAMES L",312.0,3.763782051282052,0.2851042160979348
HIST   ,105C    ,"GELVIN, JAMES L",123.0,3.7536585365853656,0.3029107257806834
HIST   ,9D      ,"GELVIN, JAMES L",504.0,3.7908730158730157,0.5091582219567338
HIST   ,200J    ,"GELVIN, JAMES L",11.0,3.6636363636363636,0.4518099505377883
LAW    ,303     ,"GENCO, SUSAN C",229.0,3.459825327510917,0.3683457236206346
COM HLT,M216    ,"GEORGE, SHEBA MARIAM",21.0,3.9523809523809526,0.21295885499997996
COM HLT,M216A   ,"GEORGE, SHEBA MARIAM",20.0,3.925,0.12990381056766573
MATH   ,180     ,"GEORGE, TERRENCE",58.0,3.1655172413793102,0.7890526235975539
MATH   ,218A    ,"GEORGE, TERRENCE",23.0,4.0,0.0
MATH   ,61      ,"GEORGE, TERRENCE",197.0,2.940609137055837,0.9382863927609587
ART&ARC,10      ,"GERE, DAVID H",394.0,3.9167512690355335,0.3323865465169975
WL ARTS,177XP   ,"GERE, DAVID H",24.0,4.0,0.0
WL ARTS,C159    ,"GERE, DAVID H",37.0,3.9540540540540543,0.19534390269829896
ENGR   ,214     ,"GERSHWIN, DAVID ANDREW",128.0,3.8843750000000004,0.191391899972282
ART HIS,21      ,"GERSTEL, SHARON ELIZABETH",242.0,3.6946280991735536,0.633183666801862
ART HIS,C116A   ,"GERSTEL, SHARON ELIZABETH",43.0,3.653488372093023,0.7157201080873764
HUM GEN,236A    ,"GESCHWIND, DANIEL H",25.0,3.9,0.2190890230020664
ESL    ,20      ,"GEVERS, JEROEN",49.0,3.5510204081632653,1.147334523923859
ESL    ,301     ,"GEVERS, JEROEN",35.0,3.851428571428571,0.2578719821610589
ESL    ,22      ,"GEVERS, JEROEN",9.0,3.744444444444445,0.6238075043385867
ENGCOMP,6W      ,"GEVERS, JEROEN",66.0,3.7424242424242427,0.7158509676581805
EC ENGR,239AS   ,"GHARESI FARD, BAHMAN",84.0,3.854761904761905,0.29374623073762557
EC ENGR,141     ,"GHARESI FARD, BAHMAN",185.0,3.667027027027027,0.6048849113891803
EC ENGR,M242A   ,"GHARESI FARD, BAHMAN",17.0,4.0,0.0
HIST   ,132     ,"GHERVAS, STELLA",92.0,3.3336956521739127,0.9441210743461745
HIST   ,187C    ,"GHERVAS, STELLA",18.0,3.8333333333333335,0.2624669291337271
ASTR   ,81      ,"GHEZ, ANDREA M",120.0,2.9375000000000004,0.7766447600630119
PHYSCI ,270B    ,"GHIANI, CRISTINA A",18.0,4.0,0.0
URBN PL,206     ,"GIAMARINO, CHRISTOPHER DANIEL",53.0,3.9056603773584904,0.2784153909888608
PUB PLC,224A    ,"GIAMARINO, CHRISTOPHER DANIEL",89.0,3.8696629213483145,0.5130662384426283
URBN PL,221     ,"GIAMARINO, CHRISTOPHER DANIEL",74.0,3.8635135135135132,0.22931998435110348
CLUSTER,73B     ,"GIBBONS, SARAH LEE",432.0,3.782175925925926,0.46166153885446853
CLUSTER,73CW    ,"GIBBONS, SARAH LEE",68.0,3.9955882352941177,0.036111850464143135
CLUSTER,73A     ,"GIBBONS, SARAH LEE",621.0,3.651690821256039,0.5691629085646736
MATH   ,115AH   ,"GIESEKER, DAVID",53.0,3.350943396226415,0.6921725822282082
NURSING,115     ,"GIESLER, ROBERT",122.0,3.9221311475409837,0.22121582632514322
NURSING,464     ,"GIESLER, ROBERT",137.0,3.802919708029197,0.27150341257938276
NURSING,165     ,"GIESLER, ROBERT",110.0,3.7090909090909094,0.32628639247960584
SPAN   ,3A      ,"GIL ZUBARAN ZANDOMENEGHI, RAQUEL HELENA",18.0,3.9833333333333334,0.06871842709362763
SPAN   ,2A      ,"GIL ZUBARAN ZANDOMENEGHI, RAQUEL HELENA",18.0,3.9833333333333334,0.06871842709362763
EDUC   ,130AX   ,"GILANI, AVA",60.0,3.9033333333333338,0.2816420107551823
PUB PLC,298D    ,"GILENS, MARTIN ISAAC",52.0,3.9076923076923076,0.26663584634518483
PUB PLC,298C    ,"GILENS, MARTIN ISAAC",49.0,3.638775510204082,0.5062129609652736
INF STD,464     ,"GILL, MELISSA ANN",65.0,3.9399999999999995,0.1652969356130867
RELIGN ,177     ,"GILLESPIE, RYAN T",44.0,3.809090909090909,0.37888483607590373
RELIGN ,101     ,"GILLESPIE, RYAN T",29.0,3.817241379310345,0.23498931086070096
RELIGN ,55      ,"GILLESPIE, RYAN T",141.0,3.6723404255319148,0.6812698180321223
GEOG   ,214     ,"GILLESPIE, THOMAS WELCH",11.0,4.0,0.0
GEOG   ,182A    ,"GILLESPIE, THOMAS WELCH",224.0,3.86875,0.3056115794599413
GEOG   ,133     ,"GILLESPIE, THOMAS WELCH",230.0,3.8221739130434784,0.31233282863190964
GEOG   ,5       ,"GILLESPIE, THOMAS WELCH",990.0,3.8198989898989892,0.39883414681499674
GEOG   ,107     ,"GILLESPIE, THOMAS WELCH",235.0,3.779148936170213,0.4153841072325968
INF STD,240     ,"GILLILAND, ANNE JERVOIS",19.0,3.9684210526315793,0.09206766149755731
INF STD,180     ,"GILLILAND, ANNE JERVOIS",17.0,4.0,0.0
INF STD,10      ,"GILLILAND, ANNE JERVOIS",78.0,3.874358974358975,0.23666263851893254
INF STD,241     ,"GILLILAND, ANNE JERVOIS",82.0,3.9707317073170727,0.0890160370287544
CLUSTER,48B     ,"GILLILAND, ANNE JERVOIS",247.0,3.8311740890688255,0.35088067059420625
INF STD,C115    ,"GILLILAND, ANNE JERVOIS",31.0,3.967741935483871,0.17668469596940842
CLUSTER,48A     ,"GILLILAND, ANNE JERVOIS",259.0,3.877606177606178,0.3262641930528094
INF STD,431     ,"GILLILAND, ANNE JERVOIS",211.0,3.863981042654028,0.21181069886213813
CHEM   ,103     ,"GIMZEWSKI, JAMES K",128.0,3.5734375000000003,0.6131991386113894
CHEM   ,114     ,"GIMZEWSKI, JAMES K",20.0,3.3199999999999994,0.7096477999684068
ECON   ,181L    ,"GIORCELLI, MICHELA",115.0,3.7678260869565223,0.30604001616354637
ECON   ,241     ,"GIORCELLI, MICHELA",70.0,4.0,0.0
ECON   ,242     ,"GIORCELLI, MICHELA",76.0,4.0,0.0
ECON   ,181     ,"GIORCELLI, MICHELA",115.0,3.7678260869565223,0.30604001616354637
URBN PL,206B    ,"GIOTTONINI BADILLA, MIRIAM PALOMA",27.0,3.7962962962962963,0.43587415910888216
COM HLT,M216A   ,"GIPSON, JESSICA",30.0,3.9133333333333336,0.2261759393824983
PUB HLT,200B    ,"GIPSON, JESSICA",126.0,3.892857142857143,0.4131141068834644
COM HLT,431     ,"GIPSON, JESSICA",48.0,3.8979166666666667,0.24705733421392068
COM HLT,M216B   ,"GIPSON, JESSICA",18.0,3.9833333333333334,0.06871842709362763
COM HLT,296     ,"GIPSON, JESSICA",12.0,4.0,0.0
COM HLT,431     ,"GIPSON, JESSICA D",19.0,3.8894736842105266,0.1447129166828159
COM HLT,M216B   ,"GIPSON, JESSICA D",20.0,3.965,0.15256146302392362
THEATER,C404G   ,"GIRARD, PAUL ERIK",11.0,3.909090909090909,0.21086206372260372
THEATER,50      ,"GIRARD, PAUL ERIK",11.0,3.972727272727273,0.0862439361864103
THEATER,C404I   ,"GIRARD, PAUL ERIK",15.0,3.8600000000000003,0.14966629547095758
THEATER,C404J   ,"GIRARD, PAUL ERIK",12.0,3.8083333333333336,0.25967394084804807
THEATER,C457A   ,"GIRARD, PAUL ERIK",21.0,3.9523809523809526,0.21295885499997996
THEATER,150     ,"GIRARD, PAUL ERIK",12.0,4.0,0.0
MGMTPHD,270     ,"GIULIANO, PAOLA",14.0,3.8428571428571425,0.20603150145508511
MGMTFT ,405     ,"GIULIANO, PAOLA",860.0,3.425232558139535,0.4356797061854362
MGMTFE ,405     ,"GIULIANO, PAOLA",154.0,3.4149350649350647,0.4493548719867657
MGMTMSA,404     ,"GIULIANO, PAOLA",408.0,3.352696078431373,0.5346728757869323
PSYCH  ,133F    ,"GIVVIN, KAREN BOGARD",1149.0,3.591470844212358,0.6374833667505542
HNRS   ,129     ,"GIVVIN, KAREN BOGARD",116.0,3.942241379310345,0.2319894699115062
EDUC   ,479     ,"GIVVIN, KAREN BOGARD",47.0,3.8404255319148937,0.3455858882486841
BIOSTAT,402A    ,"GJERTSON, DAVID W",27.0,4.0,0.0
BIOSTAT,100A    ,"GJERTSON, DAVID W",17.0,4.0,0.0
BIOSTAT,100B    ,"GJERTSON, DAVID W",129.0,3.9581395348837205,0.18706118653200193
BIOSTAT,200A    ,"GJERTSON, DAVID W",34.0,3.9323529411764704,0.17941176470588238
LING   ,170     ,"GLADNEY, ANISSA",42.0,3.5452380952380946,0.8124631510918426
LING   ,170     ,"GLADNEY, ANISSA D",18.0,3.561111111111111,1.011126373511183
PHYSCI ,177     ,"GLANZMAN, DAVID L",27.0,3.5037037037037035,0.6574256648481998
PHYSCI ,147     ,"GLANZMAN, DAVID L",195.0,3.0846153846153848,0.7663227081958665
PHYSCI ,M180C   ,"GLANZMAN, DAVID L",12.0,3.733333333333333,0.3009245014211298
NEUROSC,M101C   ,"GLANZMAN, DAVID L",201.0,3.5368159203980096,0.5844058180276364
PHYSCI ,270B    ,"GLANZMAN, DAVID L",59.0,3.947457627118644,0.13322077025849885
NEURO  ,M220    ,"GLANZMAN, DAVID L",15.0,3.5799999999999996,0.530659966456864
MATH   ,32B     ,"GLEIZER, OLEG",171.0,2.3514619883040937,1.322029129968374
MATH   ,167     ,"GLEIZER, OLEG",148.0,3.312162162162162,0.8432486572937768
MATH   ,123     ,"GLEIZER, OLEG",28.0,3.0964285714285715,0.8347292729883584
MATH   ,164     ,"GLEIZER, OLEG",70.0,3.5357142857142856,0.7744188077493459
MATH   ,61      ,"GLEIZER, OLEG",222.0,2.868018018018018,1.1550572855961234
HLT POL,423     ,"GLENN, BETH ANN",27.0,3.8518518518518516,0.28201703438224407
HLT POL,423     ,"GLENN-MALLOUK, BETH ANN",13.0,3.9538461538461536,0.10824036368823294
COM HLT,484     ,"GLIK, DEBORAH C",18.0,4.0,0.0
COM LIT,2BW     ,"GOBEILLE, CHRISTOPHER JACKSON",130.0,3.6415384615384614,0.6840810360661415
FOOD ST,M157    ,"GOBER, JAMES W",82.0,3.7402439024390244,0.3907028551206212
CHEM   ,153A    ,"GOBER, JAMES W",12.0,3.308333333333333,0.6664061991174919
CHEM   ,M157    ,"GOBER, JAMES W",279.0,3.7749103942652322,0.4100195500184541
MECH&AE,161C    ,"GOEBEL, DAN M",191.0,3.816753926701571,0.29468580689990137
LAW    ,316     ,"GOETZ, MEREDITH A",18.0,3.6222222222222222,0.3440858348267117
PSYCH  ,134J    ,"GOFF, BONNIE SARAMARIE",852.0,3.7693661971830985,0.4732150273858117
PSYCH  ,134B    ,"GOFF, BONNIE SARAMARIE",58.0,3.9793103448275864,0.07601864718982272
PSYCH  ,133D    ,"GOFF, BONNIE SARAMARIE",900.0,3.917,0.29979604177951824
PSYCH  ,130     ,"GOFF, BONNIE SARAMARIE",1593.0,3.7049591964846207,0.5677848844815103
PSYCH  ,134K    ,"GOFF, BONNIE SARAMARIE",838.0,3.7599045346062057,0.4521663478862858
PSYCH  ,131     ,"GOFF, BONNIE SARAMARIE",84.0,3.9476190476190474,0.15696237832237628
PSYCH  ,134A    ,"GOFF, BONNIE SARAMARIE",77.0,3.7857142857142856,0.3367970932233688
MUSC   ,80F     ,"GOGONCEA, MIRCEA",27.0,3.892592592592593,0.43709980716835356
URBN PL,219     ,"GOH, KIAN",53.0,3.983018867924528,0.06932518139952386
URBN PL,224     ,"GOH, KIAN",76.0,3.801315789473684,0.45233121919225927
URBN PL,273     ,"GOH, KIAN",18.0,4.0,0.0
URBN PL,229     ,"GOH, KIAN",16.0,3.5125,0.30388114452858056
URBN PL,243     ,"GOH, KIAN",20.0,3.8699999999999997,0.22383029285599393
HIST   ,1A      ,"GOLDBERG, JESSICA LILLIAN",243.0,3.413991769547325,0.9520012016789177
HIST   ,187B    ,"GOLDBERG, JESSICA LILLIAN",17.0,3.7352941176470593,0.344607494491219
HIST   ,119D    ,"GOLDBERG, JESSICA LILLIAN",46.0,3.4499999999999997,0.9649847937526854
HIST   ,191B    ,"GOLDBERG, JESSICA LILLIAN",35.0,3.54,0.8906498430119117
HNRS   ,70A     ,"GOLDBERG, ROBERT B",97.0,3.9896907216494846,0.10100988630033723
MCD BIO,167     ,"GOLDBERG, ROBERT B",41.0,4.0,0.0
LATIN  ,100     ,"GOLDBERG, SANDER M",9.0,2.9222222222222225,1.2479118360754835
COMM   ,191E    ,"GOLDMAN, ABIGAIL H",76.0,3.6828947368421048,0.3518328542656587
COMM   ,186     ,"GOLDMAN, ABIGAIL H",233.0,3.711587982832618,0.2967543488250422
HIST   ,11B     ,"GOLDMAN, ANDREA S",113.0,3.5929203539823007,0.729494529104088
HIST   ,200L    ,"GOLDMAN, ANDREA S",10.0,3.91,0.13747727084867511
HIST   ,187G    ,"GOLDMAN, ANDREA S",18.0,3.894444444444444,0.24374901076089225
HIST   ,187G    ,"GOLDMAN, ANDREA SUE",40.0,3.604999999999999,0.7038998508310682
HIST   ,201L    ,"GOLDMAN, ANDREA SUE",9.0,4.0,0.0
HIST   ,11B     ,"GOLDMAN, ANDREA SUE",116.0,3.4793103448275864,0.8066017734467655
HIST   ,200L    ,"GOLDMAN, ANDREA SUE",11.0,4.0,0.0
HIST   ,191G    ,"GOLDMAN, ANDREA SUE",22.0,3.6590909090909096,0.43028435725595876
FILM TV,188A    ,"GOLDSMITH, JILL L",10.0,4.0,0.0
FILM TV,34      ,"GOLDSMITH, JILL L",48.0,3.8249999999999997,0.3532586399037774
BMD RES,M6H     ,"GOLDSTEIN, ANDREW",39.0,3.8051282051282054,0.48777291792480754
MCD BIO,146     ,"GOLDSTEIN, ANDREW",422.0,3.962559241706161,0.1668529166047743
MCD BIO,M6H     ,"GOLDSTEIN, ANDREW",40.0,3.8049999999999997,0.5291266389060373
I E STD,280A    ,"GOLDSTEIN, DAVID MICHAEL",1.0,4.0,0.0
I E STD,281A    ,"GOLDSTEIN, DAVID MICHAEL",1.0,4.0,0.0
LING   ,110     ,"GOLDSTEIN, DAVID MICHAEL",71.0,3.8197183098591547,0.6256533977944908
MGMTGEX,406     ,"GOLDSTEIN, NOAH J",46.0,3.571739130434782,0.34870134441846345
MGMTEX ,422     ,"GOLDSTEIN, NOAH J",51.0,3.3803921568627446,0.504497267853671
MGMT   ,298D    ,"GOLDSTEIN, NOAH J",188.0,3.517553191489362,0.498252662065916
MGMT   ,252     ,"GOLDSTEIN, NOAH J",506.0,3.545454545454546,0.44316180151411527
LAW    ,201     ,"GOLDSTEIN, ROBERT D",35.0,3.5057142857142853,0.3520899699491247
FILM TV,298A    ,"GOLUB, PETER RICHARD",25.0,3.988,0.058787753826796234
ENGCOMP,50      ,"GOMEZ, CARLOS RAFAEL",17.0,3.911764705882353,0.13669352986614405
ENGCOMP,5W      ,"GOMEZ, CARLOS RAFAEL",177.0,3.624858757062147,0.49225998751134525
ENGCOMP,3       ,"GOMEZ, CARLOS RAFAEL",45.0,3.731111111111111,0.33454594251660114
ENGCOMP,3D      ,"GOMEZ, CARLOS RAFAEL",311.0,3.6321543408360126,0.4430907834934602
THEATER,126A    ,"GOMEZ, FIDEL E",13.0,4.0,0.0
EDUC   ,222A    ,"GOMEZ, KIMBERLEY",29.0,4.0,0.0
EDUC   ,133     ,"GOMEZ, KIMBERLEY",70.0,3.991428571428571,0.04997958767010254
EDUC   ,122     ,"GOMEZ, KIMBERLEY",35.0,3.9800000000000004,0.11661903789690604
EDUC   ,298C    ,"GOMEZ, KIMBERLEY",37.0,3.9918918918918918,0.04864864864864862
EDUC   ,222B    ,"GOMEZ, KIMBERLEY",23.0,4.0,0.0
EDUC   ,298B    ,"GOMEZ, KIMBERLEY",37.0,4.0,0.0
LAW    ,309     ,"GOMEZ, LAURA E",41.0,3.4658536585365844,0.4836899612191431
LAW    ,266     ,"GOMEZ, LAURA E",24.0,3.4875000000000003,0.408567109950536
LAW    ,653     ,"GOMEZ, LAURA E",18.0,3.6611111111111105,0.3093701287183524
EDUC   ,448B    ,"GOMEZ, LOUIS M",52.0,3.7961538461538464,0.3251990742142765
GENDER ,101W    ,"GOMEZ, TALIA MARLYN",14.0,3.8428571428571425,0.20603150145508511
PHYSCI ,C144    ,"GOMEZ-PINILLA, FERNANDO",159.0,3.6974842767295595,0.5096489956915274
ECON   ,89      ,"GONCALVES, FELIPE M",36.0,4.0,0.0
ECON   ,262A    ,"GONCALVES, FELIPE M",16.0,3.85625,0.23971011138456386
ECON   ,11      ,"GONCALVES, FELIPE M",520.0,3.1325,0.827299534165691
MUSC   ,C158A   ,"GONDEK, JULIANA K",12.0,4.0,0.0
MUSC   ,C158B   ,"GONDEK, JULIANA K",13.0,4.0,0.0
PSYCH  ,110     ,"GONZALEZ DIAZ, VALERIA VANESSA",58.0,3.8189655172413794,0.5706792373254767
A&O SCI,2       ,"GONZALEZ, DAVID",50.0,3.81,0.6360031446463139
FILM TV,459A    ,"GONZALEZ, JUAN PABLO",9.0,4.0,0.0
LAW    ,300     ,"GOODMAN, PATRICK D",266.0,3.503383458646617,0.3700586972706246
LAW    ,205     ,"GOODMAN, PATRICK D",316.0,3.488291139240507,0.37697445274547825
DESMA  ,160     ,"GOODWIN, DOUGLAS",20.0,3.84,0.30397368307141326
DESMA  ,110     ,"GOODWIN, DOUGLAS",13.0,3.9538461538461536,0.10824036368823294
GEOG   ,413     ,"GOODWIN-WHITE, JAMIE M",15.0,3.6666666666666665,0.3717824931626316
GEOG   ,4       ,"GOODWIN-WHITE, JAMIE M",36.0,3.0055555555555555,1.1649855612945128
GEOG   ,158     ,"GOODWIN-WHITE, JAMIE M",313.0,2.8932907348242813,0.9870340095055217
GEOG   ,162     ,"GOODWIN-WHITE, JAMIE M",205.0,3.235609756097561,0.8850797091856392
GEOG   ,140     ,"GOODWIN-WHITE, JAMIE M",141.0,3.3858156028368795,0.7684913432961301
MAT SCI,110L    ,"GOORSKY, MARK S",173.0,3.573988439306358,0.8718890128527842
MAT SCI,121L    ,"GOORSKY, MARK S",94.0,3.764893617021277,0.4234376657405057
MAT SCI,104     ,"GOORSKY, MARK S",179.0,3.434078212290503,0.610165848436244
MAT SCI,221     ,"GOORSKY, MARK S",40.0,3.3899999999999997,0.8148005891014071
MAT SCI,223     ,"GOORSKY, MARK S",26.0,3.503846153846154,0.43719452564555045
MAT SCI,210     ,"GOORSKY, MARK S",18.0,3.7277777777777783,0.2641665206215276
MAT SCI,298     ,"GOORSKY, MARK S",32.0,3.784375,0.2658822283925724
MAT SCI,122     ,"GOORSKY, MARK S",108.0,3.4583333333333335,0.7773560364513853
MAT SCI,110     ,"GOORSKY, MARK S",138.0,3.291304347826087,0.70129055576436
EPIDEM ,232     ,"GORBACH, PAMINA M",46.0,3.91304347826087,0.15688363958842358
EPIDEM ,270     ,"GORBACH, PAMINA M",74.0,3.9162162162162164,0.1602591035716064
EPIDEM ,227     ,"GORBACH, PAMINA M",25.0,3.924,0.16799999999999998
EE BIOL,130     ,"GORDON, MALCOLM S",14.0,2.9928571428571433,0.9027452462305392
WL ARTS,186B    ,"GORDON, ROBERT J",16.0,3.9187499999999997,0.187812240016459
WL ARTS,120     ,"GORDON, ROBERT J",15.0,3.9,0.14142135623730942
WL ARTS,186A    ,"GORDON, ROBERT J",17.0,4.0,0.0
HLT POL,232     ,"GORDON, THOMAS DANIEL",47.0,3.8127659574468082,0.21199861629074299
EE BIOL,100     ,"GORLITSKY, LERYN",1441.0,3.212907702984039,0.8032636053352221
EE BIOL,151A    ,"GORLITSKY, LERYN",306.0,3.450980392156863,0.6700519584827083
EE BIOL,111     ,"GORLITSKY, LERYN",205.0,3.195609756097561,0.7581300769415201
EE BIOL,100L    ,"GORLITSKY, LERYN",624.0,3.8435897435897437,0.2698360107830659
EE BIOL,154     ,"GORLITSKY, LERYN",45.0,3.815555555555555,0.48623522225156074
EE BIOL,136     ,"GORLITSKY, LERYN",130.0,3.5723076923076924,0.3829069749681898
EE BIOL,116     ,"GORLITSKY, LERYN",130.0,3.6323076923076925,0.4470786171813951
EE BIOL,120     ,"GORLITSKY, LERYN",178.0,3.2252808988764055,0.7224188300699543
EE BIOL,100     ,"GORLITSKY, LERYN E",468.0,3.39017094017094,0.7538714698154323
EE BIOL,100L    ,"GORLITSKY, LERYN E",197.0,3.8182741116751266,0.2407076411699718
EE BIOL,111     ,"GORLITSKY, LERYN E",65.0,3.213846153846154,0.7507692307692307
EE BIOL,136     ,"GORLITSKY, LERYN E",48.0,3.6854166666666663,0.4641253347845697
EE BIOL,151A    ,"GORLITSKY, LERYN E",117.0,3.672649572649572,0.43591419441557505
EE BIOL,120     ,"GORLITSKY, LERYN E",36.0,3.6750000000000003,0.41323587560724795
HUM GEN,411     ,"GORMAN, NICHOLAS",20.0,3.72,0.3722902093797257
HUM GEN,412     ,"GORMAN, NICHOLAS",10.0,3.5700000000000003,0.3132091952673166
HUM GEN,406     ,"GORMAN, NICHOLAS",10.0,3.9,0.3
BIOMATH,204     ,"GORNBEIN, JEFFREY A",26.0,3.8923076923076922,0.21825016860170932
BIOMATH,170A    ,"GORNBEIN, JEFFREY A",35.0,3.9628571428571426,0.13327890045360688
BIOMATH,265A    ,"GORNBEIN, JEFFREY A",35.0,3.6714285714285713,0.42866665608700694
THEATER,10      ,"GORSHEIN, DAVID MERON",95.0,3.7821052631578946,0.40496366240322845
LAW    ,485     ,"GOTTLIEB, RICHARD ERIC",37.0,3.467567567567568,0.4356133011483081
MGMTMFE,432     ,"GOUKASIAN, LEVON",56.0,3.3839285714285716,0.477260330919497
MGMT   ,232D    ,"GOUKASIAN, LEVON",17.0,3.376470588235294,0.45442842154889335
MGMTMFE,405     ,"GOUKASIAN, LEVON",257.0,3.380544747081712,0.4542181195612704
STATS  ,101A    ,"GOULD, ROBERT L",325.0,3.657538461538462,0.547199951555415
STATS  ,M148    ,"GOULD, ROBERT L",76.0,3.9723684210526313,0.08675234595724696
STATS  ,15      ,"GOULD, ROBERT L",117.0,3.7111111111111117,0.5557435579331851
MECH&AE,M168    ,"GOYAL, VINAY KUMAR",287.0,3.8216027874564467,0.6074051243439902
MECH&AE,261A    ,"GOYAL, VINAY KUMAR",59.0,3.8254237288135595,0.5616541007848771
MECH&AE,183A    ,"GOYAL, VINAY KUMAR",158.0,3.9101265822784805,0.4318329894905782
MECH&AE,156A    ,"GOYAL, VINAY KUMAR",59.0,3.791525423728814,0.7625310520141704
MECH&AE,298     ,"GOYAL, VINAY KUMAR",155.0,3.9387096774193546,0.22729463521313065
ENGL   ,11      ,"GOYAL, YOGITA",39.0,3.7153846153846146,0.6992811186069853
ENGL   ,131     ,"GOYAL, YOGITA",33.0,3.9606060606060605,0.22284577346485132
LAW    ,307     ,"GRADY, MARK",43.0,3.5209302325581397,0.3769881495484254
LAW    ,240     ,"GRADY, MARK",37.0,3.5405405405405403,0.35141371587889964
HLT POL,140     ,"GRAGNANI, CANDACE MICHELLE",313.0,3.9000000000000004,0.22876247150834647
EDUC   ,212B    ,"GRAHAM, SANDRA",12.0,4.0,0.0
EDUC   ,217A    ,"GRAHAM, SANDRA",20.0,3.94,0.11999999999999993
EDUC   ,141     ,"GRAHAM, SANDRA H",37.0,3.532432432432432,0.54279260588386
EDUC   ,217A    ,"GRAHAM, SANDRA H",22.0,3.8636363636363638,0.14937887931959065
EDUC   ,217B    ,"GRAMMER, JENNIE KATHERINE",16.0,3.98125,0.07261843774138903
EDUC   ,299B    ,"GRAMMER, JENNIE KATHERINE",14.0,4.0,0.0
EDUC   ,138     ,"GRAMMER, JENNIE KATHERINE",56.0,3.6178571428571433,0.5345582765427996
FILM TV,122E    ,"GRANADOS, ANGEL A",233.0,3.860085836909871,0.36167705631019703
FRNCH  ,3       ,"GRANDHOMME, WILFRID ERWAN",24.0,3.4875000000000003,0.6146221739139149
LAW    ,985     ,"GREEN, JOSHUA LEE",25.0,3.432,0.41925648474412414
HIST   ,M174E   ,"GREEN, NILE SPENCER",26.0,3.55,0.37749172176353757
HIST   ,20      ,"GREEN, NILE SPENCER",439.0,3.6637813211845103,0.3994703868784112
HIST   ,185E    ,"GREEN, NILE SPENCER",66.0,3.504545454545455,0.6629666608423306
HIST   ,102A    ,"GREEN, NILE SPENCER",122.0,3.606557377049181,0.3966535641924358
FILM TV,287C    ,"GREEN, PAUL HARRIS",14.0,4.0,0.0
FILM TV,287A    ,"GREEN, PAUL HARRIS",29.0,3.7137931034482765,0.25827563187688285
EDUC   ,318A    ,"GREEN, RACHEL ELLEN",29.0,4.0,0.0
EDUC   ,405A    ,"GREEN, RACHEL ELLEN",16.0,4.0,0.0
EDUC   ,405B    ,"GREEN, RACHEL ELLEN",15.0,4.0,0.0
EDUC   ,405C    ,"GREEN, RACHEL ELLEN",14.0,4.0,0.0
NURSING,200     ,"GREEN, STACEY DANIELLE",54.0,3.8796296296296298,0.19942475572545929
NURSING,175     ,"GREEN, STACEY DANIELLE",109.0,3.8798165137614675,0.2053324967527267
PHILOS ,281     ,"GREENBERG, GABRIEL JAE",8.0,4.0,0.0
PHILOS ,138     ,"GREENBERG, GABRIEL JAE",34.0,3.1676470588235297,1.359654062454922
PHILOS ,M257    ,"GREENBERG, MARK D",8.0,3.5749999999999997,0.37332961307670204
LAW    ,555     ,"GREENBERG, MARK D",33.0,3.8696969696969696,0.17491963260196133
LAW    ,120     ,"GREENBERG, MARK D",86.0,3.422093023255814,0.38981246617897486
LAW    ,418     ,"GREENBERG, MARK D",28.0,3.5964285714285715,0.3133712345003047
LAW    ,416     ,"GREENBERG, MARK D",26.0,3.565384615384615,0.3292676111665307
MATH   ,31B     ,"GREENE, MARY PAIGE",552.0,3.567028985507247,0.8547606745481704
MATH   ,3A      ,"GREENE, MARY PAIGE",275.0,3.367272727272727,0.9407259373782559
MATH   ,3B      ,"GREENE, MARY PAIGE",259.0,3.3741312741312743,1.0464071266285386
MATH   ,3C      ,"GREENE, MARY PAIGE",319.0,3.6849529780564265,0.694193956018515
MATH   ,31A     ,"GREENE, MARY PAIGE",209.0,3.5277511961722485,0.9244138012252404
MATH   ,1       ,"GREENE, MARY PAIGE",160.0,2.87,1.2285560630268364
MATH   ,31B     ,"GREENE, ROBERT E",150.0,2.8226666666666667,1.0615803732590805
MATH   ,123     ,"GREENE, ROBERT E",13.0,3.1538461538461537,0.8634593969478326
MATH   ,131AH   ,"GREENE, ROBERT E",57.0,3.2508771929824563,0.9003162810763049
MATH   ,115AH   ,"GREENE, ROBERT E",25.0,3.276,0.8927620063600378
MATH   ,132H    ,"GREENE, ROBERT E",38.0,2.634210526315789,1.1555988003012194
MATH   ,133     ,"GREENE, ROBERT E",16.0,2.81875,1.2684728761388633
MATH   ,134     ,"GREENE, ROBERT E",30.0,2.886666666666667,1.1681133887122812
MATH   ,33B     ,"GREENE, ROBERT E",105.0,3.2123809523809523,1.0433184454828772
MATH   ,110AH   ,"GREENE, ROBERT E",36.0,3.6999999999999997,0.4564354645876384
MATH   ,106     ,"GREENE, ROBERT E",29.0,2.903448275862069,0.9873275523353309
MATH   ,131BH   ,"GREENE, ROBERT E",17.0,3.51764705882353,0.6861960739490675
FILM TV,101A    ,"GREENE, SHELLEEN MAISHA",117.0,3.8564102564102565,0.42635096801695443
FILM TV,106B    ,"GREENE, SHELLEEN MAISHA",121.0,3.5561983471074385,0.7506352749706916
FILM TV,203     ,"GREENE, SHELLEEN MAISHA",19.0,3.8631578947368417,0.2718562435819991
FILM TV,4       ,"GREENE, SHELLEEN MAISHA",33.0,2.9333333333333336,1.2421063894966016
FILM TV,112     ,"GREENE, SHELLEEN MAISHA",336.0,3.541369047619048,0.8527877433643299
MGMT   ,231D    ,"GREENE, STEPHEN ATKINS",260.0,3.5065384615384616,0.44978150514095616
MGMT   ,298D    ,"GREENE, STEPHEN ATKINS",33.0,3.5969696969696967,0.3270481833510798
PSYCH  ,189     ,"GREENFIELD, PATRICIA M",37.0,3.875675675675675,0.29353889691644247
PSYCH  ,131     ,"GREENFIELD, PATRICIA M",25.0,4.0,0.0
PSYCH  ,239     ,"GREENFIELD, PATRICIA M",40.0,3.9025,0.29367286221236044
PSYCH  ,133G    ,"GREENFIELD, PATRICIA M",1079.0,3.894531974050047,0.4514396070984226
MSC IND,108     ,"GREGORY, CATHERINE ROSE",61.0,3.578688524590164,0.6111303030004028
COM HLT,151     ,"GRESBACH, VICTORIA",37.0,3.856756756756757,0.3852275849210126
EE BIOL,100     ,"GRETHER, GREGORY F",466.0,3.2392703862660945,0.8359561254213433
EE BIOL,297     ,"GRETHER, GREGORY F",19.0,4.0,0.0
EE BIOL,100L    ,"GRETHER, GREGORY F",193.0,3.752331606217617,0.3414495978342201
EE BIOL,132     ,"GRETHER, GREGORY F",32.0,3.9281249999999996,0.18410997902069298
LBR STD,188     ,"GRIFFEY, TREVOR SCOTT",57.0,3.087719298245614,1.107085659761082
LBR STD,101     ,"GRIFFEY, TREVOR SCOTT",230.0,3.5221739130434777,0.8166126031768656
NURSING,410     ,"GRIFFIS, CHARLES A",13.0,3.923076923076923,0.2664693550105965
HIST   ,187C    ,"GRIFFITH, BRIAN JAMES",39.0,3.6923076923076916,0.5264221837858413
HIST   ,132     ,"GRIFFITH, BRIAN JAMES",143.0,3.588111888111888,0.6678940402635076
HIST   ,128C    ,"GRIFFITH, BRIAN JAMES",55.0,3.667272727272727,0.9111540225958299
SOC WLF,202B    ,"GRIGGS, DIANE RAE",123.0,3.9869918699186995,0.0775219345760014
NURSING,407     ,"GRIMLEY, KAREN ANN",33.0,3.8363636363636364,0.27059774665704034
ENGR   ,112     ,"GRIMM, SCHAFFER",157.0,3.406369426751593,0.588497117371401
MGMT   ,160     ,"GRIMM, SCHAFFER",32.0,3.428125,0.5938404536363282
PSYCH  ,116B    ,"GRISHAM, WILLIAM E",386.0,3.3792746113989636,0.6637821387303126
PSYCH  ,116A    ,"GRISHAM, WILLIAM E",306.0,3.2522875816993464,0.8634620213968912
PSYCH  ,M116A   ,"GRISHAM, WILLIAM E",788.0,3.032994923857868,0.9505022263034082
COMM   ,151     ,"GROELING, TIM JOSEPH",703.0,3.5523470839260316,0.6722857840290619
COMM   ,160     ,"GROELING, TIM JOSEPH",84.0,3.4809523809523806,0.6433684034006729
MGMT   ,298E    ,"GROSS, ANDREW DAVID",39.0,3.7435897435897436,0.2478573533045041
LAW    ,496     ,"GROSS, ARIELA JULIE",13.0,3.6076923076923078,0.3540133384308878
LAW    ,100     ,"GROSS, ARIELA JULIE",145.0,3.4751724137931035,0.39940145467639687
LAW    ,571     ,"GROSS, ARIELA JULIE",10.0,3.94,0.11999999999999993
PSYCH  ,134A    ,"GROSS, ELISHEVA F",93.0,3.9129032258064513,0.2282357800168868
PSYCH  ,134B    ,"GROSS, ELISHEVA F",92.0,3.9695652173913043,0.10605487754478665
ENGL   ,10C     ,"GROSSMAN, JONATHAN HAMILTON",215.0,3.629302325581395,0.4436916766720783
ENGL   ,184     ,"GROSSMAN, JONATHAN HAMILTON",14.0,3.742857142857143,0.3619674131234265
ENGL   ,255     ,"GROSSMAN, JONATHAN HAMILTON",12.0,4.0,0.0
ENGL   ,164C    ,"GROSSMAN, JONATHAN HAMILTON",86.0,3.6802325581395343,0.41225973057236076
ENGL   ,191H    ,"GROSSMAN, JONATHAN HAMILTON",26.0,4.0,0.0
ENGL   ,91C     ,"GROSSMAN, JONATHAN HAMILTON",49.0,3.504081632653061,0.4873749692824291
COM SCI,261     ,"GROVER, ADITYA",47.0,3.7510638297872343,0.34633174381916265
COM SCI,M146    ,"GROVER, ADITYA",311.0,3.643086816720257,0.48780180419910185
COM SCI,269     ,"GROVER, ADITYA",45.0,3.8955555555555557,0.20543239553634782
COM SCI,97      ,"GU, JIA-CHEN",67.0,3.6044776119402986,0.4918538903971126
COM SCI,260     ,"GU, QUANQUAN",165.0,3.7745454545454544,0.38402249704530933
COM SCI,161     ,"GU, QUANQUAN",307.0,3.6416938110749184,0.5074247403905275
COM SCI,269     ,"GU, QUANQUAN",29.0,3.9896551724137934,0.05473968229788805
MGMT   ,298D    ,"GUBER, HOWARD PETER",264.0,3.5545454545454547,0.4274419394142881
SOC WLF,231M    ,"GUBIN, ALEXANDRA ELIZABETH",22.0,3.872727272727273,0.23195183313041948
WL ARTS,33      ,"GUERIN, AYASHA CHAVI",28.0,3.2964285714285713,1.2043024486212348
WL ARTS,186A    ,"GUERIN, AYASHA CHAVI",10.0,3.8299999999999996,0.34655446902326914
MGMT   ,108     ,"GUERIN, JANE",1117.0,3.0747538048343777,0.7535579927450956
PUB PLC,M229    ,"GUERIN, JANE",20.0,3.6599999999999993,0.31368774282716255
MGMTEX ,439     ,"GUERIN, JANE",184.0,3.6293478260869563,0.29910665666362485
MGMT   ,224     ,"GUERIN, JANE",465.0,3.605376344086021,0.30202385129692283
MGMT   ,M225    ,"GUERIN, JANE",45.0,3.7222222222222228,0.30542421419606536
CCAS   ,100XP   ,"GUERRA, LAUREN F",64.0,3.828125,0.6737184013925996
CCAS   ,M148    ,"GUERRA, LAUREN F",44.0,3.5795454545454546,0.8086407072293786
CCAS   ,M126    ,"GUERRA, LAUREN F",69.0,3.7695652173913037,0.5915600470154765
CCAS   ,153B    ,"GUERRA, LAUREN F",59.0,3.8016949152542376,0.7473096436775505
CCAS   ,188     ,"GUERRA, LAUREN F",11.0,3.3363636363636364,1.0619644980136211
HNRS   ,M145    ,"GUERRA, LAUREN F",25.0,3.7640000000000002,0.6221768237406469
AF AMER,M148    ,"GUERRA, LAUREN F",12.0,3.5833333333333335,1.114924013354971
SPAN   ,160     ,"GUERRERO, ARMANDO, JR",40.0,3.9025000000000007,0.2936728622123604
THEATER,134F    ,"GUERRERO, HECTOR",24.0,4.0,0.0
THEATER,134E    ,"GUERRERO, HECTOR",27.0,3.937037037037037,0.2263202387770695
THEATER,134D    ,"GUERRERO, HECTOR",25.0,3.8280000000000003,0.7835917304310964
THEATER,134C    ,"GUERRERO, HECTOR",27.0,3.6703703703703705,0.92968127346591
THEATER,134B    ,"GUERRERO, HECTOR",31.0,3.935483870967742,0.21634558241428667
THEATER,134A    ,"GUERRERO, HECTOR",30.0,3.926666666666667,0.24485823562942607
FILM TV,298A    ,"GUEVARA-FLANAGAN, KRISTY",10.0,4.0,0.0
FILM TV,411B    ,"GUEVARA-FLANAGAN, KRISTY",25.0,3.9760000000000004,0.08138795979750317
RELIGN ,101     ,"GUHIN, JEFFREY J",46.0,3.747826086956522,0.3871518803388478
SOCIOL ,189     ,"GUHIN, JEFFREY J",15.0,4.0,0.0
SOCIOL ,285E    ,"GUHIN, JEFFREY J",10.0,4.0,0.0
SOCIOL ,102     ,"GUHIN, JEFFREY J",628.0,3.3804140127388536,0.7589477843840626
SOCIOL ,191V    ,"GUHIN, JEFFREY J",31.0,3.7903225806451615,0.720373934577832
EDUC   ,101B    ,"GUILLEN, LORENA I",74.0,3.972972972972973,0.14359976031119168
EDUC   ,229     ,"GUILLEN, LORENA I",25.0,4.0,0.0
EDUC   ,10      ,"GUILLEN, LORENA I",324.0,3.849691358024691,0.679801099123678
EDUC   ,321B    ,"GUILLEN, LORENA I",31.0,4.0,0.0
EDUC   ,406B    ,"GUILLEN, LORENA I",106.0,3.9839622641509433,0.11747082532450683
EDUC   ,123     ,"GUILLEN, LORENA I",115.0,3.895652173913043,0.28571536591748276
EDUC   ,409     ,"GUILLEN, LORENA I",56.0,4.0,0.0
BIOSTAT,202B    ,"GUINDANI, MICHELE",33.0,3.6363636363636362,0.5198007670882804
ANTHRO ,203C    ,"GUPTA, AKHIL",29.0,3.9896551724137934,0.05473968229788805
ANTHRO ,133     ,"GUPTA, AKHIL",472.0,3.6658898305084744,0.5496933395300511
EC ENGR,209AS   ,"GUPTA, PUNEET",82.0,3.9609756097560975,0.13043650689874084
EC ENGR,209BS   ,"GUPTA, PUNEET",3.0,4.0,0.0
EC ENGR,201D    ,"GUPTA, PUNEET",60.0,3.878333333333333,0.2972606413383529
EC ENGR,201A    ,"GUPTA, PUNEET",69.0,3.7710144927536238,0.2964042721412485
EC ENGR,100     ,"GUPTA, PUNEET",321.0,3.151713395638629,0.9007465882812478
MECH&AE,256F    ,"GUPTA, VIJAY",62.0,4.0,0.0
MECH&AE,101     ,"GUPTA, VIJAY",578.0,3.834429065743945,0.3708329294673382
MECH&AE,CM240   ,"GUPTA, VIJAY",63.0,4.0,0.0
MECH&AE,CM140   ,"GUPTA, VIJAY",113.0,3.9805309734513274,0.10796460176991149
MATH   ,177     ,"GURDOGAN, HUBEYB USAME",28.0,2.65,1.32328055550266
MATH   ,170E    ,"GURDOGAN, HUBEYB USAME",80.0,2.84375,1.0853390887183598
MATH   ,174E    ,"GURDOGAN, HUBEYB USAME",186.0,3.014516129032258,1.1362331807941994
MATH   ,179     ,"GURDOGAN, HUBEYB USAME",43.0,3.2744186046511623,0.8178511331122167
MATH   ,170S    ,"GURDOGAN, HUBEYB USAME",182.0,3.1280219780219785,0.9836216101959325
MATH   ,164     ,"GURDOGAN, HUBEYB USAME",22.0,3.209090909090909,1.007205445734561
ECON   ,41      ,"GURKOVA, EKATERINA",46.0,2.9369565217391305,0.7704766158041042
HIST   ,M112E   ,"GURVAL, ROBERT A",39.0,3.866666666666667,0.20042689482936205
HNRS   ,5       ,"GURVAL, ROBERT A",14.0,3.9285714285714284,0.1905952009160905
HIST   ,M112C   ,"GURVAL, ROBERT A",39.0,3.746153846153846,0.29512809374232124
LATIN  ,1       ,"GURVAL, ROBERT A",13.0,3.8923076923076922,0.252560848605877
CLASSIC,M114B   ,"GURVAL, ROBERT A",11.0,3.972727272727273,0.0862439361864103
CLASSIC,137     ,"GURVAL, ROBERT A",29.0,3.5034482758620693,0.4679248087406334
CLASSIC,M114A   ,"GURVAL, ROBERT A",11.0,3.8636363636363638,0.14937887931959065
EDUC   ,130AX   ,"GUSMÃO-GARCIA WILLIAMS, RENATA",27.0,3.988888888888889,0.05665577237325313
PHYSICS,32      ,"GUTIERREZ, CHRISTOPHER",82.0,3.292682926829268,0.7334815886769205
PHYSICS,140A    ,"GUTIERREZ, CHRISTOPHER",85.0,3.5435294117647063,0.6243014088843211
PHYSICS,1BH     ,"GUTIERREZ, CHRISTOPHER",82.0,3.5634146341463415,0.5838292840861732
DANCE  ,67B     ,"GUTIERREZ, MIGUEL",12.0,3.975,0.08291561975888495
DANCE  ,160     ,"GUTIERREZ, MIGUEL",17.0,3.9647058823529413,0.09665692191267633
DANCE  ,1       ,"GUTIERREZ, MIGUEL",26.0,3.853846153846154,0.24531105721695343
LIFESCI,7C      ,"GUTIERREZ, MIGUEL ANGEL",18.0,3.8388888888888886,0.23127398107220723
PHYSICS,237B    ,"GUTPERLE, MICHAEL",5.0,4.0,0.0
PHYSICS,231B    ,"GUTPERLE, MICHAEL",27.0,3.988888888888889,0.05665577237325313
PHYSICS,221A    ,"GUTPERLE, MICHAEL",46.0,3.5521739130434784,0.559789995730069
PHYSICS,1B      ,"GUTPERLE, MICHAEL",352.0,3.058522727272728,0.7564390857118384
PHYSICS,221B    ,"GUTPERLE, MICHAEL",29.0,3.7827586206896546,0.7400228167578587
PHYSICS,105A    ,"GUTPERLE, MICHAEL",15.0,3.38,0.5923962637739484
PHYSICS,127     ,"GUTPERLE, MICHAEL",48.0,3.841666666666667,0.2841898817496656
PHYSICS,1A      ,"GUTPERLE, MICHAEL",122.0,3.167213114754098,0.700870959680229
PHYSICS,115A    ,"GUTPERLE, MICHAEL",81.0,3.2320987654320983,0.7227907438402846
LGBTQS ,183     ,"GUY, TAM JANINE",16.0,4.0,0.0
ETHNMUS,161K    ,"GUZMAN, JESUS A",238.0,3.977310924369748,0.14548497556776183
ETHNMUS,91K     ,"GUZMAN, JESUS A",258.0,3.9186046511627906,0.4525153544631147
GENDER ,202     ,"GUZMAN, JOSHUA J",16.0,4.0,0.0
GENDER ,205     ,"GUZMAN, JOSHUA J",11.0,3.9454545454545453,0.11570838237598043
GENDER ,204     ,"GUZMAN, JOSHUA J",13.0,4.0,0.0
GENDER ,103     ,"GUZMAN, JOSHUA J",118.0,3.761016949152542,0.6549723630222085
LIFESCI,M192A   ,"HA, BENJAMIN ANDREW",78.0,3.8846153846153846,0.5769230769230769
ECON   ,261B    ,"HAANWINCKEL JUNQUEIRA, DANIEL",15.0,3.94,0.11999999999999994
ECON   ,101     ,"HAANWINCKEL JUNQUEIRA, DANIEL",1250.0,2.9985600000000003,0.7945702778231766
LBR STD,188     ,"HAAS, GILDA",43.0,3.9395348837209303,0.2168908576495635
MGMT   ,278A    ,"HABIBI, PAUL B",684.0,3.4650584795321637,0.603395481994401
LAW    ,434     ,"HABIBI, PAUL B",150.0,3.5119999999999996,0.3903707639326149
MGMT   ,279B    ,"HABIBI, PAUL B",147.0,3.4544217687074825,0.5957024427870428
THEATER,150     ,"HACKETT, MICHAEL J",11.0,3.936363636363636,0.2012358511016242
ECON   ,452     ,"HACKMANN, MARTIN B",225.0,3.710222222222222,0.3436179331039306
ECON   ,131     ,"HACKMANN, MARTIN B",720.0,3.306388888888889,0.5993637959341082
ECON   ,271C    ,"HACKMANN, MARTIN B",37.0,3.9000000000000004,0.16603483841521802
ETHNMUS,161L    ,"HADADI, PEJMAN",115.0,3.988695652173913,0.07548707622334158
ETHNMUS,145     ,"HADADI, PEJMAN",26.0,4.0,0.0
ETHNMUS,163     ,"HADADI, PEJMAN",30.0,4.0,0.0
ETHNMUS,161L    ,"HADADI, PEJMAN ADEL",53.0,3.981132075471698,0.13605853869675433
ETHNMUS,91L     ,"HADADI, PEJMAN ADEL",14.0,3.9785714285714286,0.07726181304565687
MGMT   ,229     ,"HADDAD, VALENTIN P",16.0,3.5187500000000003,0.4977684577190483
MGMT   ,298D    ,"HADDAD, VALENTIN P",38.0,3.7921052631578944,0.3046841150639449
MGMTPHD,238     ,"HADDAD, VALENTIN P",15.0,3.76,0.26532998322843204
MGMTMFE,431     ,"HADDAD, VALENTIN P",79.0,3.5974683544303803,0.336013367555181
MGMTMFE,409     ,"HADDAD, VALENTIN P",355.0,3.5014084507042256,0.43179708254221205
ESL    ,22      ,"HADJERIS, FADHILA",14.0,3.8714285714285714,0.14846149779161796
MGMT   ,298D    ,"HAGGAG, KAREEM FAHMY",35.0,3.7199999999999998,0.3830703031335856
MGMT   ,203     ,"HAGGAG, KAREEM FAHMY",204.0,3.7073529411764707,0.43136224363804426
IRANIAN,102B    ,"HAGIGI, LATIFEH E",14.0,3.957142857142857,0.1049781318335647
IRANIAN,102A    ,"HAGIGI, LATIFEH E",11.0,3.8909090909090907,0.14431370787625034
IRANIAN,20A     ,"HAGIGI, LATIFEH E",41.0,3.8902439024390243,0.20339182184770133
IRANIAN,20B     ,"HAGIGI, LATIFEH E",10.0,3.97,0.08999999999999996
IRANIAN,20C     ,"HAGIGI, LATIFEH E",16.0,3.925,0.12990381056766573
IRANIAN,102C    ,"HAGIGI, LATIFEH E",10.0,3.91,0.13747727084867511
CLUSTER,80CW    ,"HAHM, ARYUN",58.0,3.8948275862068966,0.42321528466022545
CLUSTER,80BX    ,"HAHM, ARYUN",582.0,3.691408934707903,0.5098632736904232
CLUSTER,80A     ,"HAHM, ARYUN",621.0,3.5871175523349437,0.5913179423007243
ECON   ,203A    ,"HAHN, JINYONG",92.0,3.631521739130435,0.38671676744493816
ECON   ,41      ,"HAHN, JINYONG",236.0,2.7097457627118646,1.0546257765595057
FILM TV,295C    ,"HAIGH, BENJAMIN P",21.0,4.0,0.0
FILM TV,C452C   ,"HAINER, GREGORY",11.0,3.936363636363636,0.2012358511016242
MUSC   ,C480C   ,"HAK, RAKEFET R",49.0,3.9081632653061225,0.2117340791729459
MUSC   ,C185C   ,"HAK, RAKEFET R",160.0,3.9118749999999998,0.22593469050812007
MUSC   ,472     ,"HAK, RAKEFET R",46.0,3.9391304347826086,0.1436757534074635
HLT POL,253     ,"HALFON, NEAL",11.0,3.9181818181818184,0.1336085314245369
HLT POL,M449A   ,"HALFON, NEAL",67.0,3.9313432835820894,0.26888878865405486
COM HLT,M436A   ,"HALFON, NEAL",55.0,3.9836363636363634,0.06812725089161885
A&O SCI,217     ,"HALL, ALEXANDER DEAN",10.0,4.0,0.0
A&O SCI,123     ,"HALL, ALEXANDER DEAN",26.0,3.9615384615384617,0.14432048491764402
A&O SCI,51      ,"HALL, ALEXANDER DEAN",54.0,3.412962962962964,0.7579324450245222
SOC GEN,M132    ,"HALL, CAILEY",11.0,4.0,0.0
ENGL   ,163C    ,"HALL, CAILEY",37.0,3.6378378378378384,0.40023732915531396
FOOD ST,M132    ,"HALL, CAILEY",20.0,3.935,0.22422087324778664
ENGL   ,182D    ,"HALL, CAILEY",17.0,3.8117647058823527,0.2805086827662674
ENGL   ,M118F   ,"HALL, CAILEY",38.0,3.8868421052631574,0.2696694395889149
ENGL   ,162B    ,"HALL, CAILEY",36.0,3.688888888888888,0.7237164030880918
ART HIS,31      ,"HALL, REBECCA",235.0,3.7421276595744684,0.61731379713122
FOOD ST,M170XP  ,"HALL, SHAWN CAILEY",20.0,3.97,0.08999999999999996
FOOD ST,M132    ,"HALL, SHAWN CAILEY",12.0,4.0,0.0
ENGL   ,M118F   ,"HALL, SHAWN CAILEY",10.0,3.97,0.08999999999999996
MSC IND,124A    ,"HALLBAUER, JOSHUA F",27.0,4.0,0.0
SOCIOL ,191R    ,"HALLE, DAVID",87.0,3.9022988505747125,0.1806609903851816
SOCIOL ,191NY   ,"HALLE, DAVID",87.0,3.9022988505747125,0.1806609903851816
SOCIOL ,191R    ,"HALLE, DAVID J",35.0,3.9800000000000004,0.11661903789690604
SOCIOL ,191NY   ,"HALLE, DAVID J",35.0,3.9800000000000004,0.11661903789690604
MIMG   ,180A    ,"HALLEM, ELISSA A",14.0,3.878571428571429,0.24836198072448162
MOL BIO,254C    ,"HALLEM, ELISSA A",21.0,3.7190476190476187,0.30334492016443787
MIMG   ,180B    ,"HALLEM, ELISSA A",13.0,3.976923076923077,0.0799408065031789
THEATER,135D    ,"HALUS, EVELYN JOAN",39.0,3.9743589743589745,0.15806189751202504
PHYSICS,1C      ,"HAMILTON, DAVID WARREN",434.0,3.5384792626728108,0.6302062355606683
POL SCI,6       ,"HAMILTON, JENNIFER ANNE",42.0,3.292857142857143,1.1272370049400093
NURSING,212     ,"HAMILTON, NALO M",110.0,3.5045454545454544,0.5188074373260212
NURSING,175     ,"HAMILTON, NALO M",109.0,3.8798165137614675,0.2053324967527267
PHYSICS,115B    ,"HAMILTON, PAUL",191.0,3.1895287958115186,0.8240465141894386
PHYSICS,180Q    ,"HAMILTON, PAUL",84.0,3.3880952380952385,1.0399639144271582
PHYSICS,1B      ,"HAMILTON, PAUL",154.0,3.072727272727273,0.863417607291439
COM HLT,110     ,"HAMMETT, WILSON HYER",17.0,3.829411764705882,0.5409846207255726
ARABIC ,102B    ,"HAMZA, ABEER TALAT",46.0,3.582608695652174,0.7758037481068002
ARABIC ,102C    ,"HAMZA, ABEER TALAT",36.0,3.630555555555555,0.5506659828710668
ARABIC ,102A    ,"HAMZA, ABEER TALAT",57.0,3.710526315789474,0.7032965510943187
LAW    ,108B    ,"HAN, EDWARD",93.0,3.5010752688172047,0.3514928603737848
LAW    ,727     ,"HAN, EDWARD",22.0,3.9045454545454548,0.1397311468085399
MATH   ,151B    ,"HAN, FUQUN",80.0,3.34625,0.8041989414939565
MATH   ,155     ,"HAN, FUQUN",117.0,3.5487179487179485,0.6428589169590331
MATH   ,151A    ,"HAN, FUQUN",38.0,3.7210526315789467,0.4155895588684143
GENDER ,153     ,"HAN, JU HUI JUDY",50.0,3.928,0.204
GENDER ,102     ,"HAN, JU HUI JUDY",286.0,3.8503496503496506,0.4049301288039264
GENDER ,187     ,"HAN, JU HUI JUDY",16.0,3.75,0.9682458365518543
GENDER ,131     ,"HAN, JU HUI JUDY",78.0,3.9423076923076925,0.18846153846153846
GENDER ,204     ,"HAN, JU HUI JUDY",11.0,4.0,0.0
STATS  ,C216    ,"HANDCOCK, MARK S",21.0,3.9857142857142858,0.06388765649999395
STATS  ,184     ,"HANDCOCK, MARK S",160.0,3.9768749999999997,0.14586889447377052
STATS  ,202C    ,"HANDCOCK, MARK S",34.0,4.0,0.0
STATS  ,218     ,"HANDCOCK, MARK S",26.0,4.0,0.0
STATS  ,C116    ,"HANDCOCK, MARK S",71.0,3.9859154929577465,0.08927844502389004
STATS  ,202B    ,"HANDCOCK, MARK S",29.0,3.975862068965517,0.1277259253617389
CHEM   ,101     ,"HANDS, ALLISON",93.0,3.6548387096774193,0.4226175802622534
PATH   ,294     ,"HANKINSON, OLIVER",75.0,3.8466666666666667,0.2328566559543064
C&EE   ,152     ,"HANNA, WILLIAM M",26.0,3.6923076923076925,0.28945981111118124
KOREA  ,C151    ,"HANSCOM, CHRISTOPHER P",51.0,3.7372549019607844,0.7433260663446044
KOREA  ,80      ,"HANSCOM, CHRISTOPHER P",424.0,3.6997641509433956,0.5567128430872073
ASTR   ,127     ,"HANSEN, BRADLEY M",59.0,2.825423728813559,0.9000175554481755
ASTR   ,272     ,"HANSEN, BRADLEY M",18.0,3.9444444444444446,0.2290614236454256
ASTR   ,284     ,"HANSEN, BRADLEY M",44.0,4.0,0.0
ASTR   ,5       ,"HANSEN, BRADLEY M",150.0,3.3419999999999996,0.7401144055707424
ASTR   ,82      ,"HANSEN, BRADLEY M",44.0,3.263636363636364,0.7087411724930173
GENDER ,M111    ,"HANSEN, CANDACE LEE",27.0,4.0,0.0
GENDER ,M107B   ,"HANSEN, CANDACE LEE",18.0,3.8722222222222222,0.3648524139300949
FILM TV,M111    ,"HANSEN, CANDACE LEE",15.0,4.0,0.0
ENGL   ,M107B   ,"HANSEN, CANDACE LEE",25.0,3.972,0.13717142559585802
ECON   ,202A    ,"HANSEN, GARY D",73.0,3.682191780821918,0.3939064855831901
ECON   ,221A    ,"HANSEN, GARY D",11.0,4.0,0.0
ECON   ,164     ,"HANSEN, GARY D",102.0,3.409803921568627,0.6829161525086153
EDUC   ,499C    ,"HANSEN, MARK P",48.0,3.9145833333333333,0.21793498966944763
EDUC   ,499B    ,"HANSEN, MARK P",52.0,3.9865384615384616,0.09613461346115378
EDUC   ,166     ,"HANSEN, MARK P",111.0,3.9351351351351354,0.20430001285366767
EDUC   ,499A    ,"HANSEN, MARK P",53.0,3.986792452830189,0.09524097708772804
EDUC   ,211C    ,"HANSEN, MARK P",12.0,4.0,0.0
EDUC   ,150     ,"HANSEN, MARK P",37.0,3.8756756756756756,0.35898159661133683
EDUC   ,296J    ,"HANSEN, MARK P",106.0,4.0,0.0
EDUC   ,230B    ,"HANSEN, MARK P",76.0,3.996052631578947,0.03418521330728045
EDUC   ,211A    ,"HANSEN, MARK P",24.0,3.975,0.08291561975888495
FILM TV,412C    ,"HANSEN, ROLF",36.0,3.861111111111111,0.4185144214810934
FILM TV,412A    ,"HANSEN, ROLF",46.0,3.85,0.30910108097654654
FILM TV,412B    ,"HANSEN, ROLF",47.0,3.893617021276596,0.34604406023679957
FILM TV,122D    ,"HANSEN, ROLF",158.0,3.9746835443037973,0.3172142806618144
MATH   ,131A    ,"HAQUE, SAIKATUL",35.0,2.817142857142857,0.9207095755171549
SOC WLF,210C    ,"HARLEY, JASON SEAN",29.0,3.9,0.19826836567538003
CHEM   ,247     ,"HARRAN, PATRICK G",25.0,3.68,0.466476151587624
CHEM   ,30A     ,"HARRAN, PATRICK G",128.0,3.01328125,0.8337950787804144
CHEM   ,244B    ,"HARRAN, PATRICK G",56.0,3.742857142857143,0.43377789859111365
CCAS   ,105F    ,"HARRIS, AUDREY ADELE",84.0,3.9214285714285717,0.24400986932198176
CCAS   ,111     ,"HARRIS, AUDREY ADELE",39.0,3.943589743589744,0.14463902334533799
CCAS   ,109     ,"HARRIS, AUDREY ADELE",138.0,3.8688405797101457,0.32854548240001874
LAW    ,148     ,"HARRIS, CHERYL I",157.0,3.451592356687898,0.36127958993995896
LAW    ,214     ,"HARRIS, CHERYL I",70.0,3.4971428571428573,0.36054380695651106
LAW    ,645     ,"HARRIS, CHERYL I",20.0,3.65,0.28372521918222227
LING   ,207     ,"HARRIS, JESSE ARON",10.0,4.0,0.0
LING   ,8       ,"HARRIS, JESSE ARON",16.0,3.70625,0.9717694878416383
LING   ,120C    ,"HARRIS, JESSE ARON",42.0,3.8333333333333335,0.4189935029992179
LING   ,132     ,"HARRIS, JESSE ARON",189.0,3.640211640211641,0.6529314909912046
EDUC   ,263     ,"HARRIS, JESSICA CHRISTINE",40.0,3.7449999999999997,0.688095196902289
EDUC   ,414A    ,"HARRIS, JESSICA CHRISTINE",45.0,4.0,0.0
EDUC   ,261F    ,"HARRIS, JESSICA CHRISTINE",18.0,4.0,0.0
INTL DV,191     ,"HARRIS, KEVAN KIMBERLIN",60.0,3.6966666666666668,0.3776977039320673
SOCIOL ,211B    ,"HARRIS, KEVAN KIMBERLIN",28.0,3.9214285714285713,0.16552328894652096
INTL DV,130     ,"HARRIS, KEVAN KIMBERLIN",347.0,3.4423631123919307,0.6109171596299867
GJ STDS,125     ,"HARRISON, CHARLES A",64.0,3.615625,0.6821882873334898
GJ STDS,176C    ,"HARRISON, CHARLES A",112.0,4.0,0.0
GJ STDS,122A    ,"HARRISON, CHARLES A",77.0,3.225974025974026,0.8447550321012683
ITALIAN,121     ,"HARRISON, THOMAS J",17.0,3.7470588235294118,0.4202487317527471
ITALIAN,150     ,"HARRISON, THOMAS J",33.0,3.7393939393939397,0.3741166516665332
ITALIAN,46      ,"HARRISON, THOMAS J",295.0,3.205084745762712,0.8796038647708698
ANTHRO ,134     ,"HART, LAURIE KAIN",29.0,3.2896551724137932,0.6149543451437491
GLBL ST,191     ,"HART, LAURIE KAIN",16.0,3.76875,0.2930843521923339
GLBL ST,104     ,"HART, LAURIE KAIN",110.0,3.898181818181818,0.3712342603169296
ENGCOMP,130C    ,"HARTENBERGER, LAURA A",97.0,3.909278350515464,0.3703112299904946
ENGCOMP,131B    ,"HARTENBERGER, LAURA A",99.0,3.92020202020202,0.48220449117469866
ENGCOMP,3       ,"HARTENBERGER, LAURA A",132.0,3.8742424242424245,0.27236929367969803
ENGCOMP,136     ,"HARTENBERGER, LAURA A",150.0,3.959333333333334,0.16617126372778443
MCD BIO,138     ,"HARTENSTEIN, VOLKER",351.0,3.303418803418804,0.7456156702602217
LAW    ,105     ,"HARTMAN, ANDREA ROSE",26.0,3.7192307692307693,0.2542246595332422
MGMTFE ,408     ,"HARTMAN-GLASER, BARNEY P",176.0,3.545454545454545,0.4782565617354092
MGMTEX ,408     ,"HARTMAN-GLASER, BARNEY P",175.0,3.513142857142857,0.42493543327072597
MGMTPHD,240     ,"HARTMAN-GLASER, BARNEY P",8.0,3.9125,0.23150323971815173
MGMTFT ,408     ,"HARTMAN-GLASER, BARNEY P",318.0,3.6550314465408804,0.4341077369881835
MGMT   ,279C    ,"HARTMAN-GLASER, BARNEY P",50.0,3.888,0.20163333057805694
ART HIS,185     ,"HARWELL, GREGORY TODD",97.0,3.7123711340206182,0.5738741073837694
ART HIS,124     ,"HARWELL, GREGORY TODD",181.0,3.4773480662983425,0.5394755334818647
CLASSIC,143A    ,"HASELSWERDT, ELLA HATTIE",24.0,3.6958333333333333,0.9409565906860717
GREEK  ,200B    ,"HASELSWERDT, ELLA HATTIE",10.0,3.97,0.08999999999999996
GREEK  ,206A    ,"HASELSWERDT, ELLA HATTIE",10.0,4.0,0.0
CLASSIC,88GE    ,"HASELSWERDT, ELLA HATTIE",22.0,3.8318181818181816,0.39472241527935426
CLASSIC,10      ,"HASELSWERDT, ELLA HATTIE",564.0,3.9413120567375888,0.2817983946808534
COMM   ,188B    ,"HASELTON, MARTIE G",44.0,3.7659090909090907,0.36738831439461844
CLUSTER,M72B    ,"HASELTON, MARTIE G",461.0,3.679826464208243,0.47153781306253895
COMM   ,110     ,"HASELTON, MARTIE G",89.0,3.424719101123596,0.6796034697910253
CLUSTER,M72A    ,"HASELTON, MARTIE G",475.0,3.737263157894737,0.3972813986273342
LAW    ,319     ,"HASEN, RICK",40.0,3.5675,0.32201513939565024
LAW    ,322     ,"HASEN, RICK",94.0,3.4617021276595743,0.5136656713372685
LAW    ,140     ,"HASEN, RICK",29.0,3.555172413793103,0.3519269192323607
LAW    ,300     ,"HASEN, RICK",66.0,3.4803030303030305,0.3660682569940968
HLT POL,433     ,"HASKELL, NICOLE M",11.0,3.7090909090909094,0.23141676475196105
WL ARTS,104     ,"HASSNAOUI, AMIRA",21.0,3.7190476190476187,0.3346911122058206
RES PRC,194B    ,"HASSON, TAMA WESTBROOK",40.0,3.9174999999999995,0.3878707903413197
PHYSCI ,194A    ,"HASSON, TAMA WESTBROOK",24.0,4.0,0.0
ANTHRO ,154Q    ,"HAUCK, JAN DAVID",59.0,3.830508474576271,0.36325003635406894
ANTHRO ,159     ,"HAUCK, JAN DAVID",60.0,3.556666666666666,0.8639765943331773
PHYSICS,170A    ,"HAUSER, JAY",45.0,3.4488888888888893,0.7511834284712866
PHYSICS,1C      ,"HAUSER, JAY",361.0,2.9966759002770087,0.9059605806158068
PHYSICS,1B      ,"HAUSER, JAY",339.0,3.187315634218289,0.8089022701636617
ART    ,271     ,"HAWKINS, RICHARD",10.0,4.0,0.0
LING   ,120A    ,"HAYES, BRUCE P",34.0,3.2088235294117644,0.983202344998766
CCAS   ,CM106   ,"HAYES-BAUTISTA, DAVID E",448.0,3.7799107142857147,0.6196902964034798
PUB HLT,M106    ,"HAYES-BAUTISTA, DAVID E",105.0,3.8361904761904757,0.6977683896706576
MGMTGEX,403     ,"HAYN, CARLA",116.0,3.5715517241379318,0.43861184522637947
MGMTFT ,403     ,"HAYN, CARLA",28.0,3.9678571428571425,0.09278843611976123
MGMTEX ,440     ,"HAYN, CARLA",254.0,3.7035433070866137,0.39137759434188707
MGMT   ,459E    ,"HAYN, CARLA",81.0,3.6456790123456786,0.39033046547197386
HLT POL,214     ,"HAYS, RONALD DALE",38.0,3.9289473684210527,0.19588919362048876
MATH   ,227A    ,"HAZEL, CHRISTY",12.0,4.0,0.0
MATH   ,61      ,"HAZEL, CHRISTY",410.0,3.5880487804878047,0.5955760462684482
MATH   ,111     ,"HAZEL, CHRISTY",13.0,3.361538461538461,0.8024371161927811
STATS  ,201A    ,"HAZLETT, CHAD J",31.0,3.870967741935484,0.7067387838776337
STATS  ,201B    ,"HAZLETT, CHAD J",29.0,4.0,0.0
POL SCI,6       ,"HAZLETT, CHAD J",104.0,3.1259615384615382,1.1391625797646685
STATS  ,256     ,"HAZLETT, CHAD J",79.0,3.981012658227848,0.0730457622595114
POL SCI,200C    ,"HAZLETT, CHAD J",106.0,3.937735849056604,0.24856297565363294
STATS  ,420     ,"HAZLETT, CHAD J",24.0,4.0,0.0
STATS  ,M169    ,"HAZLETT, CHAD J",17.0,3.4705882352941178,0.9772498662256559
POL SCI,M170X   ,"HAZLETT, CHAD J",10.0,3.4299999999999997,1.1933566105737212
MGMTFE ,409     ,"HE, CHONG",567.0,3.547089947089947,0.35464341932775806
MGMTEX ,409     ,"HE, CHONG",126.0,3.5103174603174603,0.3527284501375062
ECON   ,449     ,"HE, HOLLY SHI XU",199.0,3.9020100502512567,0.24225900816000803
EPS SCI,112     ,"HE, JOHN",17.0,3.0823529411764703,0.6409875598661133
EC ENGR,201A    ,"HE, LEI",19.0,3.810526315789474,0.2552495926943609
EC ENGR,209AS   ,"HE, LEI",40.0,3.8899999999999997,0.18681541692269404
EC ENGR,M16     ,"HE, LEI",43.0,3.2860465116279074,0.8673888630234617
EC ENGR,201C    ,"HE, LEI",15.0,3.886666666666667,0.24184476196289412
MAT SCI,150     ,"HE, XIMIN",151.0,3.6940397350993384,0.5432587211966515
MAT SCI,253     ,"HE, XIMIN",68.0,3.9705882352941178,0.14956684864813083
MAT SCI,104     ,"HE, XIMIN",189.0,3.494179894179894,0.6615821899757509
ESL    ,301     ,"HE, YINGLIANG",52.0,4.0,0.0
ESL    ,300     ,"HE, YINGLIANG",13.0,4.0,0.0
C&EE   ,180     ,"HE, YUESHUAI BRIAN",75.0,3.744,0.5673893431028351
MUSC   ,50      ,"HEARN, KAREN NOEL",38.0,3.7342105263157896,0.47918588624187086
MUSC   ,114D    ,"HEARN, KAREN NOEL",38.0,3.8815789473684212,0.2563460481436996
MUSC   ,114C    ,"HEARN, KAREN NOEL",26.0,3.8461538461538463,0.34777398632176354
MUSC   ,114J    ,"HEARN, KAREN NOEL",36.0,3.8972222222222226,0.2823375748511691
PHYSCI ,167     ,"HEBER, DAVID",680.0,3.881617647058823,0.3125799205761701
ENGR   ,202     ,"HECHT, MYRON JAY",149.0,3.867114093959732,0.3188576407054716
ENGR   ,205     ,"HECHT, MYRON JAY",85.0,3.856470588235294,0.32771833631714525
LAW    ,615     ,"HECHT, SEAN BERNARD",14.0,3.935714285714286,0.1230977709972434
URBN PL,265B    ,"HECHT, SUSANNA B",29.0,3.968965517241379,0.09136304344477078
URBN PL,269     ,"HECHT, SUSANNA B",10.0,3.97,0.08999999999999996
URBN PL,M265    ,"HECHT, SUSANNA B",12.0,3.7249999999999996,0.27726341266023546
EPIDEM ,100     ,"HECK, JULIA E",364.0,3.607967032967033,0.557434507078998
LAW    ,211     ,"HEILMAN, JOHN WILLIAM",68.0,3.480882352941176,0.3544910821665902
LAW    ,318     ,"HEILMAN, JOHN WILLIAM",51.0,3.505882352941176,0.594554294987919
LAW    ,140     ,"HEILMAN, JOHN WILLIAM",80.0,3.4299999999999997,0.3702701716314724
LAW    ,525     ,"HEINRICH, ALAN",11.0,3.7545454545454544,0.35767846496192734
ENVIRON,M30     ,"HEISE, URSULA K",281.0,3.6277580071174382,0.5771555220212202
ENGL   ,M30     ,"HEISE, URSULA K",145.0,3.797931034482759,0.3662426114151263
ENGL   ,110V    ,"HEISE, URSULA K",37.0,3.532432432432432,0.505137954961545
ENGL   ,32      ,"HEISE, URSULA K",30.0,3.416666666666667,1.1773086067618614
ENGL   ,202     ,"HEISE, URSULA K",30.0,3.9066666666666667,0.16918103387266023
GEOG   ,3       ,"HEITZ, KAILY A",136.0,3.652941176470588,0.7334388358626485
GEOG   ,202     ,"HEITZ, KAILY A",12.0,3.9250000000000003,0.12990381056766573
GEOG   ,161     ,"HEITZ, KAILY A",109.0,3.742201834862385,0.6765120445481009
GEOG   ,187     ,"HEITZ, KAILY A",21.0,3.6476190476190475,0.5132706031112055
GEOG   ,191     ,"HEITZ, KAILY A",39.0,3.746153846153846,0.492427869947053
GEOG   ,235     ,"HEITZ, KAILY A",8.0,3.9625,0.09921567416492208
FILM TV,298A    ,"HELM, FREDERICK WILLIAM",16.0,4.0,0.0
PHILOS ,M187    ,"HELTON, GRACE",41.0,3.968292682926829,0.20053468088872647
PHILOS ,191     ,"HELTON, GRACE",14.0,4.0,0.0
CHEM   ,30AL    ,"HENARY, MAHER",551.0,3.6292196007259525,0.5245680349410106
CHEM   ,14BL    ,"HENARY, MAHER",1527.0,3.3966601178781923,0.7968063984074247
CHEM   ,14CL    ,"HENARY, MAHER",1368.0,3.5466374269005843,0.6540944658802226
CHEM   ,14BL    ,"HENARY, MAHER M",491.0,3.45050916496945,0.7556809592928722
CHEM   ,30AL    ,"HENARY, MAHER M",80.0,3.65,0.47010637094172636
CHEM   ,20L     ,"HENARY, MAHER M",197.0,3.520304568527919,0.70278193297002
CHEM   ,14CL    ,"HENARY, MAHER M",284.0,3.414788732394366,0.7058056213181564
GJ STDS,127B    ,"HENDELMAN, TAMIR",59.0,3.4677966101694917,0.6057466825153396
GJ STDS,129B    ,"HENDELMAN, TAMIR",17.0,3.8117647058823527,0.3376081141713351
GJ STDS,129A    ,"HENDELMAN, TAMIR",67.0,3.5597014925373136,0.6608587135322525
GJ STDS,127A    ,"HENDELMAN, TAMIR",48.0,3.4500000000000006,0.6692657668420422
GJ STDS,127C    ,"HENDELMAN, TAMIR",30.0,3.42,0.5635601121442149
MGMT   ,273     ,"HENDRY, STEPHEN J",30.0,3.736666666666667,0.273840991980545
COM SCI,130     ,"HENNIGAN, ERIC MICHAEL",241.0,3.633609958506224,0.4841802728987558
PHYSCI ,121     ,"HENRICKS, MICHELLE",101.0,3.910891089108911,0.2831579309872709
MGMT   ,407     ,"HERMAN, ARIELLA D",20.0,3.575,0.3985912693474357
PHILOS ,22W     ,"HERMAN, BARBARA",272.0,3.5125,0.5524594076118385
PHILOS ,C151B   ,"HERMAN, BARBARA",40.0,3.1775,0.9029084948099668
PHILOS ,150     ,"HERMAN, BARBARA",34.0,3.3088235294117645,0.4559203020258124
COM HLT,231     ,"HERMAN, DENA R",53.0,3.9358490566037734,0.14287392466145316
COM HLT,48      ,"HERMAN, DENA R",133.0,3.7270676691729325,0.8086122726319198
COM HLT,281B    ,"HERMAN, DENA R",18.0,4.0,0.0
DIS STD,101W    ,"HERNANDEZ, FRED ARIEL",228.0,3.948245614035088,0.19656366146131662
GENDER ,M161    ,"HERNANDEZ, FRED ARIEL",24.0,3.875,0.38756719847444954
FOOD ST,187     ,"HERNANDEZ, FRED ARIEL",39.0,3.992307692307692,0.04741856925360748
DIS STD,191     ,"HERNANDEZ, FRED ARIEL",29.0,4.0,0.0
DIS STD,M161    ,"HERNANDEZ, FRED ARIEL",52.0,3.9480769230769233,0.2685361919565639
NEURO  ,240     ,"HERNANDEZ, LEANNA MARIE",15.0,4.0,0.0
SOCIOL ,180C    ,"HERNANDEZ-LEON, RUBEN",27.0,3.111111111111111,0.9723333269848525
SOCIOL ,180A    ,"HERNANDEZ-LEON, RUBEN",133.0,3.038345864661654,0.7846958899956925
SOCIOL ,152     ,"HERNANDEZ-LEON, RUBEN",52.0,2.6384615384615384,0.9315317918836377
POL SCI,186     ,"HERNDON, MICHAEL ALAN",91.0,3.8098901098901097,0.5967043085819037
GEOG   ,146     ,"HERRERA, JUAN C",313.0,3.880830670926518,0.45085996644948884
GEOG   ,3       ,"HERRERA, JUAN C",402.0,3.8291044776119403,0.4330542852346002
GEOG   ,236     ,"HERRERA, JUAN C",15.0,4.0,0.0
GEOG   ,160     ,"HERRERA, JUAN C",312.0,3.884935897435897,0.45042429682790486
LBR STD,191B    ,"HERRERA, LUCERO E",27.0,3.8185185185185184,0.7547562947547236
LBR STD,191A    ,"HERRERA, LUCERO E",27.0,3.911111111111111,0.13698697784375496
PUB AFF,112     ,"HERRERA, VERONICA",179.0,3.7156424581005583,0.7129927527400819
URBN PL,239     ,"HERRERA, VERONICA",24.0,3.8041666666666667,0.3372427002751711
URBN PL,233     ,"HERRERA, VERONICA",18.0,3.7222222222222223,0.3923654129557683
URBN PL,269     ,"HERRERA, VERONICA",48.0,3.4958333333333336,0.8351542605344768
PUB AFF,M159    ,"HERRERA, VERONICA",141.0,3.4787234042553195,0.6697949840495334
SOCIOL ,158     ,"HERRING, CHRISTOPHER J",673.0,3.5468053491827636,0.5038567915788407
SOCIOL ,189     ,"HERRING, CHRISTOPHER J",30.0,4.0,0.0
SOCIOL ,191V    ,"HERRING, CHRISTOPHER J",35.0,3.8971428571428572,0.2372289000531094
MGMT   ,274B    ,"HERSHFIELD, HAL ERSNER",29.0,4.0,0.0
MGMT   ,298D    ,"HERSHFIELD, HAL ERSNER",50.0,4.0,0.0
MGMTFE ,411     ,"HERSHFIELD, HAL ERSNER",204.0,3.4754901960784315,0.40267153804427497
MGMTFT ,411     ,"HERSHFIELD, HAL ERSNER",614.0,3.499999999999999,0.3811947615774274
MGMTEX ,411     ,"HERSHFIELD, HAL ERSNER",156.0,3.496794871794872,0.4084711758645438
MGMTFT ,408     ,"HERSKOVIC, BERNARD",128.0,3.45,0.3968626966596886
MGMTMFE,431     ,"HERSKOVIC, BERNARD",327.0,3.6155963302752294,0.3742084764402647
MGMTFE ,408     ,"HERSKOVIC, BERNARD",48.0,3.5854166666666667,0.38836708544308385
MGMT   ,232A    ,"HERSKOVIC, BERNARD",77.0,3.8428571428571425,0.27418288115619016
LAW    ,578     ,"HESSLER, CURTIS A",35.0,3.834285714285714,0.23292286539644366
MATH   ,135     ,"HESTER, ERIC WILLIAM",134.0,2.9343283582089557,1.0666662025691425
COMPTNG,16A     ,"HESTER, ERIC WILLIAM",48.0,3.2624999999999993,0.6498797965777979
I A STD,191     ,"HEUVELINE, PATRICK CLEMENT",10.0,2.85,1.0002499687578101
INTL DV,160     ,"HEUVELINE, PATRICK CLEMENT",71.0,3.3112676056338026,0.8391057103702472
HLT POL,284     ,"HEYMANN, SALLY J",28.0,3.8821428571428567,0.2268630351879607
HLT POL,281     ,"HEYMANN, SALLY J",12.0,3.9499999999999997,0.11180339887498941
PHILOS ,22W     ,"HIERONYMI, PAMELA",99.0,3.297979797979798,0.6494721707679085
HIST   ,13C     ,"HIGBIE, FRANK TOBIAS",198.0,3.8020202020202025,0.3909273610430465
LBR STD,M173    ,"HIGBIE, FRANK TOBIAS",81.0,3.919753086419753,0.23592201739757812
LBR STD,M105    ,"HIGBIE, FRANK TOBIAS",59.0,3.052542372881356,1.041894612615767
HIST   ,187D    ,"HIGBIE, FRANK TOBIAS",18.0,3.633333333333333,0.9410396142328736
HIST   ,M146B   ,"HIGBIE, FRANK TOBIAS",158.0,3.298734177215191,0.8186116172955027
MATH   ,121     ,"HIGGINS, VIJAY",34.0,3.2911764705882356,1.041313550298181
MATH   ,31A     ,"HIGGINS, VIJAY",411.0,3.190024330900244,1.0937881447020408
PUB PLC,291A    ,"HILL, JASMINE DIANA",85.0,3.827058823529412,0.5584407357664033
PUB AFF,116     ,"HILL, JASMINE DIANA",239.0,3.899581589958159,0.34074713724977285
PUB PLC,205     ,"HILL, JASMINE DIANA",19.0,3.7210526315789476,0.4467177931352199
MOL BIO,254C    ,"HILL, KENT L",10.0,3.71,0.242693221990232
MIMG   ,168     ,"HILL, KENT L",76.0,3.3973684210526316,0.7808520454590017
MIMG   ,101     ,"HILL, KENT L",528.0,3.1314393939393934,0.814845804874054
MATH   ,227B    ,"HILL, MICHAEL ANTHONY",10.0,4.0,0.0
MATH   ,120B    ,"HILL, MICHAEL ANTHONY",12.0,3.858333333333334,0.2628635049264585
HIST   ,191B    ,"HILLIARD, RYAN",37.0,3.9756756756756757,0.0818878778786114
HIST   ,119D    ,"HILLIARD, RYAN",37.0,3.9756756756756757,0.0818878778786114
HIST   ,199     ,"HILLIARD, RYAN",10.0,4.0,0.0
CCAS   ,M125    ,"HINOJOSA-OJEDA, RAUL",80.0,3.8675000000000006,0.5178742608008241
CCAS   ,M119    ,"HINOJOSA-OJEDA, RAUL",21.0,3.619047619047619,1.0219584595131652
LBR STD,M125    ,"HINOJOSA-OJEDA, RAUL",16.0,3.1125,1.5156990961269325
CCAS   ,202     ,"HINOJOSA-OJEDA, RAUL",10.0,4.0,0.0
HLT ADM,403     ,"HINSHAW, JEAN B",174.0,3.9499999999999997,0.1405040188405471
EDUC   ,406     ,"HIPOLITO, EMMA DELIA",30.0,3.8699999999999997,0.29
EDUC   ,481     ,"HIPOLITO, EMMA DELIA",325.0,4.0,0.0
EDUC   ,318B    ,"HIPOLITO, EMMA DELIA",61.0,3.944262295081967,0.15839832562860537
EDUC   ,413C    ,"HIPOLITO, EMMA DELIA",101.0,3.9603960396039604,0.39603960396039606
HIST   ,C201Q   ,"HIRANO, KATSUYA",14.0,4.0,0.0
HIST   ,12C     ,"HIRANO, KATSUYA",167.0,3.7940119760479045,0.33635962341482056
HIST   ,172B    ,"HIRANO, KATSUYA",115.0,3.462608695652174,0.6449079300064896
HIST   ,C191R   ,"HIRANO, KATSUYA",22.0,3.8818181818181823,0.2569689822745922
HIST   ,9C      ,"HIRANO, KATSUYA",213.0,3.9018779342723007,0.3488360850140641
POL SCI,20      ,"HIRONAKA, RYAN TODD",29.0,3.6620689655172414,0.39689640192932857
MSC IND,20B     ,"HIRSCH, ADAM JUSTIN",47.0,3.9659574468085106,0.15474975783802705
MSC IND,20A     ,"HIRSCH, ADAM JUSTIN",51.0,4.0,0.0
MCD BIO,C150    ,"HIRSCH, ANN M",80.0,3.87,0.22383029285599393
MCD BIO,150AL   ,"HIRSCH, ANN M",16.0,3.94375,0.1170937124699699
ENGCOMP,131B    ,"HITCHNER, THOMAS A",435.0,3.893793103448276,0.2342669730565562
ENGCOMP,100W    ,"HITCHNER, THOMAS A",18.0,3.688888888888888,0.3928371006591931
ENGCOMP,5W      ,"HITCHNER, THOMAS A",52.0,3.5942307692307693,0.6746547440496058
ENGCOMP,3       ,"HITCHNER, THOMAS A",131.0,3.715267175572519,0.44899774433591555
EDUC   ,230C    ,"HO, ERIC MING-YIN",39.0,3.9282051282051285,0.18529078733476578
EDUC   ,230A    ,"HO, ERIC MING-YIN",34.0,3.8647058823529403,0.28272034919289213
STATS  ,10      ,"HO, HAO",280.0,3.2596428571428575,1.0245451330184712
STATS  ,13      ,"HO, HAO",309.0,3.538187702265372,0.7304504641832085
STATS  ,100A    ,"HO, HAO",287.0,3.4696864111498256,0.6608680591143011
PSYCH  ,127B    ,"HO, TIFFANY C",530.0,3.3796226415094344,0.7858175943327012
PSYCH  ,126     ,"HO, TIFFANY C",53.0,3.943396226415094,0.2529146578130723
LAW    ,261     ,"HOAG, ANDREW JAMES",48.0,3.7208333333333328,0.264542319655833
LAW    ,763     ,"HOARD, MAYA JASMINE",32.0,3.875,0.3191786333700926
NURSING,249     ,"HODGE, FELICIA S",22.0,3.8000000000000003,0.25405797477240216
MSC IND,155     ,"HODGSON, THOMAS EDWARD",19.0,3.7736842105263158,0.5485311537121641
MSC IND,188     ,"HODGSON, THOMAS EDWARD",24.0,3.4166666666666665,0.6561673228343176
MSC IND,128     ,"HODGSON, THOMAS EDWARD",29.0,3.610344827586207,0.7612806032968427
MUSCLG ,126     ,"HODGSON, THOMAS EDWARD",26.0,3.8115384615384613,0.4534711618995812
MSC IND,129     ,"HODGSON, THOMAS EDWARD",50.0,3.608,0.7372489403179906
MUSCLG ,1       ,"HODGSON, THOMAS EDWARD",29.0,3.7551724137931037,0.3663296112336367
CHEM   ,153B    ,"HODKO, DOMAGOJ",172.0,3.486627906976744,0.6054944365636837
ENGCOMP,3       ,"HOEGBERG, MIRANDA",21.0,3.685714285714286,0.3522522287410844
C&EE   ,258A    ,"HOEK, ERIC M V",46.0,3.9782608695652173,0.11016399529843417
C&EE   ,M165    ,"HOEK, ERIC M V",52.0,3.9884615384615385,0.05769230769230766
C&EE   ,155     ,"HOEK, ERIC M V",20.0,3.69,0.42532340636273475
NEUROSC,102     ,"HOFFMAN, ANN",61.0,2.9016393442622945,1.034565213702282
PHYSCI ,M178    ,"HOFFMANN, ALEXANDER",80.0,3.9475000000000002,0.2162030295809936
MIMG   ,M178    ,"HOFFMANN, ALEXANDER",91.0,3.8791208791208796,0.35379154585109956
C&S BIO,M178    ,"HOFFMANN, ALEXANDER",72.0,3.9013888888888886,0.27105404112441583
MIMG   ,192     ,"HOFFMANN, ALEXANDER",21.0,3.919047619047619,0.253769763704271
SOCIOL ,191V    ,"HOFNUNG, TAMAR",32.0,3.7656250000000004,0.3359774685525802
I A STD,160     ,"HOFNUNG, TAMAR",68.0,3.6073529411764707,0.6367001733364328
SOCIOL ,180A    ,"HOFNUNG, TAMAR",51.0,3.543137254901961,0.7502300044602751
SOCIOL ,180B    ,"HOFNUNG, TAMAR",48.0,3.5374999999999996,0.6759638180652374
PSYCH  ,150     ,"HOFSCHNEIDER, LAUREN NICOLE TIONGCO",246.0,3.721544715447154,0.47436655669887806
PSYCH  ,189     ,"HOFSCHNEIDER, LAUREN NICOLE TIONGCO",18.0,4.0,0.0
NEURO  ,240     ,"HOFTMAN, GIL",14.0,4.0,0.0
BIOSTAT,200B    ,"HOLBROOK, ANDREW JAMES",18.0,3.677777777777778,0.5318265752788587
BIOSTAT,202C    ,"HOLBROOK, ANDREW JAMES",13.0,3.976923076923077,0.0799408065031789
PHYSICS,5B      ,"HOLCZER, KAROLY",758.0,3.8703166226912926,0.3111857567624405
HLT POL,234     ,"HOLGUIN, YVETTE",25.0,3.8,0.33105890714493696
ANTHRO ,191HB   ,"HOLLAN, DOUGLAS W",24.0,4.0,0.0
ANTHRO ,191HA   ,"HOLLAN, DOUGLAS W",10.0,4.0,0.0
ANTHRO ,136B    ,"HOLLAN, DOUGLAS W",540.0,3.8198148148148143,0.5539052958923197
ANTHRO ,239     ,"HOLLAN, DOUGLAS W",13.0,4.0,0.0
MGMT   ,260A    ,"HOLLENBECK, BRETT WILLIAM",235.0,3.4463829787234044,0.42015410309620216
MGMTEX ,440     ,"HOLLENBECK, BRETT WILLIAM",81.0,3.6271604938271604,0.3534703946877925
MGMTPHD,248     ,"HOLLENBECK, BRETT WILLIAM",10.0,3.59,0.30805843601498734
PUB AFF,80      ,"HOLLOWAY, IAN W",117.0,3.905128205128205,0.29376604268864936
SOC WLF,210A    ,"HOLLOWAY, IAN W",54.0,3.9777777777777774,0.07856742013183857
MGMT   ,298D    ,"HOLMES, CATHERINE MOGILNER",459.0,3.801742919389978,0.37711958906190785
MGMTEX ,439     ,"HOLMES, CATHERINE MOGILNER",220.0,3.8700000000000006,0.3076450138478674
ENGCOMP,2       ,"HOLTEN, CHRISTINE",40.0,3.465,0.6162588741754557
ENGCOMP,3       ,"HOLTEN, CHRISTINE",20.0,3.31,0.6549045732013176
ESL    ,300     ,"HOLTEN, CHRISTINE",10.0,3.84,0.22449944320643647
ESL    ,301     ,"HOLTEN, CHRISTINE",9.0,3.7777777777777777,0.4391349521193223
PSYCH  ,264     ,"HOLYOAK, KEITH",32.0,4.0,0.0
PSYCH  ,121     ,"HOLYOAK, KEITH",73.0,3.7890410958904113,0.46803630693835885
PSYCH  ,269     ,"HOLYOAK, KEITH",14.0,4.0,0.0
POL SCI,153A    ,"HOMOLA, JONATHAN",234.0,3.825213675213675,0.420831692386947
POL SCI,191D    ,"HOMOLA, JONATHAN",31.0,3.7806451612903227,0.7100292383069732
POL SCI,50      ,"HOMOLA, JONATHAN",174.0,3.4597701149425286,0.7385851292368889
MATH   ,225A    ,"HONDA, KO",24.0,3.6875,0.8237680195297703
MATH   ,226B    ,"HONDA, KO",55.0,4.0,0.0
MATH   ,121     ,"HONDA, KO",51.0,3.1588235294117646,1.0594442624927087
MATH   ,225B    ,"HONDA, KO",15.0,3.853333333333333,0.2629744389775469
MECH&AE,C163A   ,"HONG, DENNIS W",111.0,3.725225225225225,0.37858638641174175
MECH&AE,162E    ,"HONG, DENNIS W",244.0,3.8979508196721313,0.24368226599739098
MECH&AE,C263A   ,"HONG, DENNIS W",224.0,3.809375,0.33320891465201147
MECH&AE,162D    ,"HONG, DENNIS W",244.0,3.947540983606557,0.1368336999247557
LBR STD,M166A   ,"HONG, JU YOUNG",32.0,3.740625,0.5504880646980459
ASIA AM,191A    ,"HONG, KYUNGWON",29.0,4.0,0.0
ASIA AM,50      ,"HONG, KYUNGWON",113.0,3.854867256637168,0.6304923136727668
ASIA AM,186     ,"HONG, KYUNGWON",11.0,3.8818181818181823,0.37372372347444477
GENDER ,187     ,"HONG, KYUNGWON",32.0,3.8375,0.38222212128551636
CHEM   ,153L    ,"HONG-HERMESDORF, ANNE",1382.0,3.154196816208394,1.0029517429071912
MGMTPHD,201B    ,"HONKA, ELISABETH",25.0,3.7439999999999998,0.3837499185667666
MGMT   ,262     ,"HONKA, ELISABETH",129.0,3.598449612403101,0.4653888090458569
MGMTMSA,404     ,"HONKA, ELISABETH",248.0,3.325403225806452,0.5558702842325897
THEATER,1A      ,"HOOD, MORGAN ROSE",44.0,3.9931818181818177,0.04470980812024088
THEATER,1B      ,"HOOD, MORGAN ROSE",25.0,4.0,0.0
THEATER,1C      ,"HOOD, MORGAN ROSE",21.0,3.9047619047619047,0.4259177099999599
DANCE  ,13      ,"HOOD, MORGAN ROSE",14.0,3.9785714285714286,0.07726181304565687
ECON   ,171     ,"HOPENHAYN, HUGO ANDRES",12.0,2.7249999999999996,1.1008519428152
ECON   ,287C    ,"HOPENHAYN, HUGO ANDRES",20.0,3.935,0.22422087324778664
ECON   ,170     ,"HOPENHAYN, HUGO ANDRES",109.0,2.955045871559633,0.8695128065943479
MECH&AE,162A    ,"HOPKINS, JONATHAN",96.0,3.372916666666667,0.6778457246224164
MECH&AE,C162B   ,"HOPKINS, JONATHAN",211.0,3.304265402843602,0.6402982167229437
MECH&AE,C294A   ,"HOPKINS, JONATHAN",170.0,3.6488235294117652,0.5118867332542043
FILM TV,106B    ,"HORAK, JAN-CHRISTOPHER",247.0,3.615384615384616,0.629315991575927
ENGR   ,87      ,"HORMOZI, SCHEHEREZADE J",143.0,3.825174825174825,0.34121718192429007
ENGL   ,179     ,"HORNBY, LOUISE E J",29.0,3.43448275862069,0.8380090782443687
ENGL   ,118B    ,"HORNBY, LOUISE E J",35.0,3.462857142857143,0.953215824545137
FILM TV,M50     ,"HORNBY, LOUISE E J",107.0,3.7084112149532706,0.8196330949525614
ENGL   ,118E    ,"HORNBY, LOUISE E J",36.0,3.7138888888888886,0.30564392661484907
ENGL   ,139     ,"HORNBY, LOUISE E J",56.0,3.5517857142857143,0.836444659476852
ENGL   ,184     ,"HORNBY, LOUISE E J",13.0,3.8,0.3088439984597651
ENGL   ,M50     ,"HORNBY, LOUISE E J",116.0,3.8362068965517238,0.48162736914658233
ENGL   ,253     ,"HORNBY, LOUISE E J",9.0,4.0,0.0
ENGL   ,129     ,"HORNBY, LOUISE E J",58.0,3.5379310344827584,1.1024780217071022
DGT HUM,101     ,"HORNE, RYAN MATTHEW",119.0,3.8672268907563025,0.33156345798631853
DGT HUM,150     ,"HORNE, RYAN MATTHEW",37.0,3.7972972972972974,0.676432009122623
DGT HUM,131     ,"HORNE, RYAN MATTHEW",45.0,3.888888888888889,0.3766650278561531
HLT ADM,404     ,"HORNER, LINDA",27.0,3.840740740740741,0.3082318262453805
LAW    ,719     ,"HOROWITZ, CARA",11.0,3.8909090909090907,0.1443137078762503
LAW    ,290     ,"HOROWITZ, CARA",43.0,3.5441860465116273,0.36171575991113647
LAW    ,591     ,"HOROWITZ, CARA",79.0,3.9177215189873427,0.17412311494223373
URBN PL,280     ,"HORSFORD, CHAD DAVID",46.0,3.597826086956522,0.42246128221606843
ART HIS,C116B   ,"HORVAT, FRANKA",25.0,3.2960000000000003,1.1155196098679754
ART HIS,C116A   ,"HORVAT, FRANKA",31.0,3.261290322580645,1.090036228860733
LAW    ,512     ,"HORWITZ, JILL",12.0,3.8666666666666667,0.21343747458109494
LAW    ,326     ,"HORWITZ, JILL",44.0,3.570454545454545,0.3467901811644415
LAW    ,363     ,"HORWITZ, JILL",33.0,3.6151515151515152,0.3403395916569501
MCD BIO,30H     ,"HOSSAIN, MUNSHI AZAD",98.0,3.6816326530612242,0.46715529445555815
COMM   ,188C    ,"HOSSEINMARDI, HOMA",48.0,3.9104166666666664,0.4805550537890765
HLT POL,M290    ,"HOTEZ, EMILY ROSE",12.0,4.0,0.0
PUB AFF,128     ,"HOTEZ, EMILY ROSE",173.0,3.9410404624277455,0.21502268621758372
CHEM   ,C243B   ,"HOUK, KENDALL N",77.0,3.5194805194805197,0.47153767833338817
CHEM   ,248     ,"HOUK, KENDALL N",23.0,4.0,0.0
ARMENIA,104C    ,"HOVHANNISYAN, TEREZA",55.0,3.994545454545454,0.040082559427361074
ARMENIA,104B    ,"HOVHANNISYAN, TEREZA",41.0,3.992682926829268,0.04627723405124455
ARMENIA,104A    ,"HOVHANNISYAN, TEREZA",29.0,3.9896551724137934,0.05473968229788805
ARMENIA,105A    ,"HOVHANNISYAN, TEREZA",14.0,4.0,0.0
ARMENIA,106A    ,"HOVHANNISYAN, TEREZA",13.0,3.9538461538461536,0.10824036368823294
ARMENIA,106B    ,"HOVHANNISYAN, TEREZA",10.0,3.9,0.21908902300206648
ARMENIA,106C    ,"HOVHANNISYAN, TEREZA",9.0,4.0,0.0
EDUC   ,406     ,"HOWARD, TYRONE",33.0,4.0,0.0
EDUC   ,98      ,"HOWARD, TYRONE",69.0,3.879710144927536,0.23255338183807786
EDUC   ,473     ,"HOWARD, TYRONE",30.0,3.4833333333333334,0.7776388764858803
EDUC   ,107A    ,"HOWARD, TYRONE",286.0,3.7646853146853148,0.4917263782258206
EDUC   ,406     ,"HOWARD, TYRONE C",33.0,3.9909090909090907,0.05142594772265797
EDUC   ,98      ,"HOWARD, TYRONE C",27.0,3.6,0.6716480559869962
EDUC   ,107A    ,"HOWARD, TYRONE C",151.0,3.6993377483443703,0.4794445860489185
MGMT   ,260A    ,"HRISTAKEVA, SYLVIA",62.0,3.4741935483870967,0.4775392177345289
BIOENGR,180L    ,"HSIAI, TZUNG",90.0,4.0,0.0
LIFESCI,7C      ,"HSIAO, ELAINE YIH-NIEN",665.0,3.2998496240601507,0.7166232270639348
PHYSCI ,128     ,"HSIAO, ELAINE YIH-NIEN",71.0,3.4225352112676055,0.7849279473703198
COM SCI,269     ,"HSIEH, CHO-JUI",80.0,4.0,0.0
COM SCI,260C    ,"HSIEH, CHO-JUI",182.0,3.9560439560439553,0.24771873061284166
COM SCI,180     ,"HSIEH, CHO-JUI",544.0,3.2784926470588234,0.7669630282553652
PHILOS ,117     ,"HSU, ANDREW",110.0,3.59,0.5354607192112059
PHILOS ,183     ,"HSU, ANDREW",38.0,3.3394736842105264,0.8001774387709301
PHILOS ,154     ,"HSU, ANDREW",31.0,3.5870967741935487,0.7218890699715801
PHILOS ,178     ,"HSU, ANDREW",40.0,3.3950000000000005,0.6541979822653079
PHILOS ,21      ,"HSU, ANDREW",1144.0,3.41993006993007,0.7173703888717913
PHILOS ,185     ,"HSU, ANDREW",104.0,3.525961538461538,0.7269529654010124
MGMTMFE,431     ,"HSU, JASON C",74.0,3.7581081081081082,0.27996464871274945
EPIDEM ,100     ,"HSU, PAUL T",224.0,3.0946428571428575,1.0527039406854588
EPIDEM ,165     ,"HSU, PAUL T",24.0,3.691666666666667,0.3650532685634918
CLUSTER,80BX    ,"HSU, PAUL T",299.0,3.6595317725752516,0.5631977929708406
CLUSTER,80A     ,"HSU, PAUL T",315.0,3.573968253968254,0.625100727584851
CLUSTER,80CW    ,"HSU, PAUL T",79.0,3.8797468354430378,0.2900806290512089
FILM TV,185     ,"HSU, TIFFANIE KANEEN",11.0,3.9181818181818184,0.1336085314245369
BIOENGR,M228    ,"HSU, WILLIAM",110.0,3.8981818181818184,0.2136189548032657
ORL BIO,212     ,"HU, JIMMY KUANGHSIAN",53.0,3.709433962264151,0.37630986376063247
MATH   ,115A    ,"HU, NICHOLAS",26.0,2.411538461538462,1.0867477674507418
MATH   ,131A    ,"HU, NICHOLAS",19.0,0.9,1.0115126765082296
ORL BIO,275     ,"HU, SHEN",36.0,3.252777777777778,0.48847046488168394
ORL BIO,201C    ,"HU, SHEN",44.0,3.534090909090909,0.7096552241688091
MECH&AE,105D    ,"HU, YONGJIE",41.0,3.3780487804878057,0.4469474761098354
MECH&AE,157W    ,"HU, YONGJIE",84.0,3.8916666666666666,0.15523280008497625
MECH&AE,157     ,"HU, YONGJIE",171.0,3.8491228070175434,0.21367527996779043
ESL    ,300     ,"HUALPA, LAILA DEL VALLE",56.0,3.8160714285714286,0.3166661072318725
ESL    ,301     ,"HUALPA, LAILA DEL VALLE",50.0,3.8220000000000005,0.2802070662920548
LING   ,M141    ,"HUALPA, LAILA DEL VALLE",133.0,3.798496240601504,0.37796148158881787
COM SCI,249     ,"HUANG, BRUCE KUOLONG",36.0,3.936111111111112,0.20568689497737114
ENGR   ,213     ,"HUANG, BRUCE KUOLONG",410.0,3.804390243902439,0.4304056440631371
ENGR   ,215     ,"HUANG, BRUCE KUOLONG",305.0,3.8645901639344262,0.20161295309099433
ENGR   ,299     ,"HUANG, BRUCE KUOLONG",60.0,3.8116666666666665,0.42898782681511555
COM SCI,31      ,"HUANG, BRUCE KUOLONG",1152.0,3.378732638888889,0.9039309166795587
FILM TV,4       ,"HUANG, GEORGE J",474.0,3.832489451476793,0.3931900863215598
FILM TV,33      ,"HUANG, GEORGE J",303.0,3.8009900990099017,0.5593776096099964
PHYSICS,5A      ,"HUANG, HUAN Z",1086.0,3.061602209944752,0.9742111188083665
PHYSICS,18L     ,"HUANG, HUAN Z",32.0,3.3375,0.8806070349480521
PHYSICS,180A    ,"HUANG, HUAN Z",51.0,3.5156862745098043,0.6257145089210863
MAT SCI,247     ,"HUANG, YU",112.0,3.8651785714285722,0.22587521105554664
MAT SCI,104     ,"HUANG, YU",63.0,3.0349206349206352,0.6607256064619546
EDUC   ,425     ,"HUBBARD, DEREK",26.0,4.0,0.0
ART    ,148     ,"HUDSON, CHRISTINE",15.0,3.8466666666666662,0.2963481436119049
QNT SCI,402     ,"HUDSON, ERIC R",63.0,3.634920634920635,0.4840827458320481
PHYSICS,262     ,"HUDSON, ERIC R",24.0,4.0,0.0
PHYSICS,110A    ,"HUDSON, ERIC R",33.0,3.1999999999999997,0.7066781016799228
PHYSICS,170A    ,"HUDSON, ERIC R",34.0,3.4794117647058824,0.587506901969323
PHYSICS,245     ,"HUDSON, ERIC R",105.0,3.472380952380953,0.6035601107232286
C&EE   ,121     ,"HUDSON, MARTIN B",22.0,3.277272727272727,0.49902798079850663
C&EE   ,221     ,"HUDSON, MARTIN B",10.0,3.5100000000000007,0.452658811910251
AF AMER,105C    ,"HUDSON, PETER JAMES",65.0,3.9353846153846153,0.185994846273322
AF AMER,241     ,"HUDSON, PETER JAMES",14.0,3.9785714285714286,0.07726181304565687
AF AMER,105B    ,"HUDSON, PETER JAMES",18.0,3.927777777777778,0.1789026909789402
ENGL   ,184     ,"HUEHLS, MITCHUM A",31.0,3.8838709677419354,0.27485688263407476
ENGL   ,170B    ,"HUEHLS, MITCHUM A",26.0,3.746153846153846,0.3041138061657046
ENGL   ,121     ,"HUEHLS, MITCHUM A",100.0,3.779,0.5314687196816008
ENGL   ,174C    ,"HUEHLS, MITCHUM A",112.0,3.670535714285714,0.6054275928243288
ENGL   ,119     ,"HUEHLS, MITCHUM A",60.0,3.6833333333333327,0.7412077231713717
ENGL   ,120     ,"HUEHLS, MITCHUM A",124.0,3.853225806451613,0.33731278771102335
ENGL   ,191H    ,"HUEHLS, MITCHUM A",16.0,4.0,0.0
ENGL   ,189     ,"HUEHLS, MITCHUM A",21.0,3.7142857142857144,0.8576189154173505
ESL    ,20      ,"HUGH SAM, JORDAN MATTHEW",16.0,3.5,1.0
MUSCLG ,12W     ,"HUGH SAM, JORDAN MATTHEW",17.0,3.764705882352941,0.9411764705882354
DESMA  ,269     ,"HUHTAMO, ERKKI ILMARI",19.0,3.7947368421052627,0.25230241714119755
DESMA  ,10      ,"HUHTAMO, ERKKI ILMARI",851.0,3.878143360752057,0.4630322916028279
DESMA  ,101     ,"HUHTAMO, ERKKI ILMARI",74.0,3.8054054054054047,0.40332801079903424
MED    ,185     ,"HUI, KAKIT P",47.0,3.442553191489362,0.7347729945729117
ARCH&UD,414     ,"HULJICH, GEORGINA",21.0,3.566666666666667,0.30912061651652356
ARCH&UD,143     ,"HULJICH, GEORGINA",47.0,3.4659574468085106,0.6823852395901471
ARCH&UD,289     ,"HULJICH, GEORGINA",12.0,3.783333333333333,0.3157882553582736
ARCH&UD,401     ,"HULJICH, GEORGINA",34.0,3.5647058823529414,0.3833922526305959
ARCH&UD,415     ,"HULJICH, GEORGINA",21.0,3.5857142857142854,0.3642156795423418
ART    ,271     ,"HUNDLEY, ELLIOTT",30.0,4.0,0.0
ART    ,133     ,"HUNDLEY, ELLIOTT",32.0,3.94375,0.1170937124699699
ENGL   ,137B    ,"HUNEVEN, MICHELLE REBECCA",23.0,3.917391304347826,0.21998453288127853
COM HLT,449     ,"HUNNES, DANA ELLIS",13.0,4.0,0.0
HIST   ,1C      ,"HUNT, LYNN A",36.0,3.6499999999999995,0.49805175991613115
SOCIOL ,M5      ,"HUNTER, MARCUS",365.0,3.8487671232876717,0.4181890023169521
SOCIOL ,89      ,"HUNTER, MARCUS",19.0,4.0,0.0
SOCIOL ,191V    ,"HUNTER, MARCUS",21.0,4.0,0.0
AF AMER,M5      ,"HUNTER, MARCUS",295.0,3.8701694915254237,0.3783886062955883
LGBTQS ,M114    ,"HUNTER, MICHAEL ALLEN",906.0,3.807064017660044,0.5695693643467857
FOOD ST,187     ,"HUNTER, MICHAEL ALLEN",23.0,3.9347826086956523,0.12374129974571912
GENDER ,M114    ,"HUNTER, MICHAEL ALLEN",223.0,3.777130044843049,0.596376815409766
URBN PL,219     ,"HUNTER, MICHAEL ALLEN",17.0,3.8705882352941177,0.31392150739120783
LGBTQS ,183     ,"HUNTER, MICHAEL ALLEN",39.0,3.91025641025641,0.26486074889470207
LING   ,185B    ,"HUNTER, TIMOTHY",43.0,2.486046511627907,1.289416921649731
LING   ,120B    ,"HUNTER, TIMOTHY",76.0,2.744736842105263,1.239099284162121
LING   ,185A    ,"HUNTER, TIMOTHY",60.0,2.921666666666667,1.0251978128905443
PSYCH  ,137D    ,"HUO, YUEN J",74.0,3.8621621621621625,0.29532515415454563
PSYCH  ,136B    ,"HUO, YUEN J",146.0,3.6986301369863015,0.41064371474749867
COMM   ,171     ,"HUPPIN, MARK A",346.0,3.2618497109826587,0.7232241879031182
COMM   ,101     ,"HUPPIN, MARK A",294.0,3.339795918367347,0.6192061731614918
COMM   ,170     ,"HUPPIN, MARK A",354.0,3.374858757062147,0.6153549408384353
COMM   ,146     ,"HUPPIN, MARK A",385.0,3.341818181818182,0.6065802101599863
SOC WLF,241I    ,"HUR, TOBY",63.0,3.965079365079365,0.1170520575529309
SOC WLF,402C    ,"HUR, TOBY",49.0,4.0,0.0
SOC WLF,210C    ,"HUR, TOBY",80.0,3.90625,0.2187142827983577
SOC WLF,401C    ,"HUR, TOBY",107.0,3.994392523364486,0.040630028260344196
THEATER,30      ,"HURLEY, PATRICK",11.0,4.0,0.0
EDUC   ,250A    ,"HURTADO, SYLVIA",71.0,3.9732394366197186,0.10609289907192383
EDUC   ,C244    ,"HURTADO, SYLVIA",10.0,4.0,0.0
EDUC   ,C124    ,"HURTADO, SYLVIA",23.0,3.9869565217391307,0.06117933599769687
COMM   ,1       ,"HURWITZ, BRIAN",710.0,3.9094366197183104,0.30775601880337033
COMM   ,1       ,"HURWITZ, BRIAN SCOTT",76.0,3.9328947368421048,0.21360819882176366
ENGL   ,191H    ,"HYDE, CARRIE LEAH",14.0,3.7142857142857144,1.0301575072754254
ENGL   ,80      ,"HYDE, CARRIE LEAH",126.0,3.8587301587301583,0.4373930420313463
ENGL   ,167B    ,"HYDE, CARRIE LEAH",67.0,3.674626865671642,0.6405089589087843
ENGL   ,129     ,"HYDE, CARRIE LEAH",28.0,3.775,0.5221008386454534
NEURO  ,205     ,"IACOBONI, MARCO",36.0,3.7277777777777783,0.4356419982247854
NEURO  ,222     ,"IACOBONI, MARCO",10.0,4.0,0.0
ARCH&UD,403C    ,"IBANEZ, MARIANA",12.0,3.783333333333333,0.38693955887479664
ARCH&UD,401     ,"IBANEZ, MARIANA",12.0,3.5999999999999996,0.316227766016838
PSYCH  ,121     ,"ICHIEN, NICK",28.0,3.896428571428572,0.3029405208678322
SOC WLF,214A    ,"IGLEHART, ALFREDA P",13.0,4.0,0.0
URBN PL,249     ,"IKHRATA, HASAN",19.0,3.8210526315789473,0.2418763219594959
C&EE   ,180     ,"IKHRATA, HASAN",70.0,3.991428571428571,0.04997958767010254
GEOG   ,M102    ,"ILLES, LILIA I",61.0,3.411475409836066,0.5160055790318988
GEOG   ,5       ,"ILLES, LILIA I",428.0,3.37803738317757,0.7798477436496147
GEOG   ,146     ,"ILLES, LILIA I",39.0,3.38974358974359,0.7834162111513943
GEOG   ,138     ,"ILLES, LILIA I",226.0,3.229646017699115,0.7390838974297124
GEOG   ,171C    ,"ILLES, LILIA I",110.0,3.0509090909090912,0.7990614329034527
GEOG   ,171B    ,"ILLES, LILIA I",110.0,3.077272727272727,0.8140425598555634
ENVIRON,M126    ,"ILLES, LILIA I",19.0,3.5,0.43769732392193245
GEOG   ,M102L   ,"ILLES, LILIA I",12.0,4.0,0.0
GEOG   ,191     ,"ILLES, LILIA I",10.0,3.5700000000000003,0.4920365840057017
GEOG   ,109     ,"ILLES, LILIA I",112.0,3.317857142857143,0.8052522104589217
GEOG   ,2       ,"ILLES, LILIA I",171.0,3.309941520467836,0.8396361625543729
GEOG   ,6       ,"ILLES, LILIA I",413.0,3.30726392251816,0.9089522588097064
GEOG   ,M127    ,"ILLES, LILIA I",15.0,3.546666666666667,0.32836294282732675
GEOG   ,M126    ,"ILLES, LILIA I",75.0,3.4,0.6860515043833565
PHYSCI ,7       ,"IMBERY, CATHERINE ELIZABETH",81.0,3.5234567901234564,0.756742793517265
ARCH&UD,403C    ,"INABA, JEFFREY",43.0,3.9465116279069763,0.16189120264146153
ARCH&UD,401     ,"INABA, JEFFREY",84.0,3.8988095238095237,0.26569497711036616
IRANIAN,103A    ,"INGENITO, DOMENICO",14.0,4.0,0.0
IRANIAN,103B    ,"INGENITO, DOMENICO",22.0,3.9,0.2276360731917984
IRANIAN,55      ,"INGENITO, DOMENICO",218.0,3.86651376146789,0.4656333875974578
IRANIAN,220A    ,"INGENITO, DOMENICO",11.0,4.0,0.0
HLT ADM,416     ,"INKELAS, MOIRA",19.0,4.0,0.0
HLT POL,215A    ,"INKELAS, MOIRA",48.0,3.8958333333333335,0.2414870021807017
HLT POL,215B    ,"INKELAS, MOIRA",49.0,4.0,0.0
HLT POL,225C    ,"INKELAS, MOIRA",38.0,4.0,0.0
EDUC   ,413C    ,"ISKEN, JO ANN",66.0,3.9393939393939394,0.48862168171506365
EDUC   ,441A    ,"ISKEN, JO ANN",121.0,3.9876033057851235,0.05971038634111878
ECON   ,282B    ,"ITSKHOKI, OLEG",13.0,3.8153846153846156,0.14595127662315588
ECON   ,122     ,"ITSKHOKI, OLEG",151.0,3.474834437086093,0.4618159581602157
SLAVC  ,87      ,"IVANOVA-SULLIVAN, TANYA",77.0,3.9740259740259742,0.22643630875535967
PBMED  ,204     ,"IWAMOTO, KEISUKE STEVEN",11.0,3.772727272727273,0.20489868490153898
JAPAN  ,CM123   ,"IWASAKI, SHOICHI",43.0,3.504651162790698,0.728794317611196
JAPAN  ,124     ,"IWASAKI, SHOICHI",17.0,3.8882352941176466,0.24942841231899043
ASIAN  ,30      ,"IWASAKI, SHOICHI",355.0,3.619718309859154,0.6365443056418232
MECH&AE,171A    ,"IWASAKI, TETSUYA",346.0,3.102890173410405,0.8102256693890686
MECH&AE,279     ,"IWASAKI, TETSUYA",14.0,3.757142857142857,0.3922722919355995
MECH&AE,273A    ,"IWASAKI, TETSUYA",26.0,3.6384615384615384,0.4429593861196298
MECH&AE,270B    ,"IWASAKI, TETSUYA",206.0,3.395631067961165,0.6660493143393131
HLT ADM,404     ,"IYER, RIDHIMA",77.0,3.6909090909090914,0.44024250052443226
EC ENGR,121B    ,"IYER, SUBRAMANIAN SRIKANTESWARA",58.0,2.979310344827586,1.046629832908638
EC ENGR,222     ,"IYER, SUBRAMANIAN SRIKANTESWARA",49.0,3.9142857142857146,0.1355261854357876
EC ENGR,279AS   ,"IYER, SUBRAMANIAN SRIKANTESWARA",22.0,4.0,0.0
PHYSCI ,111L    ,"IZADPANAH, ALI",178.0,3.7612359550561796,0.2501968673167174
EC ENGR,239AS   ,"IZHIKEVICH, LIZ",15.0,3.8266666666666667,0.2954469307488045
PSYCH  ,119A    ,"IZQUIERDO EDLER, ALICIA",87.0,3.6310344827586203,0.7187649600366288
NEURO  ,M220    ,"IZQUIERDO, ALICIA",15.0,3.5799999999999996,0.530659966456864
PSYCH  ,205E    ,"IZQUIERDO, ALICIA",10.0,3.91,0.13747727084867511
PSYCH  ,119A    ,"IZQUIERDO, ALICIA",84.0,3.7309523809523815,0.5291449055464482
PSYCH  ,222F    ,"IZQUIERDO, ALICIA",8.0,4.0,0.0
PSYCH  ,M116A   ,"IZQUIERDO, ALICIA",219.0,2.9945205479452053,0.969708859611395
NURSING,150A    ,"JACKSON, KARI",131.0,3.855725190839695,0.27075250108971777
BIOMATH,266B    ,"JACKSON, NICHOLAS J",35.0,3.9285714285714284,0.19059520091609045
HIST   ,187C    ,"JACOB, MARGARET C",11.0,3.463636363636364,0.7450109544926501
EE BIOL,106     ,"JACOBS, DAVID K",31.0,3.9612903225806453,0.10057069205238636
EE BIOL,124A    ,"JACOBS, DAVID K",31.0,3.9612903225806453,0.10057069205238636
EE BIOL,CM173   ,"JACOBS, DAVID K",18.0,3.4500000000000006,1.0001388792451666
MCD BIO,191     ,"JACOBSEN, STEVEN ERIK",55.0,3.9145454545454546,0.33759479844020746
EDUC   ,160     ,"JADALLAH, CHRISTOPHER C",30.0,3.71,0.8150051124584026
EDUC   ,180     ,"JADALLAH, CHRISTOPHER C",76.0,3.918421052631579,0.3210634165574202
EDUC   ,201     ,"JADALLAH, CHRISTOPHER C",14.0,3.9785714285714286,0.07726181304565687
THEATER,149     ,"JAEGER, ALEXANDER THOMAS",41.0,3.660975609756098,1.0424825081951836
THEATER,72      ,"JAEGER, ALEXANDER THOMAS",31.0,3.8806451612903223,0.40354825816763884
ENGL   ,70      ,"JAGER, ERIC",46.0,3.856521739130435,0.5969677632812138
ENGL   ,184     ,"JAGER, ERIC",21.0,3.9714285714285715,0.08806305718527103
ENGL   ,140A    ,"JAGER, ERIC",94.0,3.8776595744680846,0.2858932457058831
ENGL   ,141A    ,"JAGER, ERIC",128.0,3.9601562500000003,0.16786333901700362
NURSING,268     ,"JAIME-LARA, ROSARIO BERENICE",137.0,4.0,0.0
NURSING,54A     ,"JAIME-LARA, ROSARIO BERENICE",64.0,3.775,0.37873143518857794
EDUC   ,479     ,"JAKUBOWSKI, TERRANCE G",25.0,3.9360000000000004,0.20761502835777568
EC ENGR,279AS   ,"JALALI, BAHRAM",15.0,3.7800000000000002,0.41182520563948
POL SCI,147C    ,"JAMES, SCOTT CURTIS",446.0,3.6798206278026906,0.7442731815150105
POL SCI,140B    ,"JAMES, SCOTT CURTIS",802.0,3.521197007481297,0.7749987135962438
POL SCI,191H    ,"JAMES, SCOTT CURTIS",69.0,3.944927536231884,0.1837896023647913
FILM TV,209D    ,"JAMES, STEPHANIE LEAH",22.0,3.9181818181818184,0.1336085314245369
SOC WLF,401C    ,"JAMES, TRANISHIA LORE",88.0,3.9818181818181815,0.11436132386735567
SOC WLF,402C    ,"JAMES, TRANISHIA LORE",46.0,3.9804347826086954,0.07407271755391656
SOC WLF,203A    ,"JAMES, TRANISHIA LORE",49.0,3.973469387755102,0.1138841341086017
SOC WLF,231J    ,"JAMES, TRANISHIA LORE",47.0,3.963829787234043,0.17433830149465104
S ASIAN,110A    ,"JAMISON, STEPHANIE",31.0,3.6322580645161286,0.5596007198536918
I E STD,281A    ,"JAMISON, STEPHANIE",9.0,4.0,0.0
MSC IND,110     ,"JAMPOL, JEFFREY",207.0,3.608212560386473,0.6203319924887307
ETHNMUS,M80     ,"JANECZKO, JEFFREY MATTHEW",16.0,3.6687499999999997,0.3600672680208519
JEWISH ,M80     ,"JANECZKO, JEFFREY MATTHEW",18.0,3.644444444444444,0.734258675446968
MUSCLG ,M80     ,"JANECZKO, JEFFREY MATTHEW",39.0,3.5948717948717945,0.613083303809196
FRNCH  ,104     ,"JANSMA, KIMBERLY",11.0,3.4,1.1200649331826502
FRNCH  ,101     ,"JANSMA, KIMBERLY",13.0,3.6923076923076925,0.4730612880468246
FRNCH  ,105     ,"JANSMA, KIMBERLY",10.0,2.96,0.9350935782048767
FRNCH  ,107     ,"JANSMA, KIMBERLY",26.0,3.6884615384615387,0.7767421723885372
FRNCH  ,3       ,"JANSMA, KIMBERLY",17.0,3.688235294117647,0.48492856107117527
FRNCH  ,1       ,"JANSMA, KIMBERLY",20.0,3.4799999999999995,0.925526876973327
FRNCH  ,2       ,"JANSMA, KIMBERLY",17.0,3.688235294117647,0.48492856107117527
EDUC   ,260B    ,"JAQUETTE, OZAN",69.0,3.9565217391304346,0.2656565620264255
EDUC   ,260A    ,"JAQUETTE, OZAN",121.0,3.9669421487603307,0.36213061653234124
EDUC   ,250B    ,"JAQUETTE, OZAN",45.0,3.9800000000000004,0.07483314773547878
EDUC   ,M260A   ,"JAQUETTE, OZAN",107.0,3.951401869158879,0.20885289102611004
PUB PLC,M276A   ,"JAQUETTE, OZAN",29.0,4.0,0.0
EPS SCI,17      ,"JARAMILLO HERNANDEZ, VALERIA GUADALUPE",397.0,3.8564231738035266,0.4425598791312055
EC ENGR,101B    ,"JARRAHI, MONA",439.0,3.2059225512528475,0.726749873730655
EDUC   ,499C    ,"JARSKY, KAREN M",21.0,3.9714285714285715,0.08806305718527103
EDUC   ,499B    ,"JARSKY, KAREN M",25.0,4.0,0.0
EDUC   ,499A    ,"JARSKY, KAREN M",25.0,4.0,0.0
EDUC   ,233     ,"JARSKY, KAREN M",20.0,4.0,0.0
C&EE   ,255A    ,"JASSBY, DAVID",75.0,3.224,0.7592698246780698
C&EE   ,155     ,"JASSBY, DAVID",87.0,3.087356321839081,0.6722418485335501
C&EE   ,261A    ,"JASSBY, DAVID",42.0,3.9928571428571424,0.0457366016959489
ENGL   ,179R    ,"JAURRETCHE, COLLEEN M",79.0,3.3810126582278475,0.973324714491402
ENGL   ,171B    ,"JAURRETCHE, COLLEEN M",89.0,3.3146067415730336,0.6277390429326242
ENGL   ,139     ,"JAURRETCHE, COLLEEN M",55.0,3.3927272727272726,1.0365773304406531
ENGL   ,182F    ,"JAURRETCHE, COLLEEN M",15.0,3.7066666666666666,0.3086889840744061
ENGL   ,172A    ,"JAURRETCHE, COLLEEN M",25.0,3.32,0.7807688518377254
ENGCOMP,3       ,"JAURRETCHE, COLLEEN M",185.0,3.597297297297297,0.5416124506964848
ENGL   ,119     ,"JAURRETCHE, COLLEEN M",121.0,3.5553719008264464,0.40491819666112316
ENGCOMP,100W    ,"JAURRETCHE, COLLEEN M",34.0,3.770588235294117,0.6840749063579591
EPIDEM ,100     ,"JAVANBAKHT, MARJAN",425.0,3.812235294117647,0.48336169983974975
EPIDEM ,230     ,"JAVANBAKHT, MARJAN",22.0,3.972727272727273,0.0862439361864103
PUB HLT,200A    ,"JAVANBAKHT, MARJAN",128.0,3.8117187500000003,0.4051660719981839
EPIDEM ,120     ,"JAVANBAKHT, MARJAN",108.0,3.946296296296296,0.19217368972707893
CLUSTER,M1B     ,"JAY, JENNIFER AYLA",351.0,3.9042735042735046,0.33249291380573043
C&EE   ,298     ,"JAY, JENNIFER AYLA",12.0,4.0,0.0
CLUSTER,M1A     ,"JAY, JENNIFER AYLA",717.0,3.8719665271966526,0.4488735742165271
C&EE   ,194     ,"JAY, JENNIFER AYLA",10.0,4.0,0.0
C&EE   ,254A    ,"JAY, JENNIFER AYLA",108.0,3.8796296296296298,0.24334066170823895
C&EE   ,154     ,"JAY, JENNIFER AYLA",212.0,3.886320754716981,0.26785600704975415
ENGR   ,96A     ,"JAY, JENNIFER AYLA",110.0,4.0,0.0
ENGR   ,1XP     ,"JAY, JENNIFER AYLA",85.0,3.988235294117647,0.10782531046954917
EPIDEM ,215     ,"JEON, CHRISTIE YONGHAE",46.0,3.9413043478260867,0.1190105712449651
EDUC   ,M231E   ,"JEON, MINJEONG",11.0,4.0,0.0
EDUC   ,299A    ,"JEON, MINJEONG",22.0,4.0,0.0
EDUC   ,151     ,"JEON, MINJEONG",128.0,3.9421875,0.19023397394721583
KOREA  ,104A    ,"JEON, SEONKYUNG",27.0,4.0,0.0
KOREA  ,104B    ,"JEON, SEONKYUNG",10.0,4.0,0.0
KOREA  ,6       ,"JEON, SEONKYUNG",90.0,3.881111111111111,0.4208178398321388
KOREA  ,4       ,"JEON, SEONKYUNG",99.0,3.8878787878787877,0.5630495478982553
KOREA  ,5       ,"JEON, SEONKYUNG",65.0,3.9046153846153846,0.3990106107055567
MATH   ,170S    ,"JEONG, HALYUN",139.0,3.769064748201438,0.40176748364642967
MATH   ,170E    ,"JEONG, HALYUN",336.0,3.6476190476190475,0.5677810171595313
MATH   ,151B    ,"JEONG, HALYUN",73.0,3.76027397260274,0.4483576501781357
MATH   ,156     ,"JEONG, HALYUN",70.0,3.977142857142857,0.10165969642661254
SOCIOL ,101     ,"JEPSON, MARK C",546.0,2.939194139194139,0.8655824918643291
SOCIOL ,182     ,"JEPSON, MARK C",519.0,3.0052023121387283,0.7348678380611164
SOCIOL ,102     ,"JEPSON, MARK C",464.0,2.984051724137931,0.8269464795760572
SOCIOL ,134     ,"JEPSON, MARK C",551.0,3.0629764065335756,0.7702319148867671
SOCIOL ,1       ,"JEPSON, MARK C",33.0,3.0727272727272728,0.6634495378370523
SOCIOL ,189     ,"JEPSON, MARK C",14.0,3.65,0.44199224298299944
ENV HLT,C200C   ,"JERRETT, MICHAEL LEO B",55.0,3.930909090909091,0.1837713275417204
ENV HLT,221     ,"JERRETT, MICHAEL LEO B",49.0,3.973469387755102,0.1138841341086017
ENV HLT,207     ,"JERRETT, MICHAEL LEO B",11.0,3.8818181818181823,0.2917601188342039
ENV HLT,200D    ,"JERRETT, MICHAEL LEO B",38.0,3.9289473684210523,0.2223178080051904
ORL BIO,215A    ,"JEWETT, ANAHID",37.0,3.5459459459459457,0.649571415708224
CLUSTER,70A     ,"JEWITT, DAVID CLIFFORD",555.0,3.723783783783784,0.5285473106135856
CLUSTER,70B     ,"JEWITT, DAVID CLIFFORD",532.0,3.803383458646617,0.4787866670118734
EPS SCI,9       ,"JEWITT, DAVID CLIFFORD",408.0,3.5784313725490198,0.7617546116877324
EPS SCI,264     ,"JEWITT, DAVID CLIFFORD",9.0,3.811111111111111,0.2884612219054927
MATH   ,285J    ,"JIANG, CHENFANFU",13.0,4.0,0.0
MATH   ,151A    ,"JIANG, CHENFANFU",107.0,3.8794392523364487,0.3514292095150538
MATH   ,269B    ,"JIANG, CHENFANFU",10.0,4.0,0.0
MATH   ,269A    ,"JIANG, CHENFANFU",31.0,3.967741935483871,0.17668469596940842
PHYSICS,221A    ,"JIANG, HONG-WEN",56.0,3.7464285714285714,0.33804283631467996
PHYSICS,221B    ,"JIANG, HONG-WEN",55.0,3.6072727272727274,0.640129119206585
PHYSICS,5C      ,"JIANG, HONG-WEN",547.0,2.998354661791591,0.8215432474845183
PHYSICS,115C    ,"JIANG, HONG-WEN",169.0,3.2739644970414203,0.7399242076449902
DESMA  ,21      ,"JIANG, YUEHAO",42.0,3.8119047619047617,0.31937616346065667
MECH&AE,101     ,"JIN, LIHUA",365.0,3.1750684931506847,0.8582287003811999
MECH&AE,156A    ,"JIN, LIHUA",240.0,3.1220833333333338,0.9265369176251005
MECH&AE,261B    ,"JIN, LIHUA",31.0,3.958064516129032,0.18276407063503605
DGT HUM,187     ,"JOHANSON, CHRIS",44.0,3.9863636363636363,0.06248966856757959
CLASSIC,51B     ,"JOHANSON, CHRIS",183.0,3.762295081967213,0.6818883939319481
DGT HUM,150     ,"JOHANSON, CHRIS",24.0,4.0,0.0
POL SCI,123A    ,"JOHNS, LESLIE NICOLE",620.0,3.1719354838709677,0.846102713793829
POL SCI,20      ,"JOHNS, LESLIE NICOLE",115.0,3.339130434782608,0.7714126682430733
SOCIOL ,180B    ,"JOHNSEN, SARA",12.0,3.5583333333333336,0.9187476379410301
EC ENGR,98T     ,"JOHNSON, ALEXANDER",20.0,3.755,0.5408095783175442
MATH   ,135     ,"JOHNSON, CASEY LYNN",177.0,2.892090395480226,1.2066878760668545
MATH   ,31B     ,"JOHNSON, CASEY LYNN",245.0,2.2979591836734694,1.2919041153398292
MATH   ,115A    ,"JOHNSON, CASEY LYNN",10.0,2.8,1.2393546707863734
MATH   ,132     ,"JOHNSON, CASEY LYNN",89.0,2.402247191011236,1.2375199490472315
MATH   ,33A     ,"JOHNSON, CASEY LYNN",56.0,2.692857142857143,1.2174119420864469
MATH   ,1       ,"JOHNSON, CASEY LYNN",169.0,2.2514792899408285,1.32536057431099
MATH   ,42      ,"JOHNSON, CASEY LYNN",66.0,3.472727272727273,0.5738085032021637
MATH   ,142     ,"JOHNSON, CASEY LYNN",163.0,2.9693251533742333,1.0398402005796568
ENGCOMP,50      ,"JOHNSON, DARIEN",16.0,3.8312500000000003,0.3176451439893266
ENGCOMP,M185    ,"JOHNSON, DARIEN",11.0,4.0,0.0
ENGCOMP,130B    ,"JOHNSON, DARIEN",51.0,3.7941176470588243,0.6923706829652435
ENGCOMP,137     ,"JOHNSON, DARIEN",17.0,3.764705882352941,0.9411764705882354
ENGCOMP,3D      ,"JOHNSON, DARIEN",62.0,3.396774193548387,0.7271170962039688
ENGCOMP,3       ,"JOHNSON, DARIEN",21.0,3.7047619047619045,0.8599425177224627
ENGCOMP,131B    ,"JOHNSON, DARIEN",18.0,3.9833333333333334,0.06871842709362763
ENGCOMP,1       ,"JOHNSON, DARIEN",133.0,3.475187969924812,0.7750242310097599
ENGR   ,170     ,"JOHNSON, DAVIDA MICHELLE",62.0,4.0,0.0
SOC WLF,231M    ,"JOHNSON, ELISE TURLEY",15.0,3.9133333333333336,0.3242769735204082
MGMT   ,273     ,"JOHNSON, ERIC CHARLES",46.0,3.676086956521739,0.3636677787598574
MGMT   ,298D    ,"JOHNSON, ERIC CHARLES",70.0,3.5142857142857142,0.3844423472607394
CCAS   ,89      ,"JOHNSON, GAYE THERESA",20.0,4.0,0.0
CCAS   ,201     ,"JOHNSON, GAYE THERESA",16.0,4.0,0.0
CCAS   ,10A     ,"JOHNSON, GAYE THERESA",427.0,4.0,0.0
ART    ,201     ,"JOHNSON, GRANT",19.0,3.952631578947368,0.10939268258329746
LIFESCI,7B      ,"JOHNSON, JANA JOAN",38.0,3.3631578947368426,0.6682345367622686
MUSCLG ,12W     ,"JOHNSON, JENNY OLIVIA",72.0,3.1930555555555555,1.1983004618682163
LGBTQS ,M137    ,"JOHNSON, JENNY OLIVIA",112.0,3.994642857142857,0.03972963475229817
LGBTQS ,183     ,"JOHNSON, JENNY OLIVIA",26.0,3.680769230769231,1.0641064256958044
MUSCLG ,M137    ,"JOHNSON, JENNY OLIVIA",119.0,3.9949579831932773,0.038564013128012636
LGBTQS ,181     ,"JOHNSON, JENNY OLIVIA",30.0,4.0,0.0
LAW    ,482     ,"JOHNSON, JULIA REBECCA",61.0,3.4918032786885247,0.4694940010675648
COMM   ,M117    ,"JOHNSON, KERRI",171.0,3.911695906432748,0.26086460142311446
PHILOS ,9       ,"JOHNSON, MARK C",77.0,3.1233766233766236,0.9919017682689611
PHILOS ,M118B   ,"JOHNSON, MARK C",40.0,3.6174999999999997,0.8520233271454486
PHILOS ,177A    ,"JOHNSON, MARK C",131.0,3.7450381679389313,0.548030998797007
PHILOS ,M175    ,"JOHNSON, MARK C",86.0,3.762790697674419,0.5117336043039696
PHILOS ,177B    ,"JOHNSON, MARK C",230.0,3.752173913043478,0.5806814326943754
PHILOS ,M152B   ,"JOHNSON, MARK C",59.0,3.46271186440678,0.7561943757573396
RELIGN ,M175    ,"JOHNSON, MARK C",48.0,3.6875000000000004,0.8262931783977566
RELIGN ,M179    ,"JOHNSON, MARK C",28.0,3.289285714285714,0.9025120836999856
RELIGN ,M118B   ,"JOHNSON, MARK C",13.0,3.8615384615384616,0.14955555457864284
FILM TV,122N    ,"JOHNSON, MELINDA",123.0,3.809756097560976,0.4713610519809717
PSYCH  ,133E    ,"JOHNSON, SCOTT PRATT",928.0,3.8108836206896557,0.4722242803357476
MCD BIO,30H     ,"JOHNSON, TRACY L",50.0,3.5980000000000003,0.49899498995480907
APP CHM,C204    ,"JOHNSON, TREMYLLA A",27.0,3.6296296296296298,0.48596205827723626
APP CHM,204     ,"JOHNSON, TREMYLLA A",44.0,3.8363636363636364,0.2985502158849641
EDUC   ,470A    ,"JOHNSON-DAVIS, LETITIA A",22.0,4.0,0.0
MECH&AE,150A    ,"JONES, ANYA",55.0,3.2563636363636363,0.9231888679736197
MECH&AE,259A    ,"JONES, ANYA",18.0,3.9833333333333334,0.06871842709362763
COMM   ,100     ,"JONES, BELZU",222.0,3.4824324324324327,0.6599258984011537
COMM   ,1       ,"JONES, BELZU",154.0,3.677922077922078,0.7074048743582505
COMM   ,100     ,"JONES, BELZU GABRIEL",317.0,3.673817034700316,0.5804183234927173
COMM   ,10      ,"JONES, GABE",180.0,3.3622222222222224,0.8803506596525145
COMM   ,100     ,"JONES, GABE",484.0,3.2737603305785123,0.9306719737500737
COMM   ,1       ,"JONES, GABE",301.0,3.8372093023255816,0.5628689437932143
ENV HLT,100     ,"JONES, RACHAEL MARY",130.0,3.9830769230769234,0.0833329388550821
ENV HLT,120     ,"JONES, RACHAEL MARY",114.0,3.8692982456140355,0.3913824335546599
COMM   ,155     ,"JOO, JUNGSEOCK",43.0,3.9767441860465116,0.11378725416488436
HIST   ,M142C   ,"JOSEPH, SIMON JONATHAN",79.0,3.6265822784810124,0.6503570315962666
RELIGN ,191     ,"JOSEPH, SIMON JONATHAN",10.0,3.47,0.6986415389883427
RELIGN ,M186A   ,"JOSEPH, SIMON JONATHAN",89.0,3.452808988764045,0.872435553479672
RELIGN ,177     ,"JOSEPH, SIMON JONATHAN",24.0,3.6291666666666664,0.8791469192095003
RELIGN ,M142C   ,"JOSEPH, SIMON JONATHAN",101.0,3.4603960396039604,0.7852702389006775
RELIGN ,156     ,"JOSEPH, SIMON JONATHAN",22.0,3.9136363636363636,0.17657204181413663
RELIGN ,110     ,"JOSEPH, SIMON JONATHAN",149.0,3.7033557046979864,0.6422920479162495
RELIGN ,M186C   ,"JOSEPH, SIMON JONATHAN",56.0,3.6625,0.5125435521564415
RELIGN ,11      ,"JOSEPH, SIMON JONATHAN",345.0,3.6805797101449276,0.6028913043042776
RELIGN ,101     ,"JOSEPH, SIMON JONATHAN",45.0,3.5155555555555553,0.8339878910806415
HIST   ,M185F   ,"JOSEPH, SIMON JONATHAN",81.0,3.6333333333333333,0.7392021057102176
HIST   ,M185I   ,"JOSEPH, SIMON JONATHAN",9.0,3.211111111111111,1.1957744533188006
EC ENGR,279AS   ,"JOSHI, CHANDRA J",2.0,4.0,0.0
EC ENGR,271     ,"JOSHI, CHANDRA J",12.0,3.6166666666666667,0.40790794168401395
EC ENGR,271     ,"JOSHI, CHANDRASHEKHAR JANARDAN",53.0,3.364150943396226,0.6267900673565638
BIOINFO,202     ,"JOSHI, SHANTANU HEMACHANDRA",61.0,4.0,0.0
NEURO  ,222     ,"JOSHI, SHANTANU HEMACHANDRA",10.0,4.0,0.0
DGT HUM,150     ,"JOUDAH, NOUR A",49.0,3.7734693877551018,0.36296708694556257
ASIA AM,174B    ,"JOUDAH, NOUR A",36.0,3.883333333333333,0.36016971308290513
ASIA AM,175B    ,"JOUDAH, NOUR A",25.0,3.952,0.1099818166789401
HIST   ,97C     ,"JOVANOVIC, MILOS",20.0,3.63,0.4371498598878879
HIST   ,120B    ,"JOVANOVIC, MILOS",97.0,3.589690721649485,0.6310659507878785
HIST   ,187C    ,"JOVANOVIC, MILOS",38.0,3.642105263157894,0.4487594473114148
HIST   ,120A    ,"JOVANOVIC, MILOS",109.0,3.7495412844036697,0.35156892213504076
HIST   ,1C      ,"JOVANOVIC, MILOS",251.0,3.6561752988047806,0.5566616784460816
HIST   ,191C    ,"JOVANOVIC, MILOS",25.0,3.512,0.8810539143548481
KOREA  ,5       ,"JU, HEE",32.0,3.8500000000000005,0.22079402165819617
KOREA  ,4       ,"JU, HEE",34.0,3.635294117647059,0.8043566493646724
KOREA  ,1       ,"JU, HEE",136.0,3.85220588235294,0.45616156060891694
KOREA  ,C105C   ,"JU, HEE",9.0,4.0,0.0
KOREA  ,1A      ,"JU, HEE",60.0,3.8583333333333334,0.46950032540516473
KOREA  ,3       ,"JU, HEE",72.0,3.870833333333333,0.3489816534496398
KOREA  ,2A      ,"JU, HEE",52.0,3.905769230769231,0.2552626562359623
KOREA  ,2       ,"JU, HEE",156.0,3.9057692307692307,0.24916279937365443
KOREA  ,CM120   ,"JU, HEE",16.0,3.875,0.2883140648667699
KOREA  ,3A      ,"JU, HEE",48.0,3.8708333333333336,0.37469895323520125
MECH&AE,M269A   ,"JU, JIANN-WEN",45.0,3.8333333333333335,0.24404006956964172
C&EE   ,130     ,"JU, JIANN-WEN",42.0,3.457142857142857,0.38305964793691216
C&EE   ,135B    ,"JU, JIANN-WEN",50.0,3.5580000000000003,0.42571821666449744
C&EE   ,135A    ,"JU, JIANN-WEN",274.0,3.57007299270073,0.48350378186817194
C&EE   ,M237A   ,"JU, JIANN-WEN",10.0,3.5599999999999996,0.4029888335921977
MECH&AE,298     ,"JU, SUNGTAEK",38.0,4.0,0.0
MECH&AE,C238    ,"JU, SUNGTAEK",11.0,3.8636363636363638,0.14937887931959065
MECH&AE,157W    ,"JU, SUNGTAEK",26.0,3.8807692307692303,0.1797845521926191
MECH&AE,M183B   ,"JU, SUNGTAEK",25.0,3.6760000000000006,0.31658174299855013
MECH&AE,157     ,"JU, SUNGTAEK",129.0,3.8232558139534882,0.2331156109049613
COM SCI,130     ,"JUANG, PHILO",434.0,3.643317972350231,0.48232736010278615
ART    ,137A    ,"JUGDEO, VISHAL",26.0,4.0,0.0
ART    ,276     ,"JUGDEO, VISHAL",27.0,4.0,0.0
ART    ,275     ,"JUGDEO, VISHAL",87.0,3.9735632183908045,0.2451646268924151
ART    ,137     ,"JUGDEO, VISHAL",15.0,3.8333333333333335,0.20221001184137466
ART    ,11D     ,"JUGDEO, VISHAL",16.0,3.9375,0.24206145913796356
ART    ,150     ,"JUGDEO, VISHAL",26.0,3.95,0.15254255396193803
ENGCOMP,130A    ,"JULIANO, LINZI MICHEL",34.0,3.723529411764706,0.43592958385056246
ENGCOMP,130F    ,"JULIANO, LINZI MICHEL",11.0,3.4272727272727277,1.1474009437070525
ENGCOMP,3       ,"JULIANO, LINZI MICHEL",57.0,3.5771929824561406,0.5234894874393621
ENGCOMP,131B    ,"JULIANO, LINZI MICHEL",40.0,3.8099999999999996,0.4152107898405339
ENGCOMP,130A    ,"JULIANO, LOGAN",33.0,3.978787878787879,0.11999387801953537
ENGCOMP,131B    ,"JULIANO, LOGAN",39.0,3.7948717948717947,0.7225129642874549
ENGCOMP,133     ,"JULIANO, LOGAN",15.0,3.933333333333333,0.1849924923401548
ENGCOMP,135     ,"JULIANO, LOGAN",12.0,3.9166666666666665,0.2763853991962833
ENGCOMP,3       ,"JULIANO, LOGAN",165.0,3.683636363636363,0.674944748274361
PHILOS ,174     ,"JULIUS, ALEXANDER JACOB",42.0,3.8642857142857148,0.1493181782883347
PHILOS ,22      ,"JULIUS, ALEXANDER JACOB",556.0,3.9242805755395684,0.17196605524074926
PHILOS ,C153B   ,"JULIUS, ALEXANDER JACOB",48.0,4.0,0.0
PHILOS ,6       ,"JULIUS, ALEXANDER JACOB",314.0,3.6929936305732487,0.3703354736137969
PHILOS ,246     ,"JULIUS, ALEXANDER JACOB",10.0,4.0,0.0
PHILOS ,C119    ,"JULIUS, ALEXANDER JACOB",96.0,3.896875,0.1424876639397249
PHILOS ,244     ,"JULIUS, ALEXANDER JACOB",22.0,4.0,0.0
COM SCI,188     ,"JUN, EUNICE",79.0,3.8746835443037972,0.2965917598445565
COM SCI,239     ,"JUN, EUNICE",33.0,3.9909090909090907,0.05142594772265797
LING   ,C104    ,"JUN, SUN-AH",16.0,3.4375,0.6253748875674494
LING   ,104     ,"JUN, SUN-AH",36.0,3.2194444444444446,0.9749129432485653
LING   ,103     ,"JUN, SUN-AH",112.0,3.428571428571428,0.7125693664765672
LING   ,111     ,"JUN, SUN-AH",10.0,3.71,0.45044422518220834
URBN PL,228     ,"JUNG, ALEXANDER",86.0,3.9127906976744184,0.21876849377128124
MATH   ,31A     ,"JUNG, CONNIE",22.0,3.6954545454545458,0.4247750984903902
MATH   ,32A     ,"JUNG, CONNIE",36.0,1.9305555555555556,1.401946948680149
MATH   ,131A    ,"JUNG, CONNIE",51.0,2.5274509803921568,1.1446514036301063
CHEM   ,241B    ,"JUNG, MICHAEL E",13.0,3.4153846153846157,0.6149998797325134
CHEM   ,247     ,"JUNG, MICHAEL E",81.0,3.9382716049382718,0.24066158876071514
HLT POL,234     ,"JUNG, OLIVIA",29.0,3.9655172413793105,0.1371529779403541
NURSING,50      ,"JUNG, SU YON",242.0,3.8194214876033055,0.36825879671294304
NURSING,13      ,"JUNG, SU YON",40.0,3.8625,0.3631029468346408
NURSING,204     ,"JUNG, SU YON",138.0,4.0,0.0
ASIAN  ,184     ,"JUNG-KIM, JENNIFER J",82.0,3.463414634146341,0.6619469058219891
KOREA  ,40W     ,"JUNG-KIM, JENNIFER J",21.0,3.4952380952380957,0.33162829231390767
INTL DV,160     ,"JUNG-KIM, JENNIFER J",41.0,3.4804878048780483,0.40678364369540265
I A STD,33      ,"JUNG-KIM, JENNIFER J",238.0,3.564705882352942,0.44496968743781545
HNRS   ,132     ,"JUNG-KIM, JENNIFER J",83.0,3.773493975903614,0.4834824319578769
ASIAN  ,135     ,"JUNG-KIM, JENNIFER J",190.0,3.5326315789473686,0.4887022783837896
KOREA  ,184     ,"JUNG-KIM, JENNIFER J",71.0,3.4830985915492954,0.4829445818651928
COMM   ,188A    ,"JUSKO, JAMES ANDREW",72.0,3.5222222222222226,0.5411464738615964
PSYCH  ,188A    ,"JUVONEN, JAANA HELENA",24.0,3.5291666666666672,0.3878134932613299
PSYCH  ,189     ,"JUVONEN, JAANA HELENA",17.0,3.7529411764705887,0.2499826983632445
PSYCH  ,133A    ,"JUVONEN, JAANA HELENA",441.0,3.334693877551021,0.8063230612342437
MCD BIO,187AL   ,"KACZOR-URBANOWICZ, KAROLINA ELZBIETA",15.0,3.94,0.11999999999999994
EC ENGR,188     ,"KADAMBI, ACHUTA",159.0,3.808176100628931,0.5543389233533429
EC ENGR,239AS   ,"KADAMBI, ACHUTA",179.0,3.8905027932960894,0.41892289892484286
EC ENGR,102     ,"KADAMBI, ACHUTA",322.0,3.421118012422361,0.9078956583472239
EC ENGR,189     ,"KADAMBI, ACHUTA",22.0,4.0,0.0
EC ENGR,149     ,"KADAMBI, ACHUTA",178.0,3.863483146067416,0.4595591466465517
EC ENGR,113     ,"KADAMBI, ACHUTA",246.0,3.41219512195122,0.6834971486197485
HLT POL,141     ,"KADIYALA, SRIKANTH",24.0,3.8958333333333335,0.17906974122453578
HLT POL,239A    ,"KADIYALA, SRIKANTH",14.0,3.8357142857142854,0.3038024331162391
RUSSN  ,M127    ,"KAGANOVSKY, LILYA",18.0,3.8388888888888886,0.3164716748583581
GENDER ,M127    ,"KAGANOVSKY, LILYA",20.0,3.62,0.45011109739707594
RUSSN  ,31      ,"KAGANOVSKY, LILYA",171.0,3.806432748538012,0.6199553085977467
RUSSN  ,C131    ,"KAGANOVSKY, LILYA",21.0,3.6380952380952385,0.504716979132804
DANCE  ,15      ,"KAHANE, ANNIE ROSE",18.0,3.794444444444445,0.35819334044033047
DANCE  ,11      ,"KAHANE, ANNIE ROSE",59.0,3.771186440677966,0.5862986013846838
DANCE  ,13      ,"KAHANE, ANNIE ROSE",73.0,3.8739726027397263,0.3256300099176659
MGMT   ,235     ,"KAHL, MATTHIAS",58.0,3.5379310344827584,0.38364296719507346
MGMT   ,430     ,"KAHL, MATTHIAS",343.0,3.5244897959183668,0.3883668643492235
MGMTFE ,408     ,"KAHL, MATTHIAS",253.0,3.4150197628458496,0.4079396069635652
MGMTEX ,408     ,"KAHL, MATTHIAS",46.0,3.384782608695652,0.4117657582868475
MGMT   ,466B    ,"KAHL, MATTHIAS",43.0,3.51860465116279,0.3835306081921327
MGMTEX ,439     ,"KAHL, MATTHIAS",45.0,3.511111111111111,0.39565541810588567
MGMT   ,232E    ,"KAHL, MATTHIAS",40.0,3.5174999999999996,0.387225709373745
ENGR   ,96C     ,"KAISER, WILLIAM J",66.0,3.9863636363636368,0.0624896685675796
ENGR   ,96I     ,"KAISER, WILLIAM J",123.0,3.997560975609756,0.026939904919968914
MAT SCI,33W     ,"KAKOULLI, IOANNA",113.0,3.782300884955752,0.38494456295405627
MAT SCI,M213    ,"KAKOULLI, IOANNA",13.0,3.838461538461539,0.14955555457864284
MAT SCI,104     ,"KAKOULLI, IOANNA",129.0,3.3868217054263567,0.7387796185603609
COM SCI,134     ,"KALLAS, KONSTANTINOS",79.0,3.818987341772152,0.29897544430181133
COM SCI,239     ,"KALLAS, KONSTANTINOS",35.0,3.842857142857143,0.17449635982402817
GLB HLT,100     ,"KALOFONOS, IPPOLYTOS ANDREAS",781.0,3.929193341869398,0.2483605444874489
PHYSICS,126     ,"KAMAHA, ALVINE",94.0,3.5,0.768945118811922
PHYSICS,1A      ,"KAMAHA, ALVINE",725.0,2.904827586206896,1.0668762675556542
BIOENGR,177B    ,"KAMARIZA, MIREILLE",147.0,3.9659863945578233,0.12535478827768662
BIOENGR,167L    ,"KAMARIZA, MIREILLE",34.0,3.6500000000000004,0.4912469128775922
BIOENGR,177A    ,"KAMARIZA, MIREILLE",78.0,3.95,0.16927446988204145
BIOENGR,110     ,"KAMEI, DANIEL T",327.0,2.534250764525994,1.3754914511636145
BIOENGR,C101    ,"KAMEI, DANIEL T",73.0,3.5164383561643833,0.781991433689923
BIOENGR,100     ,"KAMEI, DANIEL T",357.0,2.6882352941176473,1.2166798144816944
MATH   ,115A    ,"KAN, KAI FUNG",43.0,3.353488372093023,0.5868119770219586
MATH   ,32A     ,"KAN, KAI FUNG",414.0,3.2782608695652176,0.8463966644485209
MATH   ,174E    ,"KAN, KAI FUNG",80.0,3.5212499999999998,0.772122682933224
HUM GEN,410     ,"KANDOTH, CYRIAC",20.0,3.9850000000000003,0.06538348415311006
ARTS ED,108     ,"KANE, KEVIN MICHAEL",10.0,3.71,0.585576638878294
ARTS ED,105     ,"KANE, KEVIN MICHAEL",24.0,3.8000000000000003,0.4725815626252609
ARTS ED,20      ,"KANE, KEVIN MICHAEL",50.0,3.724,0.5562589325125485
EE BIOL,109L    ,"KANE, TONYA LYNN",133.0,3.5548872180451134,0.8941300779544256
EE BIOL,106     ,"KANE, TONYA LYNN",30.0,3.9766666666666666,0.12565384549980513
EE BIOL,123B    ,"KANE, TONYA LYNN",57.0,3.987719298245614,0.09190035686813192
EE BIOL,109     ,"KANE, TONYA LYNN",1242.0,3.8076489533011273,0.4412664168948943
EE BIOL,142     ,"KANE, TONYA LYNN",119.0,3.958823529411765,0.19721240722635544
EE BIOL,101     ,"KANE, TONYA LYNN",164.0,3.827439024390245,0.3663142425988314
EE BIOL,189     ,"KANE, TONYA LYNN",16.0,4.0,0.0
LIFESCI,7B      ,"KANE, TONYA LYNN",1507.0,3.616191108161911,0.5446883751155014
CHEM   ,171     ,"KANER, RICHARD B",604.0,3.1604304635761586,0.6730432615513305
CHEM   ,C180    ,"KANER, RICHARD B",131.0,3.6068702290076335,0.5010204609030044
CHEM   ,C280    ,"KANER, RICHARD B",133.0,3.5278195488721806,0.4631298204556528
CHEM   ,189     ,"KANER, RICHARD B",167.0,3.943712574850299,0.14291445042847953
JAPAN  ,CM123   ,"KANEYASU, MICHIKO",21.0,3.666666666666666,0.6763581281098924
JAPAN  ,M120    ,"KANEYASU, MICHIKO",27.0,3.6074074074074076,0.8250368907244339
ASIAN  ,104     ,"KANEYASU, MICHIKO",47.0,3.6148936170212767,0.8432406393887242
ETHNMUS,91J     ,"KANG, GAMIN",19.0,3.952631578947368,0.10939268258329744
ETHNMUS,122     ,"KANG, GAMIN",28.0,3.9,0.1732050807568877
LAW    ,214     ,"KANG, JERRY",166.0,3.4981927710843377,0.45555115454312495
LAW    ,145     ,"KANG, JERRY",188.0,3.461170212765958,0.3747803793286703
PHYSICS,1C      ,"KANG, ZHONGBO",481.0,3.4964656964656964,0.7252270297398349
PHYSICS,226C    ,"KANG, ZHONGBO",7.0,4.0,0.0
PHYSICS,124     ,"KANG, ZHONGBO",96.0,3.31875,0.7144800702842125
COM LIT,100     ,"KANNER-BOTAN, ALLISON",36.0,3.947222222222221,0.2217181783645264
COM LIT,191     ,"KANNER-BOTAN, ALLISON",18.0,3.6944444444444446,0.9058281798211097
MGMTFE ,420     ,"KAO, JENNIFER LILY",575.0,3.464,0.39660472053144563
MGMTEX ,420     ,"KAO, JENNIFER LILY",103.0,3.451456310679612,0.41286686014712803
MGMTFT ,420     ,"KAO, JENNIFER LILY",75.0,3.2679999999999993,0.6293192088810469
EC ENGR,239AS   ,"KAO, JONATHAN CHAU-YAN",531.0,3.987758945386064,0.12081357247347273
EC ENGR,C143A   ,"KAO, JONATHAN CHAU-YAN",164.0,3.370731707317073,0.9639840861046092
EC ENGR,C247    ,"KAO, JONATHAN CHAU-YAN",797.0,3.7907151819322453,0.44503576096747316
EC ENGR,102     ,"KAO, JONATHAN CHAU-YAN",811.0,3.242909987669544,1.004617411536547
EC ENGR,C243A   ,"KAO, JONATHAN CHAU-YAN",112.0,3.7321428571428577,0.6810200182858962
EC ENGR,C147    ,"KAO, JONATHAN CHAU-YAN",714.0,3.7743697478991596,0.4936018740495244
EC ENGR,189     ,"KAO, JONATHAN CHAU-YAN",83.0,3.980722891566265,0.14516947414303097
CHIN   ,50      ,"KAO, YUPING",66.0,3.1363636363636367,1.0216795980648379
CHIN   ,180     ,"KAO, YUPING",44.0,3.3636363636363638,1.0335488089567264
I A STD,188     ,"KAO, YUPING",19.0,3.3736842105263154,0.9732431433441913
HLT POL,442     ,"KAPLAN, AVRAM WOLFE",21.0,4.0,0.0
MUSC   ,C171    ,"KAPLAN, DAVID",81.0,3.919753086419753,0.17243338530289665
MUSC   ,204     ,"KAPLAN, DAVID",46.0,3.8347826086956522,0.23610737360670372
PHILOS ,C127C   ,"KAPLAN, DAVID B",47.0,3.412765957446808,0.597019911737722
PHILOS ,C127B   ,"KAPLAN, DAVID B",52.0,3.3500000000000005,0.6264982043070835
PHILOS ,C127A   ,"KAPLAN, DAVID B",32.0,3.7218750000000003,0.31989683395588653
PUB AFF,135     ,"KAPLAN, MARK S",75.0,3.8013333333333335,0.41133711505554926
SOC WLF,M290M   ,"KAPLAN, MARK S",41.0,3.7585365853658543,0.3526731436081951
PUB PLC,291A    ,"KAPUR, ALEXANDER ANIL",83.0,3.8518072289156624,0.229909068343941
PUB PLC,291A    ,"KARA, SIDDHARTH",37.0,3.7594594594594595,0.28232572664217503
MECH&AE,150A    ,"KARAGOZIAN, ANN R",51.0,2.731372549019608,1.0710980614704049
MECH&AE,C250P   ,"KARAGOZIAN, ANN R",23.0,3.382608695652174,0.4992622155985626
MECH&AE,252C    ,"KARAGOZIAN, ANN R",12.0,3.75,0.3427827300200522
MECH&AE,250C    ,"KARAGOZIAN, ANN R",14.0,3.6857142857142855,0.4748791468169904
MECH&AE,C150P   ,"KARAGOZIAN, ANN R",30.0,3.2766666666666664,0.47094467710006965
EDUC   ,474     ,"KARCHER, RICHARD T",23.0,3.6217391304347823,0.42113358588987093
ENGL   ,191H    ,"KAREEM, SARAH TINDAL",14.0,4.0,0.0
ENGL   ,250     ,"KAREEM, SARAH TINDAL",10.0,3.91,0.13747727084867511
ENGL   ,10B     ,"KAREEM, SARAH TINDAL",313.0,3.6316293929712455,0.49021371426514077
ENGL   ,110C    ,"KAREEM, SARAH TINDAL",40.0,3.8575000000000004,0.2625714188558991
ENGL   ,161C    ,"KAREEM, SARAH TINDAL",29.0,3.5965517241379312,0.43190257412003247
SOC WLF,213B    ,"KARIMLI, LEYLA",194.0,3.850515463917526,0.30481487075103525
SOC WLF,M290L   ,"KARIMLI, LEYLA",16.0,3.81875,0.4837596898254339
SOC WLF,213A    ,"KARIMLI, LEYLA",74.0,3.9594594594594597,0.10256035654600143
PUB AFF,115     ,"KARIMLI, LEYLA",151.0,3.8125827814569533,0.39839157345033915
MGMT   ,170     ,"KARLAN, MARK SHEPHERD",2420.0,3.409090909090909,0.5278053735958874
LAW    ,419     ,"KARLAN, MARK SHEPHERD",151.0,3.549006622516556,0.3613564492296366
PSYCH  ,127B    ,"KARLSGODT, KATHERINE H",799.0,3.6196495619524405,0.6831436407440565
PSYCH  ,298     ,"KARLSGODT, KATHERINE H",20.0,3.9850000000000003,0.06538348415311006
PSYCH  ,189     ,"KARLSGODT, KATHERINE H",33.0,3.9363636363636365,0.12264306875665484
PSYCH  ,126     ,"KARLSGODT, KATHERINE H",73.0,3.5863013698630137,0.7458221662680412
MGMTEX ,421     ,"KARMARKAR, UDAY S",52.0,3.553846153846154,0.29251005141279307
MGMT   ,298D    ,"KARMARKAR, UDAY S",43.0,3.5232558139534884,0.37592503539088723
PSYCH  ,137C    ,"KARNEY, BENJAMIN R",1354.0,3.207459379615953,0.9064167527085719
PSYCH  ,189     ,"KARNEY, BENJAMIN R",146.0,3.9321917808219173,0.4694699622040767
PSYCH  ,220A    ,"KARNEY, BENJAMIN R",35.0,3.797142857142857,0.2893201037760418
THEATER,442A    ,"KARVONIDES DUSHENKO, CHRISI",11.0,3.9181818181818184,0.1336085314245369
THEATER,442B    ,"KARVONIDES DUSHENKO, CHRISI",23.0,3.847826086956522,0.2551547956716732
THEATER,448A    ,"KARVONIDES DUSHENKO, CHRISI",10.0,3.47,1.1950313803411188
THEATER,C153C   ,"KARVONIDES DUSHENKO, CHRISI",10.0,4.0,0.0
THEATER,C455B   ,"KARVONIDES DUSHENKO, CHRISI",12.0,3.891666666666666,0.2099933861392359
EDUC   ,299A    ,"KASARI, CONNIE L",12.0,4.0,0.0
EDUC   ,217A    ,"KASARI, CONNIE L",20.0,3.94,0.11999999999999993
EDUC   ,132     ,"KASARI, CONNIE L",316.0,3.892088607594937,0.2910599437965852
MATH   ,32B     ,"KASHEFI, ALI",246.0,3.264634146341463,1.1984446510366071
COMPTNG,10A     ,"KASHEFI, ALI",174.0,3.4258620689655173,0.9919608489263151
COMPTNG,16A     ,"KASHEFI, ALI",27.0,3.103703703703704,1.0754780096522392
MATH   ,151A    ,"KASHEFI, ALI",145.0,3.3006896551724134,0.9355431062682723
MATH   ,134     ,"KASHEFI, ALI",128.0,3.2171875,1.0797214177016914
MATH   ,151B    ,"KASHEFI, ALI",44.0,2.672727272727273,1.1446245188952568
BIOENGR,10      ,"KASKO, ANDREA M",95.0,3.877894736842105,0.47554488356840585
BIOENGR,C285    ,"KASKO, ANDREA M",18.0,3.1666666666666665,0.8768630958643937
BIOENGR,188     ,"KASKO, ANDREA M",27.0,3.5851851851851855,0.6791627218446874
BIOENGR,CM178   ,"KASKO, ANDREA M",20.0,3.5900000000000007,0.4646504062195578
BIOENGR,CM278   ,"KASKO, ANDREA M",16.0,3.48125,0.5659270602294963
BIOENGR,C185    ,"KASKO, ANDREA M",19.0,3.3157894736842106,0.9532565556773414
MATH   ,156     ,"KASSAB, LARA",100.0,3.3160000000000003,0.8742676935584431
MATH   ,118     ,"KASSAB, LARA",145.0,2.972413793103448,0.9516941524511697
MATH   ,164     ,"KASSAB, LARA",70.0,2.8771428571428572,1.0863005935705994
MATH   ,135     ,"KASSAB, LARA",31.0,2.858064516129032,1.2985784270969314
COMM   ,101     ,"KASSABIAN, RAFFI",53.0,3.247169811320755,1.031870215179911
HNRS   ,M175    ,"KATONA, PETER",12.0,3.9250000000000003,0.12990381056766573
EPIDEM ,C275    ,"KATONA, PETER",15.0,3.893333333333333,0.19821424996424675
HIST   ,C191D   ,"KATZ, ALISA BELINKOFF",12.0,3.3666666666666667,0.5835713800003867
PUB PLC,291A    ,"KATZ, ALISA BELINKOFF",21.0,3.8000000000000007,0.24494897427831783
LING   ,165A    ,"KATZ, JONAH",36.0,2.9777777777777774,0.9401864800580524
LING   ,200A    ,"KATZ, JONAH",14.0,3.885714285714286,0.3377597262153396
LAW    ,509     ,"KAUFMAN, BRETT",27.0,3.7925925925925927,0.23558583546354442
ENGL   ,179     ,"KAUFMAN, ELEANOR K",18.0,3.5,0.6523461930260309
ENGL   ,270     ,"KAUFMAN, ELEANOR K",9.0,4.0,0.0
ENGL   ,111C    ,"KAUFMAN, ELEANOR K",31.0,3.7225806451612904,0.711522528113121
COM LIT,290     ,"KAUFMAN, ELEANOR K",15.0,3.8666666666666667,0.2958978802822953
MGMTMSA,440     ,"KAUL, SURBHI",70.0,3.615714285714286,0.3218853896678641
MGMT   ,298E    ,"KAUL, SURBHI",49.0,3.8020408163265307,0.2075019507342456
ART    ,11B     ,"KAUR, SIRI SAHAJ",58.0,3.8172413793103446,0.40732006013846284
ART    ,147     ,"KAUR, SIRI SAHAJ",30.0,3.98,0.07483314773547878
ETHNMUS,68F     ,"KAUSHAL, ABHIMAN",42.0,3.9666666666666663,0.149071198499986
ETHNMUS,168F    ,"KAUSHAL, ABHIMAN",309.0,3.9789644012944985,0.12584045748170444
MECH&AE,250B    ,"KAVEHPOUR, HOSSEIN",54.0,3.8444444444444446,0.5678636595191395
MECH&AE,103     ,"KAVEHPOUR, HOSSEIN",614.0,3.0359934853420194,1.0056635581246691
MECH&AE,250M    ,"KAVEHPOUR, HOSSEIN",15.0,4.0,0.0
MECH&AE,103     ,"KAVEHPOUR, HOSSEIN PIROUZ",212.0,3.207547169811321,0.7266098734206462
MECH&AE,259A    ,"KAVEHPOUR, HOSSEIN PIROUZ",12.0,4.0,0.0
CHEM   ,20A     ,"KAVNER, ABBY",1625.0,3.706584615384615,0.6113186476740938
CHEM   ,20AH    ,"KAVNER, ABBY",31.0,3.7451612903225806,0.4897917330124788
EPS SCI,119     ,"KAVNER, ABBY",26.0,3.7961538461538464,0.5550334496023774
EPS SCI,9       ,"KAVNER, ABBY",144.0,3.907638888888889,0.4029543434833514
EPS SCI,51      ,"KAVNER, ABBY",21.0,3.7952380952380946,0.4236757413244805
BIOSTAT,M215    ,"KAWAGUCHI, ERIC SHINYA",15.0,3.7133333333333334,0.44998765415163217
BIOMATH,260B    ,"KAWAI, KOSUKE",10.0,4.0,0.0
JAPAN  ,4       ,"KAWANISHI, YUMIKO",105.0,3.6990476190476196,0.5139010907419439
JAPAN  ,5       ,"KAWANISHI, YUMIKO",100.0,3.737,0.4316607464201488
JAPAN  ,100R    ,"KAWANISHI, YUMIKO",22.0,3.65,0.5766281297335398
JAPAN  ,100C    ,"KAWANISHI, YUMIKO",11.0,3.2636363636363637,0.9088181408968136
JAPAN  ,6       ,"KAWANISHI, YUMIKO",87.0,3.6885057471264364,0.46865552071154276
JAPAN  ,100B    ,"KAWANISHI, YUMIKO",30.0,3.5200000000000005,0.6368673331236263
JAPAN  ,100A    ,"KAWANISHI, YUMIKO",37.0,3.4135135135135135,0.8856703560281979
GEOG   ,200A    ,"KAY, KELLY ANN",31.0,4.0,0.0
GEOG   ,171A    ,"KAY, KELLY ANN",184.0,3.7472826086956523,0.5290405656774584
GEOG   ,236     ,"KAY, KELLY ANN",10.0,4.0,0.0
GEOG   ,147     ,"KAY, KELLY ANN",223.0,3.8062780269058294,0.6113691565420968
SOC SC ,420     ,"KAY, KELLY ANN",47.0,3.94468085106383,0.293046006582147
MUSC   ,C185C   ,"KAZARAS, PETER D",39.0,3.9692307692307693,0.09101661204768635
MGMT   ,424     ,"KEANY, LEEAUNDRA",221.0,3.909049773755656,0.15104313687414395
MGMTFT ,421A    ,"KEANY, LEEAUNDRA",159.0,3.6628930817610064,0.39102404808215196
COM HLT,M216A   ,"KEARNEY, MATTHEW",18.0,3.75,0.24324199198877378
COM HLT,282     ,"KEARNEY, MATTHEW",18.0,4.0,0.0
COMPTNG,10A     ,"KEATING, LEAH",125.0,2.931200000000001,1.185473137612152
COMPTNG,16A     ,"KEATING, LEAH",85.0,3.492941176470588,0.8625254622388725
SOC GEN,196     ,"KEEL, TERENCE D",74.0,4.0,0.0
SOC GEN,199     ,"KEEL, TERENCE D",116.0,4.0,0.0
AF AMER,110A    ,"KEEL, TERENCE D",174.0,3.605172413793104,0.6709289529664496
SOC GEN,105B    ,"KEEL, TERENCE D",157.0,3.71656050955414,0.39757980150894645
NURSING,212     ,"KEENAN, COLLEEN K",46.0,3.9369565217391305,0.16465866624781825
NURSING,408     ,"KEENAN, COLLEEN K",10.0,3.94,0.11999999999999993
NURSING,211     ,"KEENAN, COLLEEN K",31.0,3.8,0.19510129709725726
NURSING,200     ,"KEENAN, COLLEEN K",89.0,3.878651685393258,0.2127782567418562
DESMA  ,10      ,"KEEVER, JUSTIN ALEXANDER",31.0,3.5483870967741935,0.8900420315344792
DESMA  ,7       ,"KEEVER, JUSTIN ALEXANDER",20.0,3.8649999999999998,0.45417507637473903
LING   ,20      ,"KEINE, STEFAN",560.0,3.589107142857143,0.8288800033472756
LING   ,201B    ,"KEINE, STEFAN",13.0,3.9538461538461536,0.10824036368823294
ENGCOMP,403     ,"KELLEY, JEREMY CARL",17.0,4.0,0.0
LBR STD,M173    ,"KELLEY, ROBIN D G",105.0,3.9695238095238095,0.13246657046307733
HIST   ,145B    ,"KELLEY, ROBIN D G",115.0,4.0,0.0
CCAS   ,M173    ,"KELLEY, ROBIN D G",49.0,3.86734693877551,0.5818295406107906
HIST   ,246C    ,"KELLEY, ROBIN D G",25.0,3.9760000000000004,0.08138795979750317
HIST   ,187D    ,"KELLEY, ROBIN D G",41.0,3.817073170731707,0.3282640512285359
AF AMER,M158B   ,"KELLEY, ROBIN D G",18.0,3.894444444444444,0.18994801108087508
HIST   ,12B     ,"KELLEY, ROBIN D G",886.0,3.85823927765237,0.4321645520893034
AF AMER,M173    ,"KELLEY, ROBIN D G",66.0,3.8833333333333333,0.31362172414962874
HIST   ,M150B   ,"KELLEY, ROBIN D G",93.0,3.913978494623655,0.22123378275998667
HIST   ,13C     ,"KELLEY, ROBIN D G",397.0,3.7035264483627204,0.601875873150633
AF AMER,M158C   ,"KELLEY, ROBIN D G",48.0,3.889583333333333,0.18055422008053118
HIST   ,M150C   ,"KELLEY, ROBIN D G",67.0,3.9597014925373135,0.1023014297802614
PSYCH  ,124J    ,"KELLMAN, PHILIP",176.0,3.581250000000001,0.6871719258539438
PSYCH  ,85      ,"KELLMAN, PHILIP",238.0,3.315546218487395,0.7577401136251297
HLT ADM,416     ,"KELLY, APRIL",34.0,4.0,0.0
HLT ADM,415     ,"KELLY, APRIL",54.0,3.9277777777777776,0.33852439414626945
FILM TV,415     ,"KELLY, RORY M",13.0,3.8538461538461535,0.20981817995362856
FILM TV,122M    ,"KELLY, RORY M",499.0,3.707615230460922,0.6992854384995386
FILM TV,163     ,"KELLY, RORY M",28.0,3.882142857142857,0.39101842432712214
FILM TV,298A    ,"KELLY, RORY M",11.0,3.8181818181818183,0.5749595745760689
FILM TV,185     ,"KELLY, RORY M",22.0,3.959090909090909,0.10295228775369199
FILM TV,413     ,"KELLY, RORY M",31.0,3.8870967741935485,0.2684987360862556
FILM TV,459A    ,"KELLY, RORY M",10.0,4.0,0.0
SOC GEN,131     ,"KELTY, CHRISTOPHER M",107.0,3.8140186915887853,0.5139999996601405
SOC GEN,108     ,"KELTY, CHRISTOPHER M",88.0,3.972727272727273,0.0862439361864103
SOC GEN,105A    ,"KELTY, CHRISTOPHER M",111.0,3.836036036036036,0.18686257068505108
ECON   ,253B    ,"KENNEDY, PATRICK J",14.0,3.4071428571428575,0.4233611860782127
LIFESCI,192E    ,"KENNISON, RACHEL LEE",11.0,4.0,0.0
EE BIOL,200B    ,"KENNISON, RACHEL LEE",31.0,4.0,0.0
CHEM   ,M192E   ,"KENNISON, RACHEL LEE",15.0,3.8466666666666667,0.39474323581566556
LIFESCI,192B    ,"KENNISON, RACHEL LEE",48.0,3.9729166666666664,0.14823908522683513
LIFESCI,M192A   ,"KENNISON, RACHEL LEE",41.0,3.9439024390243897,0.24992562843803895
LIFESCI,192C    ,"KENNISON, RACHEL LEE",51.0,3.9411764705882355,0.3075370027717279
PHYSICS,M192S   ,"KENNISON, RACHEL LEE",17.0,3.923529411764706,0.30588235294117644
LIFESCI,192D    ,"KENNISON, RACHEL LEE",37.0,3.9648648648648646,0.21081081081081077
COM SCI,M192A   ,"KENNISON, RACHEL LEE",10.0,4.0,0.0
LAW    ,738     ,"KENT, ELIZABETH JANE",24.0,3.9333333333333336,0.1649915822768611
MATH   ,31A     ,"KERANEN, JUKKA PETRI MIKAEL",216.0,2.9208333333333325,1.129930041262798
MATH   ,135     ,"KERANEN, JUKKA PETRI MIKAEL",44.0,3.065909090909091,1.1131330031243474
LIFESCI,30A     ,"KERANEN, JUKKA PETRI MIKAEL",734.0,3.7693460490463213,0.5690714820123245
MATH   ,31B     ,"KERANEN, JUKKA PETRI MIKAEL",209.0,2.9521531100478464,1.0322121251439333
MATH   ,115A    ,"KERANEN, JUKKA PETRI MIKAEL",72.0,3.506944444444444,0.8559151030214661
MATH   ,106     ,"KERANEN, JUKKA PETRI MIKAEL",309.0,3.566990291262136,0.6156620899220847
MATH   ,31AL    ,"KERANEN, JUKKA PETRI MIKAEL",507.0,2.9285996055226824,1.0453195256428436
LIFESCI,30B     ,"KERANEN, JUKKA PETRI MIKAEL",1388.0,3.4593659942363115,0.8968196457478101
MATH   ,1       ,"KERANEN, JUKKA PETRI MIKAEL",12.0,2.5500000000000003,1.2619429464123963
ESL    ,25      ,"KERN, ANDREA NICOLE",13.0,4.0,0.0
ENGCOMP,3       ,"KERN, ANDREA NICOLE",18.0,4.0,0.0
COMM   ,250     ,"KERNELL, GEORGIA CHRISTINE",15.0,3.8400000000000003,0.3261901286060019
COMM   ,150     ,"KERNELL, GEORGIA CHRISTINE",393.0,3.45114503816794,0.813690091008647
COMM   ,160     ,"KERNELL, GEORGIA CHRISTINE",235.0,3.225531914893617,0.9552693916815126
THEATER,35B     ,"KERNS, LINDA",12.0,3.9250000000000003,0.12990381056766573
THEATER,135F    ,"KERNS, LINDA",22.0,3.727272727272727,0.2894851514198302
ART HIS,100     ,"KERSEY, KRISTOPHER WILLIAM",15.0,3.7666666666666666,0.34769079494414123
ART HIS,251B    ,"KERSEY, KRISTOPHER WILLIAM",23.0,3.8000000000000003,0.814541749003429
ART HIS,30      ,"KERSEY, KRISTOPHER WILLIAM",519.0,3.754142581888247,0.607449885258099
ART HIS,C151    ,"KERSEY, KRISTOPHER WILLIAM",78.0,3.851282051282051,0.39149404479984234
EDUC   ,420A    ,"KERSEY, SARA E",100.0,4.0,0.0
EDUC   ,491     ,"KERSEY, SARA E",102.0,4.0,0.0
EDUC   ,498B    ,"KERSEY, SARA E",103.0,4.0,0.0
EDUC   ,315     ,"KERSEY, SARA E",124.0,4.0,0.0
EDUC   ,498C    ,"KERSEY, SARA E",103.0,4.0,0.0
EDUC   ,315B    ,"KERSEY, SARA E",91.0,3.9967032967032967,0.031275273562104834
EDUC   ,498A    ,"KERSEY, SARA E",102.0,4.0,0.0
EDUC   ,490A    ,"KERSEY, SARA E",101.0,3.994059405940594,0.041795783998426574
ENGCOMP,3D      ,"KETAI, RACHEL LEWIS",195.0,3.555897435897436,0.7804033077927964
ENGCOMP,2       ,"KETAI, RACHEL LEWIS",161.0,3.4931677018633547,0.6742950515883843
MIL SCI,13      ,"KETE, LOUIS RILEY",10.0,3.97,0.08999999999999996
MIL SCI,12      ,"KETE, LOUIS RILEY",11.0,4.0,0.0
MIL SCI,21      ,"KETE, LOUIS RILEY",9.0,3.966666666666667,0.09428090415820628
MIL SCI,11      ,"KETE, LOUIS RILEY",18.0,4.0,0.0
SOC WLF,231K    ,"KEUM, BRIAN",33.0,3.9909090909090907,0.05142594772265797
AF AMER,M107    ,"KEYES, CHERYL L",17.0,2.2176470588235295,1.3071006505723435
GJ STDS,M119    ,"KEYES, CHERYL L",10.0,2.94,0.657571288910944
GJ STDS,M12B    ,"KEYES, CHERYL L",18.0,1.6500000000000001,1.2794312972740836
AF AMER,M116A   ,"KEYES, CHERYL L",24.0,3.045833333333333,0.5880611976845797
GJ STDS,M110A   ,"KEYES, CHERYL L",21.0,3.1523809523809527,0.7048262518887005
ETHNMUS,M119    ,"KEYES, CHERYL L",44.0,2.9136363636363636,0.78410079045157
ETHNMUS,M110A   ,"KEYES, CHERYL L",63.0,3.163492063492064,0.8480232078475937
ETHNMUS,M12B    ,"KEYES, CHERYL L",19.0,2.0210526315789474,1.355914508781676
AF AMER,M12B    ,"KEYES, CHERYL L",10.0,1.5899999999999999,0.8814193099768123
NEURO  ,M202    ,"KHAKH, BALJIT S",46.0,3.9195652173913045,0.26343843866088185
MECH&AE,M20     ,"KHALID JAWED, MOHAMMAD",417.0,3.826858513189449,0.6165176136908618
MECH&AE,156A    ,"KHALID JAWED, MOHAMMAD",210.0,3.3776190476190475,0.8001333505640214
MECH&AE,259B    ,"KHALID JAWED, MOHAMMAD",36.0,3.980555555555556,0.11503488467138144
MECH&AE,263F    ,"KHALID JAWED, MOHAMMAD",63.0,4.0,0.0
PHILOS ,8       ,"KHALIFA, KAREEM E",590.0,3.692881355932203,0.5122732680687354
PHILOS ,C123    ,"KHALIFA, KAREEM E",45.0,3.337777777777778,0.7863527308300969
PHILOS ,122     ,"KHALIFA, KAREEM E",51.0,3.496078431372549,0.5722198892835315
PHILOS ,123     ,"KHALIFA, KAREEM E",42.0,3.3761904761904766,0.7723833010357105
PHILOS ,191     ,"KHALIFA, KAREEM E",18.0,3.7611111111111106,0.42181998383840486
LAW    ,403     ,"KHAN, AMJAD MAHMOOD",48.0,3.527083333333333,0.36213463388021255
NURSING,465C    ,"KHAN, ZARENNA AYESHA",205.0,3.7804878048780486,0.2679820818501536
NURSING,163     ,"KHAN, ZARENNA AYESHA",216.0,3.834722222222222,0.23243461180605632
NURSING,463     ,"KHAN, ZARENNA AYESHA",272.0,3.8930147058823525,0.20931196760753318
LIFESCI,7A      ,"KHANKAN, RANA RACHAD",286.0,3.553846153846154,0.5621847033378135
PHYSCI ,13      ,"KHANKAN, RANA RACHAD",144.0,3.275694444444445,0.9567194038728981
LIFESCI,192D    ,"KHANKAN, RANA RACHAD",54.0,4.0,0.0
LIFESCI,192C    ,"KHANKAN, RANA RACHAD",50.0,4.0,0.0
LIFESCI,192B    ,"KHANKAN, RANA RACHAD",68.0,4.0,0.0
LIFESCI,7C      ,"KHANKAN, RANA RACHAD",4566.0,3.401160753394656,0.6534359216669269
ART HIS,132     ,"KHIMASIA, ANNA",40.0,2.8525,1.0373011857700731
ART HIS,C131C   ,"KHIMASIA, ANNA",8.0,2.675,0.8166241485530538
MATH   ,253A    ,"KHITRIK, MIKHAIL",10.0,3.97,0.08999999999999996
MATH   ,131BH   ,"KHITRIK, MIKHAIL",19.0,3.4473684210526314,0.4827208205388675
MATH   ,255A    ,"KHITRIK, MIKHAIL",24.0,3.9875000000000003,0.05994789404140896
MATH   ,131C    ,"KHITRIK, MIKHAIL",11.0,3.390909090909091,1.1516427361536812
MATH   ,251A    ,"KHITRIK, MIKHAIL",10.0,4.0,0.0
MGMTFE ,410     ,"KHODABAKHSHIAN, ARAZ",140.0,3.3685714285714283,0.5061176760801942
MGMT   ,276     ,"KHORMAEE, CY",75.0,3.5386666666666664,0.4704305356680079
MGMT   ,275     ,"KHORMAEE, CY",40.0,3.53,0.47759815745038214
ART    ,11D     ,"KHOSHGOZARAN, GELARE",39.0,3.9358974358974357,0.14933558747242087
ART    ,137A    ,"KHOSHGOZARAN, GELARE",16.0,3.9625,0.09921567416492208
ART    ,275     ,"KHOSHGOZARAN, GELARE",20.0,4.0,0.0
ART    ,C280    ,"KHOSHGOZARAN, GELARE",16.0,4.0,0.0
ART    ,276     ,"KHOSHGOZARAN, GELARE",14.0,4.0,0.0
HLT POL,M236    ,"KHURANA, DHRUV",23.0,3.5652173913043477,0.433999294381488
HLT ADM,411     ,"KHURANA, DHRUV",56.0,3.3428571428571425,0.7837312638127631
COMM   ,111     ,"KICENSKI, KARYL KRISTINE",260.0,3.516538461538462,0.466075615420868
COMM   ,110     ,"KICENSKI, KARYL KRISTINE",307.0,3.112703583061889,0.6349753285264905
COMM   ,108     ,"KICENSKI, KARYL KRISTINE",282.0,3.3570921985815603,0.6542030385231307
COMM   ,143     ,"KICENSKI, KARYL KRISTINE",184.0,2.9940217391304347,0.7772702509460087
COMM   ,1       ,"KICENSKI, KARYL KRISTINE",94.0,3.4968085106382976,0.8248084403859023
SOC GEN,180     ,"KIESOW, STEPHANIE MARIE",49.0,3.7795918367346943,0.6627030583955612
MATH   ,134     ,"KILLIP, ROWAN",46.0,2.7695652173913046,1.2224120071857563
MATH   ,170A    ,"KILLIP, ROWAN",14.0,3.607142857142857,0.5650085785875743
MATH   ,247A    ,"KILLIP, ROWAN",10.0,3.6,1.2
MATH   ,246B    ,"KILLIP, ROWAN",12.0,3.641666666666667,0.555965126804031
MATH   ,246A    ,"KILLIP, ROWAN",13.0,3.446153846153846,0.7821227373829257
MATH   ,170B    ,"KILLIP, ROWAN",28.0,3.3857142857142857,0.7693755750673426
MATH   ,255A    ,"KILLIP, ROWAN",15.0,4.0,0.0
MATH   ,131C    ,"KILLIP, ROWAN BRETT",12.0,3.1750000000000003,1.4463315664120728
MATH   ,32B     ,"KILLIP, ROWAN BRETT",81.0,3.3259259259259255,0.969635005502456
COM HLT,211A    ,"KIM, BO-KYUNG ELIZABETH",101.0,3.8306930693069305,0.29069482288299425
COM HLT,187B    ,"KIM, BO-KYUNG ELIZABETH",17.0,4.0,0.0
MATH   ,251B    ,"KIM, CHRISTINA",9.0,3.522222222222222,1.2488018949535216
MATH   ,251A    ,"KIM, CHRISTINA",17.0,3.729411764705883,0.2717366932341435
MATH   ,131BH   ,"KIM, CHRISTINA",36.0,3.130555555555556,0.8971620206841263
MATH   ,245C    ,"KIM, CHRISTINA",12.0,3.9499999999999997,0.11180339887498941
MECH&AE,281     ,"KIM, CJ",48.0,3.6624999999999996,0.3950870157319777
MECH&AE,183A    ,"KIM, CJ",186.0,3.241935483870967,0.7335028026047801
STATS  ,13      ,"KIM, DALE SIM",1819.0,3.5628367234744367,0.8131910559743614
ELTS   ,187     ,"KIM, DAVID",33.0,3.633333333333333,0.6113406364191519
GLBL ST,113BD   ,"KIM, DAVID",47.0,3.806382978723404,0.3316010518418429
GLBL ST,113AD   ,"KIM, DAVID",47.0,3.806382978723404,0.3316010518418429
ELTS   ,56      ,"KIM, DAVID",52.0,3.551923076923077,0.6359397602746858
GLBL ST,110A    ,"KIM, DAVID D",24.0,3.8375,0.23946555075835022
GLBL ST,110B    ,"KIM, DAVID D",24.0,3.8375,0.23946555075835022
MECH&AE,107     ,"KIM, DENNIS",290.0,2.761034482758621,1.0309180536268137
MECH&AE,171A    ,"KIM, DENNIS",86.0,2.91046511627907,0.9673782682588052
MECH&AE,107     ,"KIM, DENNIS D",119.0,2.8689075630252105,1.1201551437534243
FILM TV,413     ,"KIM, GINA",22.0,4.0,0.0
FILM TV,415     ,"KIM, GINA",12.0,3.9499999999999997,0.11180339887498941
FILM TV,433     ,"KIM, GINA",10.0,4.0,0.0
PBMED  ,217     ,"KIM, GRACE HYUN JUNG",11.0,4.0,0.0
BIOSTAT,203A    ,"KIM, GRACE HYUN JUNG",159.0,3.942767295597484,0.19472900682803623
COM HLT,211B    ,"KIM, GRACE M",19.0,3.7526315789473683,0.2541620308978871
EDUC   ,405A    ,"KIM, JANE WHANG",45.0,3.9866666666666664,0.06182412330330466
EDUC   ,405C    ,"KIM, JANE WHANG",59.0,3.9322033898305087,0.2573928462033175
EDUC   ,405B    ,"KIM, JANE WHANG",61.0,3.9836065573770494,0.09612206697881345
EDUC   ,492     ,"KIM, JANE WHANG",28.0,4.0,0.0
SPAN   ,100A    ,"KIM, JI YOUNG",59.0,3.8508474576271183,0.38680476455618645
SPAN   ,160     ,"KIM, JI YOUNG",133.0,3.8210526315789477,0.568344467132515
LING   ,191A    ,"KIM, JI YOUNG",14.0,4.0,0.0
POL SCI,151C    ,"KIM, JIYOUNG",40.0,3.6849999999999996,0.5116395215383581
HIST   ,97D     ,"KIM, KEVIN Y",35.0,3.74,0.28
HIST   ,187D    ,"KIM, KEVIN Y",37.0,3.745945945945946,0.3373943034449132
HIST   ,13C     ,"KIM, KEVIN Y",232.0,3.7874999999999996,0.4947733284562984
HIST   ,144     ,"KIM, KEVIN Y",126.0,3.6952380952380954,0.45996154823021906
MAT SCI,90L     ,"KIM, LAURA",30.0,3.893333333333333,0.31615748537011673
MAT SCI,104     ,"KIM, LAURA",61.0,3.091803278688525,0.8657972885769988
MGMT   ,130A    ,"KIM, MARK P",54.0,3.4574074074074073,1.0527920289598638
MGMTFE ,403     ,"KIM, MARK P",277.0,3.5155234657039713,0.38295473475561503
MGMTMFE,401     ,"KIM, MARK P",78.0,3.56025641025641,0.4470242761691468
MGMTFT ,403     ,"KIM, MARK P",175.0,3.5337142857142854,0.42271966877275413
URBN PL,273     ,"KIM, MINJEE",26.0,3.9153846153846152,0.17027648939368195
URBN PL,219     ,"KIM, MINJEE",18.0,3.8277777777777775,0.19380848380569338
COM SCI,230     ,"KIM, MIRYUNG",59.0,3.4898305084745758,0.5010818517169431
COM SCI,130     ,"KIM, MIRYUNG",247.0,3.165991902834008,0.6316687364805912
COM SCI,239     ,"KIM, MIRYUNG",28.0,3.060714285714286,0.554423307664489
ASIA AM,171C    ,"KIM, SOO MEE",51.0,3.9156862745098038,0.5553209808501703
ASIA AM,174B    ,"KIM, SOO MEE",22.0,3.940909090909091,0.21460130243841594
ASIA AM,M124    ,"KIM, SOO MEE",60.0,3.933333333333333,0.5120763831912406
ASIA AM,191C    ,"KIM, SOO MEE",23.0,4.0,0.0
AF AMER,M124    ,"KIM, SOO MEE",39.0,3.787179487179487,0.7459908183869864
ASIA AM,10      ,"KIM, SOO MEE",124.0,3.863709677419355,0.5729570548309367
THEATER,11      ,"KIM, SUK-YOUNG",23.0,3.526086956521739,0.30676062230195894
THEATER,102B    ,"KIM, SUK-YOUNG",296.0,3.6868243243243244,0.6821037976434955
THEATER,113     ,"KIM, SUK-YOUNG",28.0,3.7571428571428567,0.2808514750191072
LAW    ,312     ,"KIM, SUNG HUI",156.0,3.4782051282051283,0.37813558682697873
LAW    ,230     ,"KIM, SUNG HUI",370.0,3.486756756756757,0.35589669055252277
ORL BIO,275     ,"KIM, YONG",25.0,3.1999999999999993,0.4749736834815167
PUB HLT,10      ,"KIM-FARLEY, ROBERT J",34.0,3.6676470588235297,0.44768725180925806
PUB HLT,50B     ,"KIM-FARLEY, ROBERT J",281.0,3.8188612099644135,0.3595669379580906
PUB HLT,50A     ,"KIM-FARLEY, ROBERT J",366.0,3.717486338797814,0.4703448549737276
EPIDEM ,231     ,"KIM-FARLEY, ROBERT J",17.0,3.9823529411764707,0.0705882352941176
MGMTEX ,403     ,"KIMGINA, JESSICA",234.0,3.5354700854700853,0.4405493767770251
MGMTFE ,403     ,"KIMGINA, JESSICA",79.0,3.4177215189873418,0.4479939798620394
MGMT   ,298D    ,"KINBERG, MALI HELED",126.0,3.608730158730159,0.37733817960665433
MGMT   ,180     ,"KINBERG, MALI HELED",16.0,3.76875,0.2930843521923339
FILM TV,294C    ,"KINBERG, MALI HELED",51.0,3.8509803921568624,0.2108549813140402
FILM TV,183B    ,"KINBERG, MALI HELED",258.0,3.7116279069767444,0.34306595450974336
MUSC   ,261E    ,"KINDERMAN, WILLIAM ANDREW",58.0,3.720689655172414,0.316096133723672
MUSCLG ,70      ,"KINDERMAN, WILLIAM ANDREW",43.0,3.5674418604651166,0.530344745373588
MUSC   ,203     ,"KINDERMAN, WILLIAM ANDREW",93.0,3.6537634408602147,0.3046447392587848
MECH&AE,155     ,"KINSEY, ROBERT J",12.0,3.25,1.0087120500916007
ENGCOMP,5W      ,"KIPEN, DAVID MORRIS",68.0,3.652941176470588,0.4815631985387289
ENGCOMP,M138    ,"KIPEN, DAVID MORRIS",16.0,3.725,0.2046338192968113
ENGCOMP,3       ,"KIPEN, DAVID MORRIS",467.0,3.502569593147751,0.45192170326821574
WL ARTS,2       ,"KIRK, JOHANNA CORINNE",10.0,3.6,0.46475800154489005
GREEK  ,200C    ,"KIRKLAND, BRYANT",8.0,3.75,0.6614378277661477
GREEK  ,226     ,"KIRKLAND, BRYANT",4.0,3.925,0.12990381056766573
CLASSIC,171     ,"KIRKLAND, BRYANT",44.0,3.677272727272727,0.45470451762337644
CLASSIC,10      ,"KIRKLAND, BRYANT",282.0,3.7290780141843967,0.50851459487862
CLASSIC,191     ,"KIRKLAND, BRYANT",14.0,3.864285714285714,0.2056597149841138
FILM TV,134     ,"KIRKMAN, TIMOTHY DEAN",14.0,3.235714285714286,0.7852271216998693
PSYCH  ,162     ,"KIRSCH, DYLAN EMILY",146.0,3.9301369863013704,0.2333114395182879
EDUC   ,318C    ,"KIRSCH, JANICE H",32.0,3.853125,0.23046742584365362
MGMT   ,127B    ,"KLEIN, GORDON L",401.0,3.280548628428928,1.029427702545179
MGMT   ,127A    ,"KLEIN, GORDON L",442.0,2.759049773755656,1.2296385085772026
MGMT   ,120B    ,"KLEIN, GORDON L",561.0,3.164349376114082,0.9747132559949448
MGMT   ,108     ,"KLEIN, GORDON L",538.0,2.9526022304832718,0.9790760351839917
ENVIRON,188A    ,"KLEINHESSELINK, ANDREW RING",116.0,3.8103448275862064,0.38110078998661046
COM SCI,212A    ,"KLEINROCK, LEONARD",15.0,3.8,0.2756809750418045
HNRS   ,166     ,"KLENIN, EMILY R",19.0,3.9842105263157896,0.06698906348083078
GENDER ,M164    ,"KLIGMAN, GAIL",32.0,3.571875,0.7001046238777459
SOCIOL ,M164    ,"KLIGMAN, GAIL",156.0,3.2551282051282047,1.0955208848782714
HNRS   ,48      ,"KLIGMAN, GAIL",13.0,3.946153846153846,0.1865285485074176
MUSCLG ,M80     ,"KLIGMAN, MARK L",50.0,3.8720000000000003,0.291917796648303
JEWISH ,M80     ,"KLIGMAN, MARK L",56.0,3.775,0.5015155602200765
MUSCLG ,255     ,"KLIGMAN, MARK L",7.0,4.0,0.0
ETHNMUS,M80     ,"KLIGMAN, MARK L",16.0,3.6687499999999997,0.3600672680208519
BIOMATH,266A    ,"KLOMHAUS, ALEXANDRA",19.0,4.0,0.0
BIOSTAT,200A    ,"KLOMHAUS, ALEXANDRA",43.0,3.655813953488372,0.481423434749733
MUSCLG ,70      ,"KNAPP, RAYMOND L",50.0,3.4979999999999993,0.9525733567552686
DIS STD,M112    ,"KNAPP, RAYMOND L",35.0,3.8485714285714283,0.24999591833402698
MUSCLG ,M112    ,"KNAPP, RAYMOND L",42.0,3.4714285714285724,1.045918533266952
MUSCLG ,M137    ,"KNAPP, RAYMOND L",59.0,3.9677966101694913,0.17509385179857567
LGBTQS ,M137    ,"KNAPP, RAYMOND L",53.0,3.986792452830189,0.09524097708772804
EE BIOL,143     ,"KNOWLES, BEN",302.0,3.954966887417219,0.3027880909854773
EE BIOL,100L    ,"KNOWLES, BEN",44.0,3.9931818181818177,0.04470980812024088
EE BIOL,121     ,"KNOWLES, BEN",278.0,3.9615107913669063,0.27756757857306263
EE BIOL,100     ,"KNOWLES, BEN",119.0,3.9025210084033617,0.29717498590514413
EE BIOL,142     ,"KNOWLES, BEN",354.0,3.9443502824858756,0.29893266141263697
EE BIOL,185     ,"KNOWLES, BEN",81.0,3.7580246913580253,0.6341834835032851
PSYCH  ,120B    ,"KNOWLTON, BARBARA",198.0,3.461616161616162,0.6492741978403472
CLUSTER,73B     ,"KNOWLTON, BARBARA",192.0,3.7932291666666664,0.46323813798373603
PSYCH  ,124B    ,"KNOWLTON, BARBARA",96.0,3.941666666666667,0.1411756195508118
CLUSTER,73A     ,"KNOWLTON, BARBARA",201.0,3.6587064676616916,0.5029626836082851
PSYCH  ,119C    ,"KNOWLTON, BARBARA",104.0,3.5182692307692305,0.4853159999654712
URBN PL,211     ,"KNOX, PARISSH A",80.0,3.5487500000000005,0.4095710408463958
FILM TV,C454C   ,"KNUTZEN, JASON OWEN",13.0,4.0,0.0
ORL BIO,225     ,"KO, JAEMIN",13.0,3.8999999999999995,0.20380986614602722
ORL BIO,226     ,"KO, JAEMIN",24.0,3.804166666666667,0.31021385992390627
LIFESCI,7A      ,"KO, JULIE",2006.0,3.497806580259222,0.7518439774164837
LIFESCI,7C      ,"KO, JULIE",663.0,3.4108597285067876,0.6314552728586897
LIFESCI,107     ,"KO, JULIE",854.0,3.519789227166276,0.8455113345976661
COMPTNG,16B     ,"KO, SEYOON",109.0,3.7541284403669724,0.6073754805132985
BIOSTAT,203C    ,"KO, SEYOON",110.0,3.6418181818181816,0.5236900225032185
COMPTNG,16A     ,"KO, SEYOON",87.0,3.355172413793104,0.8483599621893396
ASIA AM,191A    ,"KOCHAPHUM, ALBERT SITIPONG",14.0,4.0,0.0
ASIA AM,191A    ,"KOCHAPHUM, SITIPONG A",19.0,3.7736842105263158,0.8919771682605228
MAT SCI,90L     ,"KODAMBAKA, SUNEEL",29.0,4.0,0.0
CHEM   ,269B    ,"KOEHLER, CARLA MARIE",43.0,4.0,0.0
CHEM   ,268     ,"KOEHLER, CARLA MARIE",19.0,4.0,0.0
CHEM   ,269E    ,"KOEHLER, CARLA MARIE",42.0,4.0,0.0
CHEM   ,269C    ,"KOEHLER, CARLA MARIE",23.0,4.0,0.0
CHEM   ,153C    ,"KOEHLER, CARLA MARIE",137.0,3.3817518248175182,0.8501797987684113
ARCH&UD,412     ,"KOERNER-AL-RAWI, JULIA",21.0,3.5857142857142854,0.3642156795423418
ARCH&UD,437     ,"KOERNER-AL-RAWI, JULIA",156.0,3.7198717948717945,0.24791951542294463
ARCH&UD,220     ,"KOERNER-AL-RAWI, JULIA",54.0,3.977777777777778,0.07856742013183857
ARCH&UD,223     ,"KOERNER-AL-RAWI, JULIA",93.0,3.6344086021505375,0.4714413095106323
ARCH&UD,411     ,"KOERNER-AL-RAWI, JULIA",21.0,3.7857142857142856,0.2415933503612538
ARCH&UD,403C    ,"KOERNER-AL-RAWI, JULIA",22.0,3.972727272727273,0.0862439361864103
PHYSICS,10      ,"KOGAR, ANSHUL",83.0,3.3228915662650595,0.8319414514276656
PHYSICS,180D    ,"KOGAR, ANSHUL",35.0,3.3200000000000003,0.7752603249416105
PHYSICS,140B    ,"KOGAR, ANSHUL",36.0,3.738888888888889,0.5386597450967116
PHYSICS,115C    ,"KOGAR, ANSHUL",219.0,3.3050228310502283,0.8691686966423926
HIST   ,187F    ,"KOH, CHOON HWEE",15.0,3.733333333333334,0.4237399621885521
HIST   ,105B    ,"KOH, CHOON HWEE",74.0,3.4202702702702705,0.627086728285505
HIST   ,111B    ,"KOH, CHOON HWEE",40.0,3.3325000000000005,1.0481859329336567
HIST   ,200J    ,"KOH, CHOON HWEE",9.0,3.888888888888889,0.2282515398241571
HIST   ,191F    ,"KOH, CHOON HWEE",13.0,3.5,0.5247710123326319
HIST   ,20      ,"KOH, CHOON HWEE",48.0,3.6333333333333333,0.5702095131518667
A&O SCI,90      ,"KOK, JASPER F",57.0,3.42280701754386,0.7548713248916907
A&O SCI,101     ,"KOK, JASPER F",98.0,3.116326530612245,0.9134699348906825
COM LIT,C153    ,"KOMAR, KATHLEEN L",14.0,3.8642857142857143,0.33934210057770575
COM LIT,2CW     ,"KOMAR, KATHLEEN L",412.0,3.5225728155339806,0.5888529099463353
COM LIT,C163    ,"KOMAR, KATHLEEN L",68.0,3.8088235294117645,0.37050652694006664
THEATER,474     ,"KONDRATH, RACHEL ROBB",10.0,3.21,1.1414464507807627
NR EAST,M20     ,"KONSTANTOPOULOS, GINA VASILIKI",30.0,3.2866666666666666,1.0868098065234577
RELIGN ,M70     ,"KONSTANTOPOULOS, GINA VASILIKI",59.0,3.761016949152542,0.45881828652714934
ASIAN  ,M20     ,"KONSTANTOPOULOS, GINA VASILIKI",23.0,3.7260869565217387,0.3914492485338218
AN N EA,C106C   ,"KONSTANTOPOULOS, GINA VASILIKI",19.0,3.810526315789473,0.29539400421899537
SEASIAN,M20     ,"KONSTANTOPOULOS, GINA VASILIKI",29.0,3.317241379310345,1.0428968162393801
AN N EA,C106B   ,"KONSTANTOPOULOS, GINA VASILIKI",11.0,3.6454545454545455,0.6800583348823652
AN N EA,M70     ,"KONSTANTOPOULOS, GINA VASILIKI",272.0,3.824632352941176,0.6332251807544631
AN N EA,C106A   ,"KONSTANTOPOULOS, GINA VASILIKI",19.0,3.668421052631579,0.45543805584808283
SEMITIC,141     ,"KONSTANTOPOULOS, GINA VASILIKI",7.0,3.914285714285714,0.1355261854357876
SLAVC  ,M20     ,"KONSTANTOPOULOS, GINA VASILIKI",29.0,3.5999999999999996,0.9040140371201902
AN N EA,140A    ,"KONSTANTOPOULOS, GINA VASILIKI",9.0,3.711111111111111,0.6172419738813845
AN N EA,150A    ,"KONSTANTOPOULOS, GINA VASILIKI",28.0,3.753571428571429,0.37367111480661214
I E STD,M20     ,"KONSTANTOPOULOS, GINA VASILIKI",25.0,3.8160000000000003,0.28800000000000003
LBR STD,10      ,"KOONSE, TIA FRANCES",70.0,3.6528571428571426,0.8677921786384817
MSC IND,116A    ,"KOP, LAUREN DANIELLE",41.0,3.8829268292682926,0.2775348266648668
YIDDSH ,10      ,"KORAL, MIRIAM R",134.0,3.7298507462686565,0.7345452294727903
PSYCTRY,79      ,"KORB, ALEXANDER",1624.0,3.841256157635468,0.4429912857053194
BIOMATH,M261    ,"KORENMAN, STANLEY G",47.0,3.889361702127659,0.5795207273488068
COM SCI,M51A    ,"KORF, RICHARD E",159.0,3.4396226415094344,0.9121830107067076
GENDER ,205     ,"KORKMAN, ZEYNEP K",12.0,4.0,0.0
GENDER ,10      ,"KORKMAN, ZEYNEP K",720.0,3.8520833333333333,0.5865824691000879
GENDER ,185     ,"KORKMAN, ZEYNEP K",158.0,3.7658227848101267,0.600608568153236
GENDER ,141     ,"KORKMAN, ZEYNEP K",261.0,3.8727969348659004,0.4709038274459538
ARTS ED,107     ,"KORN, CHRISTINA TONGES",16.0,3.7750000000000004,0.43084219849035216
NEUROSC,186     ,"KORNBLUM, HARLEY I",105.0,3.679047619047619,0.6271166426165965
LAW    ,112     ,"KOROBKIN, RUSSELL",53.0,3.4981132075471693,0.3444933748234628
LAW    ,972     ,"KOROBKIN, RUSSELL",182.0,3.6571428571428575,0.345184409113641
LAW    ,763     ,"KOROBKIN, SARAH ANN",87.0,3.6264367816091947,0.31820609605514083
SLAVC  ,90      ,"KOROPECKYJ, ROMAN",141.0,3.265248226950355,0.7101079545940233
C&EE ST,125     ,"KOROPECKYJ, ROMAN",7.0,3.2285714285714286,0.34106675389466634
PEDS   ,199     ,"KOSACK, AMANDA S",74.0,3.9918918918918918,0.04864864864864862
NURSING,152A    ,"KOSER SCHWARTZ, BETH",170.0,3.9482352941176475,0.1901156086087573
NURSING,152B    ,"KOSER SCHWARTZ, BETH",124.0,3.9798387096774195,0.08888179782965598
NURSING,406     ,"KOSER SCHWARTZ, BETH",15.0,3.96,0.10198039027185564
NURSING,252A    ,"KOSER SCHWARTZ, BETH",68.0,3.9588235294117644,0.12155281364571659
PUB AFF,M161    ,"KOSLOV, ELIZABETH C",66.0,3.9863636363636368,0.0624896685675796
ENVIRON,M167    ,"KOSLOV, ELIZABETH C",135.0,3.9659259259259256,0.14306846999120437
URBN PL,269     ,"KOSLOV, ELIZABETH C",135.0,4.0,0.0
CLUSTER,2B      ,"KOSLOV, ELIZABETH C",146.0,3.844520547945206,0.3353654359130935
COMM   ,178     ,"KOULLOUKIAN, NAZO LEON",78.0,3.5961538461538463,0.4112028346244172
ARMENIA,101A    ,"KOULOUJIAN, HAGOP",18.0,3.761111111111111,0.9147792015860007
ARMENIA,102B    ,"KOULOUJIAN, HAGOP",27.0,3.988888888888889,0.05665577237325313
ARMENIA,102A    ,"KOULOUJIAN, HAGOP",12.0,4.0,0.0
ARMENIA,171     ,"KOULOUJIAN, HAGOP",25.0,4.0,0.0
ARMENIA,188     ,"KOULOUJIAN, HAGOP",27.0,4.0,0.0
ARMENIA,101C    ,"KOULOUJIAN, HAGOP",22.0,3.959090909090909,0.10295228775369199
ARMENIA,101B    ,"KOULOUJIAN, HAGOP",32.0,3.971875,0.08744417862270759
ARMENIA,102C    ,"KOULOUJIAN, HAGOP",31.0,3.948387096774194,0.2339988526880275
MATH   ,179     ,"KOVACOVA, GABRIELA",74.0,2.7743243243243243,1.2032681634582172
MATH   ,164     ,"KOVACOVA, GABRIELA",312.0,2.7131410256410255,1.0327895412532142
EE BIOL,161     ,"KRAFT, NATHAN",228.0,3.199122807017544,0.9536169018241824
EE BIOL,161     ,"KRAFT, NATHAN JARED BOARDMAN",103.0,3.438834951456311,0.9056707013925757
PSYCH  ,124E    ,"KRAJBICH, IAN MICHAEL",115.0,3.505217391304348,0.7421289561279963
ART    ,147A    ,"KRAJNAK, TARRAH",15.0,3.96,0.10198039027185564
ART    ,274     ,"KRAJNAK, TARRAH",29.0,3.9896551724137934,0.05473968229788805
MGMTEX ,439     ,"KRAMER, TERRY D",146.0,3.43013698630137,0.4392349923389839
MGMT   ,458B    ,"KRAMER, TERRY D",169.0,3.4526627218934913,0.4492024607462879
MGMT   ,298D    ,"KRAMER, TERRY D",240.0,3.4066666666666667,0.4583909054750347
MGMT   ,248     ,"KRAMER, TERRY D",59.0,3.422033898305085,0.4357218038798709
MGMT   ,241A    ,"KRAMER, TERRY D",396.0,3.396969696969697,0.45978794968733794
NEURO  ,201     ,"KRANTZ, DAVID E",15.0,3.893333333333333,0.19821424996424675
PSYCH  ,M116A   ,"KRASNE, FRANK",211.0,3.2890995260663507,0.8185205961965034
PSYCH  ,15      ,"KRASNE, FRANK",150.0,2.7620000000000005,0.922219785806688
EDUC   ,458C    ,"KRATZER, CINDY C",49.0,3.9877551020408166,0.05935934519285297
EDUC   ,272     ,"KRATZER, CINDY C",111.0,3.9855855855855857,0.08148049769077487
EDUC   ,296K    ,"KRATZER, CINDY C",104.0,3.9846153846153842,0.10540145850803632
EDUC   ,458A    ,"KRATZER, CINDY C",50.0,3.9819999999999998,0.07124605252222746
EDUC   ,458B    ,"KRATZER, CINDY C",49.0,3.9755102040816324,0.08214127264284937
PHYSICS,230A    ,"KRAUS, PER J",9.0,3.966666666666667,0.09428090415820628
PHYSICS,237B    ,"KRAUS, PER J",4.0,4.0,0.0
PHYSICS,232B    ,"KRAUS, PER J",8.0,3.5,1.3228756555322954
PHYSICS,132     ,"KRAUS, PER J",27.0,3.3222222222222224,0.7828406646137128
PHYSICS,215A    ,"KRAUS, PER J",32.0,3.39375,0.5225762504171042
HIST   ,119A    ,"KREINER, JAMIE",25.0,3.052,1.235838177108961
COMM   ,130     ,"KREISS, ELISA",96.0,3.814583333333333,0.4804466599483813
COMM   ,188C    ,"KREISS, ELISA",111.0,3.8063063063063063,0.39893535778363926
SOC SC ,401     ,"KREMER-SADLIK, TAMAR",74.0,3.9594594594594597,0.14788501643572385
PSYCH  ,135     ,"KREMS, JAIMIE ARONA",618.0,3.6841423948220067,0.5220766900931332
PSYCH  ,220B    ,"KREMS, JAIMIE ARONA",12.0,4.0,0.0
RUSSN  ,6       ,"KRESIN, SUSAN C",11.0,3.872727272727273,0.26998622554395457
RUSSN  ,5       ,"KRESIN, SUSAN C",10.0,4.0,0.0
RUSSN  ,101A    ,"KRESIN, SUSAN C",12.0,3.225,1.1569536147429018
C&EE ST,91      ,"KRESIN, SUSAN C",43.0,3.9465116279069763,0.21387764075197058
C&EE ST,31      ,"KRESIN, SUSAN C",162.0,3.8358024691358024,0.5025388976960958
RUSSN  ,101B    ,"KRESIN, SUSAN C",8.0,3.75,0.4330127018922193
RUSSN  ,101C    ,"KRESIN, SUSAN C",7.0,3.3714285714285714,0.6776309271789385
CESC   ,98A     ,"KRETZ, SHELBY MARIE",42.0,3.957142857142857,0.1049781318335647
MATH   ,156     ,"KRISHNAGOPAL, SANJUKTA",43.0,3.225581395348837,0.5331316095883258
MATH   ,168     ,"KRISHNAGOPAL, SANJUKTA",33.0,3.2151515151515153,0.6015743043962447
CLUSTER,73A     ,"KRISTAL, EFRAIN",454.0,3.655286343612335,0.4975320430548836
COM LIT,1B      ,"KRISTAL, EFRAIN",61.0,3.5655737704918034,0.7056877231401305
COM LIT,284     ,"KRISTAL, EFRAIN",9.0,4.0,0.0
ANTHRO ,253     ,"KROSKRITY, PAUL V",21.0,4.0,0.0
ANTHRO ,155     ,"KROSKRITY, PAUL V",69.0,3.505797101449275,0.8258301151702044
ANTHRO ,M156    ,"KROSKRITY, PAUL V",85.0,3.635294117647059,0.7728793958656378
AM IND ,M162    ,"KROSKRITY, PAUL V",8.0,3.6375,0.3903123748998999
MUSC   ,255     ,"KROUSE, IAN",9.0,4.0,0.0
MUSC   ,256     ,"KROUSE, IAN",12.0,3.9166666666666665,0.20344259359556174
MUSC   ,104A    ,"KROUSE, IAN",9.0,3.966666666666667,0.09428090415820628
HUM GEN,236B    ,"KRUGLYAK, LEONID",12.0,3.891666666666666,0.2099933861392359
HUM GEN,236A    ,"KRUGLYAK, LEONID",25.0,3.9,0.2190890230020664
RUSSN  ,100B    ,"KUDYMA, ANNA",28.0,3.7857142857142856,0.25172871695294424
RUSSN  ,108     ,"KUDYMA, ANNA",10.0,4.0,0.0
RUSSN  ,102B    ,"KUDYMA, ANNA",22.0,3.8318181818181816,0.44963254051236473
RUSSN  ,102C    ,"KUDYMA, ANNA",22.0,3.772727272727273,0.6551764635173546
RUSSN  ,103A    ,"KUDYMA, ANNA",26.0,3.923076923076923,0.1967186438852988
RUSSN  ,107B    ,"KUDYMA, ANNA",27.0,3.940740740740741,0.20047953485517567
RUSSN  ,102A    ,"KUDYMA, ANNA",21.0,3.895238095238095,0.18381199110113125
RUSSN  ,103B    ,"KUDYMA, ANNA",29.0,3.96896551724138,0.09136304344477078
RUSSN  ,103C    ,"KUDYMA, ANNA",17.0,3.823529411764706,0.5128116404165498
RUSSN  ,107A    ,"KUDYMA, ANNA",10.0,4.0,0.0
MECH&AE,157A    ,"KUENNING, NICHOLAS MATTHEW",34.0,3.944117647058824,0.14790930541976655
COM HLT,211B    ,"KUHN, RANDALL",99.0,3.9313131313131313,0.14678126696761787
COM HLT,596     ,"KUHN, RANDALL",13.0,4.0,0.0
COM HLT,M263    ,"KUHN, RANDALL",53.0,3.8679245283018866,0.3124906548976504
COM HLT,212     ,"KUHN, RANDALL",10.0,3.78,0.21354156504062624
COM HLT,212     ,"KUHN, RANDALL S",10.0,3.88,0.1469693845669906
DESMA  ,21      ,"KUMAR, ANNAPURNA",22.0,3.959090909090909,0.10295228775369199
DESMA  ,24      ,"KUMAR, ANNAPURNA",47.0,3.908510638297872,0.35897595915120656
MGMT   ,122     ,"KUMAR, NEHA T",221.0,3.27420814479638,0.7528617692203342
MGMT   ,164     ,"KUMAR, NEHA T",125.0,3.648,0.5636452785218733
COM SCI,111     ,"KUMAR, SAM",132.0,2.8795454545454544,1.0228998170948473
COM SCI,239     ,"KUMAR, SAM",16.0,3.94375,0.1170937124699699
MGMT   ,466B    ,"KUNDU, SHOHINI",35.0,3.471428571428572,0.7169663983245872
MGMT   ,430     ,"KUNDU, SHOHINI",363.0,3.542424242424242,0.427003998880207
MSC IND,112B    ,"KUNEY, AMY KATHRYN",12.0,3.6666666666666665,1.1055415967851332
MSC IND,112A    ,"KUNEY, AMY KATHRYN",158.0,3.9696202531645572,0.13720024207432127
ENGR   ,206     ,"KUNG, KENNETH C",59.0,3.9881355932203393,0.09035663006957181
ENGR   ,204     ,"KUNG, KENNETH C",108.0,3.9879629629629627,0.07783838027010007
ENGR   ,201     ,"KUNG, KENNETH C",387.0,3.949095607235142,0.15457855902723436
ENGR   ,188     ,"KUNG, KENNETH C",13.0,4.0,0.0
ENGR   ,180     ,"KUNG, KENNETH C",261.0,3.9088122605363984,0.3720592576333445
COM SCI,236     ,"KUNG, KENNETH C",34.0,3.9705882352941178,0.1689577248981773
ECON   ,441C    ,"KUNZ, NATHAN ROBERT",94.0,3.927659574468085,0.17709491103561542
ECON   ,441A    ,"KUNZ, NATHAN ROBERT",300.0,3.6563333333333334,0.6500717054465778
ECON   ,442A    ,"KUNZ, NATHAN ROBERT",370.0,3.27027027027027,0.7207221846831978
ECON   ,442B    ,"KUNZ, NATHAN ROBERT",349.0,3.807736389684814,0.30642177305543805
ECON   ,441B    ,"KUNZ, NATHAN ROBERT",68.0,3.9367647058823527,0.4823058621214117
ECON   ,443     ,"KUNZ, NATHAN ROBERT",124.0,3.9040322580645164,0.44239071797056734
ECON   ,447     ,"KUNZ, NATHAN ROBERT",86.0,3.953488372093023,0.42881602126943663
HLT POL,206     ,"KUO, ALICE ANN",71.0,3.880281690140845,0.34706808939865613
HLT POL,M428    ,"KUO, ALICE ANN",72.0,3.9736111111111105,0.15898380032390752
HLT POL,M449A   ,"KUO, ALICE ANN",39.0,3.9666666666666663,0.1638218753329568
COM HLT,M436A   ,"KUO, ALICE ANN",23.0,3.9869565217391307,0.06117933599769687
COM HLT,M428    ,"KUO, ALICE ANN",20.0,3.97,0.08999999999999994
HLT POL,140     ,"KUO, ALICE ANN",96.0,3.8802083333333326,0.2564256681065468
COM HLT,M237    ,"KUO, ALICE ANN",11.0,4.0,0.0
HLT POL,596     ,"KUO, ALICE ANN",16.0,4.0,0.0
HLT POL,243     ,"KUO, ALICE ANN",27.0,4.0,0.0
PUB AFF,128     ,"KUO, ALICE ANN",91.0,3.9373626373626376,0.1879024481815092
ARCH&UD,401     ,"KUO, MAX",21.0,3.7238095238095235,0.2447637576361219
ARCH&UD,121     ,"KUO, MAX",48.0,3.566666666666667,0.6995037923811104
ARCH&UD,123     ,"KUO, MAX",31.0,3.729032258064516,0.18698550640244438
ARCH&UD,223     ,"KUO, MAX",85.0,3.7870588235294114,0.24771341852282244
ARCH&UD,412     ,"KUO, MAX",11.0,3.6818181818181817,0.28862741575250084
ARCH&UD,411     ,"KUO, MAX",32.0,3.63125,0.3468046099751271
ARCH&UD,289     ,"KUO, MAX",11.0,3.7,0.2763397118831031
ARCH&UD,415     ,"KUO, MAX",10.0,3.6,0.2683281572999749
ARCH&UD,414     ,"KUO, MAX",10.0,3.7399999999999998,0.2576819745345026
MOL BIO,254A    ,"KURDISTANI, SIAVASH K",10.0,3.6,0.2683281572999749
COM SCI,M51A    ,"KURTZ, KEITH",449.0,3.8369710467706013,0.4771534951763823
DGT HUM,101     ,"KURTZ, WENDY",241.0,3.8526970954356847,0.5004593196808947
DGT HUM,187     ,"KURTZ, WENDY",123.0,3.886991869918699,0.5138661604233253
DGT HUM,250     ,"KURTZ, WENDY",12.0,3.9499999999999997,0.11180339887498941
DGT HUM,150     ,"KURTZ, WENDY",85.0,3.9329411764705884,0.2582239043448273
DGT HUM,131     ,"KURTZ, WENDY",75.0,3.965333333333333,0.18938027587076983
PHYSICS,1B      ,"KUSENKO, ALEXANDER",354.0,3.2621468926553665,0.6710156909630304
PHYSICS,1A      ,"KUSENKO, ALEXANDER",708.0,2.9425141242937856,0.9083964303426458
EPIDEM ,200A    ,"KUSTERS, CYNTHIA DJ",44.0,3.472727272727272,0.3851585484420884
EDUC   ,405B    ,"KWON, LEONA JI HYUN",47.0,3.9361702127659575,0.23377160331609143
EDUC   ,405C    ,"KWON, LEONA JI HYUN",48.0,3.90625,0.25116914121762646
EDUC   ,320B    ,"KWON, LEONA JI HYUN",23.0,3.973913043478261,0.08453140041401552
EDUC   ,123     ,"KWON, LEONA JI HYUN",28.0,3.957142857142857,0.1049781318335647
EDUC   ,405A    ,"KWON, LEONA JI HYUN",47.0,3.9936170212765956,0.043291467977395304
ART HIS,C131C   ,"KWON, MIWON",117.0,3.7085470085470087,0.7095891009835487
CHEM   ,244A    ,"KWON, OHYUN",110.0,3.5190909090909095,0.4413811905506405
CHEM   ,247     ,"KWON, OHYUN",126.0,4.0,0.0
CHEM   ,30C     ,"KWON, OHYUN",214.0,2.630841121495328,1.0411093306224004
CHEM   ,89      ,"KWON, OHYUN",15.0,3.98,0.07483314773547878
SCAND  ,50W     ,"LA PALM, KIMBERLY J",11.0,4.0,0.0
MGMT   ,295D    ,"LABRAN, RENEE ELIZABETH",111.0,3.499099099099099,0.42880422368656845
AF AMER,M155    ,"LACAYO, CELIA O",33.0,3.5636363636363635,0.588175495258975
POL SCI,M184A   ,"LACAYO, CELIA O",18.0,3.494444444444444,0.6595218994108301
CCAS   ,M143B   ,"LACAYO, CELIA O",55.0,3.5109090909090908,1.1510742377563865
CCAS   ,143B    ,"LACAYO, CELIA O",151.0,3.6099337748344373,0.7478671630894569
CCAS   ,100XP   ,"LACAYO, CELIA O",60.0,3.8399999999999994,0.31262330900515617
SOCIOL ,1       ,"LACAYO, CELIA O",64.0,3.7125000000000004,0.45876873258756423
AF AMER,M154C   ,"LACAYO, CELIA O",142.0,3.1929577464788728,1.067816508959376
HUM GEN,412     ,"LAJONCHERE, CLARA M",20.0,3.8549999999999995,0.267348087705897
HUM GEN,411     ,"LAJONCHERE, CLARA M",20.0,3.8349999999999995,0.2920188350089768
HLT ADM,400     ,"LAKE, SETH",17.0,3.364705882352941,0.7062254068351801
HIST   ,22      ,"LAL, VINAY",165.0,3.4745454545454555,0.7427756743993027
HIST   ,9A      ,"LAL, VINAY",76.0,3.5578947368421043,0.5242195095404458
HIST   ,175C    ,"LAL, VINAY",24.0,3.1833333333333336,1.0538289973024826
HIST   ,175A    ,"LAL, VINAY",38.0,3.3210526315789473,0.7619773082464782
MGMTFE ,402     ,"LAM, TAI",484.0,3.484710743801652,0.39298302779191957
PBMED  ,216     ,"LAMB, JAMES MICHAEL",19.0,3.9842105263157896,0.06698906348083078
COMM   ,270     ,"LAMBERSON, PETER JOHN",15.0,3.8866666666666663,0.294089933334837
COMM   ,156     ,"LAMBERSON, PETER JOHN",370.0,3.3802702702702705,0.7155530330941218
COMM   ,150     ,"LAMBERSON, PETER JOHN",276.0,3.2115942028985507,0.9054242710967226
PSYCH  ,10      ,"LAMPARELLI, ALEXANDER",20.0,3.565,0.9670961689511546
SOCIOL ,191V    ,"LANDECKER, HANNAH LOUISE",43.0,3.6302325581395354,0.7705434155315568
SOCIOL ,285A    ,"LANDECKER, HANNAH LOUISE",11.0,3.972727272727273,0.0862439361864103
SOCIOL ,180D    ,"LANDECKER, HANNAH LOUISE",62.0,3.4338709677419352,0.8460426947945313
SOCIOL ,M136    ,"LANDECKER, HANNAH LOUISE",98.0,3.472448979591837,0.616073910925831
SOC GEN,5       ,"LANDECKER, HANNAH LOUISE",393.0,3.440458015267176,0.6558926818232869
SOC GEN,89      ,"LANDECKER, HANNAH LOUISE",35.0,4.0,0.0
FOOD ST,M136    ,"LANDECKER, HANNAH LOUISE",47.0,3.8234042553191485,0.3725774321676176
SOC GEN,M136    ,"LANDECKER, HANNAH LOUISE",83.0,3.7493975903614456,0.48330526011210034
SOC GEN,196     ,"LANDECKER, HANNAH LOUISE",28.0,4.0,0.0
FILM TV,CM129   ,"LANDIS, DEBORAH NADOOLMAN",27.0,3.4370370370370376,1.1119379639464133
THEATER,CM129   ,"LANDIS, DEBORAH NADOOLMAN",40.0,3.8299999999999996,0.5564171097297422
THEATER,448D    ,"LANDIS, DEBORAH NADOOLMAN",12.0,3.891666666666667,0.28124228384477007
COM HLT,281B    ,"LANG, CATHY M",17.0,4.0,0.0
COM HLT,292     ,"LANG, CATHY M",74.0,3.9486486486486485,0.16128139186849397
ENGCOMP,50      ,"LANG, JACOB WARREN",24.0,3.6833333333333336,0.48705463987341524
ENGCOMP,3D      ,"LANG, JACOB WARREN",21.0,3.6619047619047613,0.5618644053304358
ENGCOMP,3       ,"LANG, JACOB WARREN",149.0,3.6221476510067108,0.6042184632676683
HIST   ,187A    ,"LANGDON, JOHN S",53.0,3.5735849056603777,0.645784864988049
HIST   ,116A    ,"LANGDON, JOHN S",193.0,3.0968911917098447,0.8532113512620505
HIST   ,114A    ,"LANGDON, JOHN S",77.0,3.2415584415584413,0.8306390356969418
HIST   ,116B    ,"LANGDON, JOHN S",126.0,2.992063492063492,1.186337780441174
BIOMATH,205     ,"LANGE, KENNETH L",16.0,3.9375,0.24206145913796356
BIOMATH,210     ,"LANGE, KENNETH L",10.0,3.97,0.08999999999999996
LAW    ,298     ,"LANGER, MAXIMO",69.0,3.5362318840579707,0.5853206762586391
LAW    ,202     ,"LANGER, MAXIMO",130.0,3.525384615384616,0.36189916539992156
LAW    ,120     ,"LANGER, MAXIMO",87.0,3.457471264367816,0.3637708587559078
LAW    ,309     ,"LANGER, MAXIMO",46.0,3.489130434782608,0.3973982018238816
LAW    ,614     ,"LANGER, MAXIMO",72.0,3.765277777777778,0.29304897306983346
CHEM   ,153C    ,"LANNAN, RYAN",171.0,3.1964912280701756,1.1277413506724936
CHEM   ,153L    ,"LANNAN, RYAN",23.0,3.117391304347826,1.0200819122749274
CHEM   ,153B    ,"LANNAN, RYAN",189.0,3.2238095238095235,0.9813144654599448
LIFESCI,30A     ,"LANNAN, RYAN",86.0,2.9127906976744184,1.1529332169315638
CHEM   ,153A    ,"LANNAN, RYAN",4674.0,3.3017971758664952,0.9329609376573172
CHEM   ,14C     ,"LANNAN, RYAN",335.0,3.2883582089552243,0.8960686890897045
LAW    ,108B    ,"LANNING, DEIRDRE P",73.0,3.4835616438356163,0.3741707538669379
LAW    ,707     ,"LANNING, DEIRDRE P",46.0,4.0,0.0
LAW    ,572B    ,"LANNING, DEIRDRE P",157.0,3.9980891719745224,0.023866234388783675
ENGR   ,299     ,"LAO, JOSELITO",59.0,3.828813559322034,0.37779505136130875
ENGR   ,214     ,"LAO, JOSELITO",127.0,3.6590551181102366,0.4492082852933227
NAV SCI,20B     ,"LAREDO, JONATHAN DAVID PAUL",11.0,3.872727272727273,0.26998622554395457
EE BIOL,132     ,"LARISON, BRENDA JEAN",27.0,3.5703703703703704,0.5332047170020124
EE BIOL,100     ,"LARISON, BRENDA JEAN",234.0,3.234615384615385,0.6609680009084041
EE BIOL,114A    ,"LARISON, BRENDA JEAN",24.0,3.641666666666667,0.4386690729417285
EE BIOL,100L    ,"LARISON, BRENDA JEAN",77.0,3.7090909090909094,0.37422884108760374
MGMTEX ,439     ,"LARKIN, IAN ISRAEL",139.0,3.7057553956834535,0.31205279579419404
MGMT   ,298D    ,"LARKIN, IAN ISRAEL",345.0,3.708985507246377,0.40217576706714575
PHYSICS,1C      ,"LARKIN, JAMES E",118.0,3.3372881355932202,0.7795910064366205
ASTR   ,4       ,"LARKIN, JAMES E",113.0,3.4017699115044246,0.8640286684940716
ASTR   ,3       ,"LARKIN, JAMES E",381.0,3.2015748031496054,0.8552126028716635
ASTR   ,115     ,"LARKIN, JAMES E",66.0,2.9757575757575756,0.8890002225961147
ASTR   ,117     ,"LARKIN, JAMES E",96.0,3.2083333333333335,0.8316232453594731
ASTR   ,127     ,"LARKIN, JAMES E",41.0,3.0414634146341464,0.9398950667315947
SOCIOL ,145     ,"LARKINS, SHERRY A",275.0,3.7450909090909086,0.585711293222407
SOCIOL ,20      ,"LARKINS, SHERRY A",451.0,3.2847006651884705,0.7515312300748572
POL SCI,126     ,"LARSON, DEBORAH W",118.0,3.8940677966101696,0.2975300505778198
LIFESCI,107     ,"LASKI, FRANK A",323.0,3.417647058823529,0.6470447507616869
C&EE   ,156B    ,"LAU, SIM-LIN",65.0,3.9169230769230774,0.19340609390544888
C&EE   ,156A    ,"LAU, SIM-LIN",126.0,3.9198412698412697,0.20510153941743922
ART    ,11E     ,"LAUB, TALIESIN KADENCE",53.0,3.988679245283019,0.05716700908506833
ART    ,148     ,"LAUB, TALIESIN KADENCE",13.0,3.9076923076923076,0.13846153846153839
ITALIAN,1       ,"LAVAGNINO, CLAIRE G",85.0,3.6011764705882356,0.6047836983577748
ITALIAN,5       ,"LAVAGNINO, CLAIRE G",14.0,3.857142857142857,0.3040542379113252
ITALIAN,3       ,"LAVAGNINO, CLAIRE G",87.0,3.68735632183908,0.708698758645739
ITALIAN,191     ,"LAVAGNINO, CLAIRE G",17.0,3.9823529411764707,0.0705882352941176
ITALIAN,6       ,"LAVAGNINO, CLAIRE G",13.0,3.6692307692307695,1.062207147249838
ITALIAN,42B     ,"LAVAGNINO, CLAIRE G",21.0,4.0,0.0
CHEM   ,14B     ,"LAVELLE, LAURENCE",3751.0,3.262410023993602,0.7629692333389905
CHEM   ,14A     ,"LAVELLE, LAURENCE",2353.0,3.2926051848703777,0.7741662173001457
MECH&AE,157W    ,"LAVINE, ADRIENNE G",29.0,3.7172413793103454,0.33740282434200153
MECH&AE,157     ,"LAVINE, ADRIENNE G",60.0,3.751666666666667,0.4462778158153157
MECH&AE,105D    ,"LAVINE, ADRIENNE G",218.0,3.2990825688073397,0.7212368851899762
COM SCI,174A    ,"LAW, ASISH",1034.0,3.2836557059961318,0.784961272086935
PHILOS ,151A    ,"LAWRENCE, GAVIN",169.0,3.3360946745562132,0.7823868142622311
PHILOS ,M101A   ,"LAWRENCE, GAVIN",86.0,3.6267441860465115,0.41101813987147484
PHILOS ,202     ,"LAWRENCE, GAVIN",12.0,3.975,0.08291561975888495
PHILOS ,3       ,"LAWRENCE, GAVIN",413.0,3.5539951573849877,0.5654840177323225
AF AMER,M173    ,"LAWSON, JAMES M, JR",30.0,3.9133333333333336,0.36307330144506933
CCAS   ,M173    ,"LAWSON, JAMES M, JR",29.0,3.86551724137931,0.2563347246902869
CHEM   ,153B    ,"LAWSON, MICHAEL",296.0,3.302027027027027,0.7738958651397168
CHEM   ,268     ,"LAWSON, MICHAEL",67.0,4.0,0.0
NURSING,239C    ,"LAZAR, JOHN",35.0,3.922857142857143,0.20295772154489194
NURSING,224     ,"LAZAR, JOHN",139.0,3.944604316546762,0.15369439071339952
NURSING,402     ,"LAZAR, JOHN",27.0,3.977777777777778,0.07856742013183857
ANTHRO ,129     ,"LAZAREFF, JORGE",317.0,3.794637223974764,0.33218938804423326
LIFESCI,7A      ,"LAZAZZERA, BETH ANN",1159.0,3.53839516824849,0.6860632937122075
NEUROSC,102     ,"LE BELLE, JANEL",686.0,3.0246355685131197,1.1799303599626985
NEUROSC,186     ,"LE BELLE, JANEL",105.0,3.679047619047619,0.6271166426165965
NEUROSC,142     ,"LE BELLE, JANEL",143.0,3.9454545454545458,0.37336632918094276
SOC GEN,164     ,"LE GOFF, ANNE G",63.0,3.619047619047619,0.668772185297553
MUSCLG ,12W     ,"LE GUIN, ELISABETH COVEL",54.0,3.8574074074074076,0.40120275277472756
M PHARM,251     ,"LE, THUC M",86.0,3.9965116279069766,0.03216120159520773
MSC IND,55      ,"LEAF, DAVID A",109.0,3.829357798165138,0.6263777844569577
MSC IND,4       ,"LEAF, DAVID A",452.0,3.782964601769911,0.5887192252513872
MSC IND,29      ,"LEAF, DAVID A",483.0,3.891925465838509,0.39890769418742206
MSC IND,6       ,"LEAF, DAVID A",137.0,3.8656934306569335,0.38916679782091734
INF STD,233     ,"LEAHEY SUGIMOTO, MONIQUE CHRISTINE",24.0,3.8375,0.2735758578529911
ECON   ,11      ,"LEAL NEGRETE, FELIPE IGNACIO",24.0,3.658333333333333,0.4803789013777447
PUB AFF,137     ,"LEAP, JORJA JEAN MANOS",165.0,3.8727272727272726,0.41390434209816346
SOC WLF,290D    ,"LEAP, JORJA JEAN MANOS",95.0,3.5736842105263156,0.4549633938578933
PUB AFF,114     ,"LEAP, JORJA JEAN MANOS",1162.0,3.8864027538726336,0.4017444357573001
INF STD,260     ,"LEAZER, GREGORY HART",287.0,3.879094076655053,0.3947149302560071
INF STD,213     ,"LEAZER, GREGORY HART",13.0,4.0,0.0
PSYCH  ,273C    ,"LEBEAU, RICHARD THOMAS",10.0,4.0,0.0
URBN PL,281     ,"LECLERC, GUSTAVO",74.0,3.9540540540540534,0.12432432432432429
ARCH&UD,289     ,"LECLERC, GUSTAVO",91.0,3.96043956043956,0.10150420429675149
CHEM   ,153A    ,"LEE, ANTHONY",166.0,3.083734939759036,0.8575184298042299
SOCIOL ,191F    ,"LEE, CHING KWAN",14.0,3.5214285714285714,0.4945106837334565
SOCIOL ,217C    ,"LEE, CHING KWAN",10.0,3.9,0.21908902300206648
SOCIOL ,217A    ,"LEE, CHING KWAN",11.0,3.9181818181818184,0.1336085314245369
SOCIOL ,285A    ,"LEE, CHING KWAN",12.0,3.9499999999999997,0.11180339887498941
SOCIOL ,181A    ,"LEE, CHING KWAN",259.0,3.138223938223938,1.1332319295811992
EDUC   ,160     ,"LEE, CHRISTINE",28.0,3.875,0.27982775314212743
HLT ADM,407     ,"LEE, CHRISTOPHER",40.0,3.9425,0.22123234392827826
EDUC   ,405B    ,"LEE, DARLENE O",67.0,3.9298507462686567,0.22261332875916062
EDUC   ,405A    ,"LEE, DARLENE O",73.0,3.9904109589041097,0.08136571180776712
EDUC   ,405C    ,"LEE, DARLENE O",70.0,3.951428571428572,0.2622664169682954
EDUC   ,321A    ,"LEE, DARLENE O",35.0,4.0,0.0
MECH&AE,183A    ,"LEE, DAVID E",63.0,3.5698412698412696,0.3190436705117744
NURSING,204     ,"LEE, EUNICE",66.0,3.640909090909091,0.438308481630085
NURSING,204     ,"LEE, EUNICE EUNKYUNG",69.0,3.9115942028985504,0.20254627804282732
COMPTNG,16A     ,"LEE, HARLIN",54.0,3.9074074074074074,0.33546642590294085
COMPTNG,16B     ,"LEE, HARLIN",27.0,3.7259259259259263,0.541323886475174
ART HIS,185     ,"LEE, HUI-SHU",29.0,3.7241379310344827,0.7645847069347372
ART HIS,29      ,"LEE, HUI-SHU",468.0,3.5786324786324792,0.7913073743208389
ART HIS,C148G   ,"LEE, HUI-SHU",90.0,3.293333333333334,0.8232456093617101
ART HIS,C148E   ,"LEE, HUI-SHU",64.0,3.0343750000000003,0.8732516014156516
ECON   ,103L    ,"LEE, JAMES YUI",136.0,3.313970588235294,0.6259313994216994
ECON   ,103     ,"LEE, JAMES YUI",136.0,3.313970588235294,0.6259313994216994
ECON   ,41      ,"LEE, JAMES YUI",66.0,2.943939393939394,0.8009707723413428
MGMT   ,298E    ,"LEE, JASON J S",24.0,3.9375,0.12183492931011197
MGMTEX ,440     ,"LEE, JASON J S",98.0,3.646938775510204,0.34676466219244345
ETHNMUS,20C     ,"LEE, KATHERINE INYOUNG",20.0,3.8199999999999994,0.4190465367951393
BIOSTAT,100     ,"LEE, MARTIN L",210.0,3.8,0.5147352532636374
BIOSTAT,100A    ,"LEE, MARTIN L",1077.0,3.7197771587743733,0.5601339096743237
BIOSTAT,201A    ,"LEE, MARTIN L",95.0,3.8389473684210524,0.35222443109684465
HLT ADM,412     ,"LEE, MARTIN L",203.0,3.7704433497536955,0.5384829085958651
KOREA  ,50      ,"LEE, NAMHEE",28.0,3.082142857142857,1.1925523562716145
KOREA  ,180C    ,"LEE, NAMHEE",56.0,3.476785714285714,0.6347077706170239
MCD BIO,104AL   ,"LEE, PEIYUN",520.0,3.6471153846153848,0.6214679784388348
MCD BIO,104BL   ,"LEE, PEIYUN",82.0,3.924390243902439,0.17005090744930104
MCD BIO,50      ,"LEE, PEIYUN",896.0,3.783482142857143,0.4372901738087581
ENGL   ,122     ,"LEE, RACHEL C",47.0,3.595744680851064,0.5935674500769526
CLUSTER,M71B    ,"LEE, RACHEL C",701.0,3.809700427960057,0.42936777509593066
GENDER ,202     ,"LEE, RACHEL C",9.0,3.9000000000000004,0.14142135623730942
ENGL   ,260     ,"LEE, RACHEL C",11.0,3.972727272727273,0.0862439361864103
GENDER ,187     ,"LEE, RACHEL C",13.0,3.8,0.5306019803378625
CLUSTER,M71A    ,"LEE, RACHEL C",260.0,3.8273076923076923,0.43018831021835163
PSYCH  ,127C    ,"LEE, STEVE SUNG-YUL",551.0,3.52486388384755,0.8099980560475973
PSYCH  ,401     ,"LEE, STEVE SUNG-YUL",40.0,3.9625,0.09921567416492208
PSYCH  ,189     ,"LEE, STEVE SUNG-YUL",36.0,3.869444444444445,0.2221353997058306
ENGL   ,M107B   ,"LEE, SUMMER KIM",25.0,3.952,0.1099818166789401
ENGL   ,M107A   ,"LEE, SUMMER KIM",46.0,3.893478260869565,0.5851057778440926
ENGL   ,M126    ,"LEE, SUMMER KIM",45.0,3.96,0.10198039027185564
ENGL   ,60      ,"LEE, SUMMER KIM",35.0,3.74,0.6762079139267322
ENGL   ,M191E   ,"LEE, SUMMER KIM",16.0,3.85,0.3181980515339464
GENDER ,M107A   ,"LEE, SUMMER KIM",10.0,4.0,0.0
ENGL   ,M101C   ,"LEE, SUMMER KIM",41.0,3.863414634146342,0.6245998123915026
ENGL   ,191H    ,"LEE, SUMMER KIM",12.0,4.0,0.0
ENGL   ,184     ,"LEE, SUMMER KIM",9.0,4.0,0.0
EPIDEM ,227     ,"LEE, SUNG-JAE",14.0,3.914285714285714,0.1355261854357876
PSYCTRY,176     ,"LEE, SUNG-JAE",97.0,3.9711340206185572,0.10350433317947325
FILM TV,489B    ,"LEE, VIVIAN YUMEMI",10.0,4.0,0.0
FILM TV,489A    ,"LEE, VIVIAN YUMEMI",20.0,4.0,0.0
POL SCI,139     ,"LEE, YUEN-CHING BELLETTE",351.0,3.6985754985754986,0.6624423594756004
POL SCI,159B    ,"LEE, YUEN-CHING BELLETTE",345.0,3.709565217391305,0.6032242709880056
I A STD,191     ,"LEE, YUEN-CHING BELLETTE",12.0,3.4499999999999997,0.5560275772537426
LGBTQS ,183     ,"LEE, YURIM LEE",38.0,3.8210526315789473,0.6469189710656612
ECON   ,102     ,"LEEPIPATPIBOON, PAT",33.0,2.9515151515151516,0.8801243755498982
MUSC   ,20C     ,"LEFKOWITZ, DAVID SAMUEL",44.0,3.340909090909091,0.626069333155167
MUSC   ,20B     ,"LEFKOWITZ, DAVID SAMUEL",46.0,3.282608695652174,0.8328328679941386
MUSC   ,20A     ,"LEFKOWITZ, DAVID SAMUEL",19.0,3.4105263157894736,0.5848029239271937
MUSC   ,120C    ,"LEFKOWITZ, DAVID SAMUEL",38.0,3.505263157894737,0.6561239326213065
MUSC   ,120A    ,"LEFKOWITZ, DAVID SAMUEL",43.0,3.416279069767442,0.7670330130120199
MUSC   ,120B    ,"LEFKOWITZ, DAVID SAMUEL",39.0,3.4256410256410255,0.8164080015430786
NURSING,429C    ,"LEFLORE, GLENDA",11.0,3.754545454545455,0.11570838237598043
PHYSICS,213B    ,"LEIBRANDT, DAVID R",10.0,3.84,0.22449944320643647
PHYSICS,1CH     ,"LEIBRANDT, DAVID R",33.0,3.636363636363636,0.4759794888744694
PHYSCI ,111A    ,"LEITCH, DUNCAN B",228.0,3.3008771929824556,0.7114965219225672
SRB CRO,101C    ,"LEJKO-LACAN, VIKTORIJA",21.0,3.9047619047619047,0.257231025448943
SRB CRO,187J    ,"LEJKO-LACAN, VIKTORIJA",8.0,4.0,0.0
SRB CRO,187K    ,"LEJKO-LACAN, VIKTORIJA",8.0,4.0,0.0
SRB CRO,101A    ,"LEJKO-LACAN, VIKTORIJA",12.0,4.0,0.0
SRB CRO,101B    ,"LEJKO-LACAN, VIKTORIJA",24.0,3.9166666666666665,0.39965262694272663
SRB CRO,103     ,"LEJKO-LACAN, VIKTORIJA",61.0,3.7491803278688525,0.41116505832424255
SRB CRO,187D    ,"LEJKO-LACAN, VIKTORIJA",9.0,4.0,0.0
SRB CRO,187B    ,"LEJKO-LACAN, VIKTORIJA",12.0,4.0,0.0
SRB CRO,187G    ,"LEJKO-LACAN, VIKTORIJA",11.0,4.0,0.0
SRB CRO,102C    ,"LEJKO-LACAN, VIKTORIJA",10.0,4.0,0.0
SRB CRO,102A    ,"LEJKO-LACAN, VIKTORIJA",10.0,4.0,0.0
SRB CRO,102B    ,"LEJKO-LACAN, VIKTORIJA",10.0,4.0,0.0
C&EE ST,130     ,"LEJKO-LACAN, VIKTORIJA",117.0,3.9128205128205122,0.405209339490088
ANTHRO ,3       ,"LEMELSON, ROBERT BUSH",289.0,3.758131487889274,0.5921148274364564
ANTHRO ,139     ,"LEMELSON, ROBERT BUSH",179.0,3.952513966480447,0.22104839980496144
ANTHRO ,137P    ,"LEMELSON, ROBERT BUSH",104.0,3.9038461538461537,0.3094421397770874
URBN PL,254     ,"LEMMON, KATHERINE ELEANOR",40.0,3.6800000000000006,0.22271057451320095
RUSSN  ,M118    ,"LENHOFF, GAIL D",30.0,3.156666666666667,1.126553248729159
RUSSN  ,25      ,"LENHOFF, GAIL D",91.0,3.32967032967033,1.0323870244441038
PUB AFF,M109    ,"LENS, MICHAEL C",372.0,3.839784946236559,0.29499035338564633
URBN PL,M296    ,"LENS, MICHAEL C",14.0,3.642857142857143,0.331046577893042
URBN PL,M275    ,"LENS, MICHAEL C",18.0,3.6333333333333337,0.372677996249965
URBN PL,242     ,"LENS, MICHAEL C",44.0,3.834090909090909,0.2662391114445996
URBN PL,M120    ,"LENS, MICHAEL C",18.0,3.811111111111112,0.3053029258674241
MUSC   ,30B     ,"LENT, JAMES DOUGLAS",15.0,3.7933333333333334,0.34922135609890126
MUSC   ,30A     ,"LENT, JAMES DOUGLAS",22.0,3.8318181818181825,0.232352325802401
MUSC   ,C186A   ,"LENT, JAMES DOUGLAS",116.0,3.975862068965517,0.09524984356505607
STATS  ,231B    ,"LEONG, OSCAR",17.0,3.9,0.27865221840769444
STATS  ,100C    ,"LEONG, OSCAR",73.0,3.317808219178082,0.5993929499298402
GJ STDS,129C    ,"LESURE, JACQUES",17.0,4.0,0.0
ANTHRO ,191HD   ,"LESURE, RICHARD GARDNER",23.0,3.8739130434782605,0.2540410636172442
ANTHRO ,2       ,"LESURE, RICHARD GARDNER",535.0,3.643551401869159,0.5940440405594547
ANTHRO ,111     ,"LESURE, RICHARD GARDNER",188.0,3.2787234042553197,0.7628853878428632
ARCH&UD,289     ,"LEVIN, AYALA",156.0,3.673076923076923,0.37644527539191075
ANTHRO ,283     ,"LEVINE, NANCY",9.0,3.8666666666666663,0.1490711984999859
GENDER ,M154P   ,"LEVINE, NANCY",29.0,3.1517241379310343,0.5424215752340878
ANTHRO ,203B    ,"LEVINE, NANCY",21.0,3.9142857142857146,0.1355261854357876
ANTHRO ,C144M   ,"LEVINE, NANCY",9.0,3.3777777777777778,0.6407942602353873
ANTHRO ,191HB   ,"LEVINE, NANCY",10.0,3.97,0.08999999999999996
ANTHRO ,163Q    ,"LEVINE, NANCY",62.0,3.225806451612903,0.7902501612639706
ANTHRO ,M145P   ,"LEVINE, NANCY",134.0,3.149253731343283,0.8454219355169591
COM LIT,2CW     ,"LEVITZ, TAMARA JUDITH-MARIE",275.0,3.6505454545454543,0.612379615425293
COM LIT,112     ,"LEVITZ, TAMARA JUDITH-MARIE",61.0,3.6836065573770496,0.755131153057306
PUB AFF,172     ,"LEVY, BRIAN DAVID",53.0,3.4698113207547165,0.7808038687028097
PHILOS ,31      ,"LEVY, STEVEN ROBERT",869.0,3.3395857307249712,1.0722239832554552
PHILOS ,132     ,"LEVY, STEVEN ROBERT",48.0,3.672916666666666,0.4613113479226609
PUB AFF,M130    ,"LEVY-STORMS, LENE FAYE",123.0,3.591869918699187,0.7857049546501422
PUB AFF,M129XP  ,"LEVY-STORMS, LENE FAYE",37.0,3.4810810810810806,0.7066624400919219
PUB AFF,116     ,"LEVY-STORMS, LENE FAYE",59.0,3.8305084745762716,0.3289707819121789
GRNTLGY,M108    ,"LEVY-STORMS, LENE FAYE",8.0,3.3000000000000003,0.55
ENGCOMP,2I      ,"LEW, MARY ELIZABETH",29.0,3.3586206896551722,0.7823559650975139
ENGCOMP,131B    ,"LEW, MARY ELIZABETH",37.0,3.8135135135135134,0.29879230982737753
ENGCOMP,M185    ,"LEW, MARY ELIZABETH",12.0,3.891666666666667,0.28124228384477007
STATS  ,422     ,"LEW, VIVIAN",38.0,3.9815789473684213,0.11205088871601986
STATS  ,21      ,"LEW, VIVIAN",235.0,3.9472340425531915,0.20196589271416096
STATS  ,13      ,"LEW, VIVIAN",112.0,3.869642857142857,0.4834473094561683
STATS  ,20      ,"LEW, VIVIAN",74.0,3.843243243243243,0.5487285256725576
STATS  ,101A    ,"LEW, VIVIAN",83.0,3.954216867469879,0.18903764195771758
STATS  ,140XP   ,"LEW, VIVIAN",1.0,4.0,0.0
LAW    ,114     ,"LEW-CORBRIDGE, CONNIE KWAN",20.0,3.665,0.3275286247032464
DIS STD,M162    ,"LEWIS, BENJAMIN",29.0,3.668965517241379,0.8626756485916409
ASL    ,4       ,"LEWIS, BENJAMIN",26.0,3.626923076923077,0.7557765707218445
ASL    ,8       ,"LEWIS, BENJAMIN",51.0,3.7274509803921574,0.3742068377261426
DIS STD,M187D   ,"LEWIS, BENJAMIN",28.0,3.8249999999999997,0.514521275417395
ASL    ,6       ,"LEWIS, BENJAMIN",23.0,3.8260869565217392,0.4405701753354227
ASL    ,5       ,"LEWIS, BENJAMIN",10.0,3.8699999999999997,0.22383029285599393
ASL    ,M115    ,"LEWIS, BENJAMIN",89.0,3.8797752808988766,0.26015543119014467
ASL    ,M187    ,"LEWIS, BENJAMIN",30.0,3.9433333333333334,0.30515933907095527
ASL    ,M121    ,"LEWIS, BENJAMIN",27.0,3.888888888888889,0.22825153982415713
ASL    ,2       ,"LEWIS, BENJAMIN",96.0,3.8125,0.4313858481684349
DIS STD,M115    ,"LEWIS, BENJAMIN",86.0,3.8430232558139537,0.3418624426457596
ASL    ,1       ,"LEWIS, BENJAMIN",113.0,3.6946902654867255,0.8080174259888826
ASL    ,3       ,"LEWIS, BENJAMIN",92.0,3.8923913043478264,0.24857581104650775
ASL    ,2       ,"LEWIS, BENJAMIN J",33.0,3.848484848484849,0.43283505999903826
ASL    ,3       ,"LEWIS, BENJAMIN J",31.0,3.745161290322581,0.7589630913196187
ASL    ,6       ,"LEWIS, BENJAMIN J",13.0,3.930769230769231,0.12639751327042287
ASL    ,1       ,"LEWIS, BENJAMIN J",36.0,3.8055555555555554,0.4068472580195481
ASL    ,8       ,"LEWIS, BENJAMIN J",14.0,3.9071428571428575,0.26312486366276944
ASL    ,4       ,"LEWIS, BENJAMIN J",18.0,3.7222222222222223,0.9312808119022339
ASL    ,5       ,"LEWIS, BENJAMIN J",14.0,3.8857142857142857,0.26687916703242004
POL SCI,200D    ,"LEWIS, JEFFREY B",28.0,3.9250000000000003,0.12990381056766573
POL SCI,200B    ,"LEWIS, JEFFREY B",98.0,3.9051020408163266,0.1960697756784828
POL SCI,209     ,"LEWIS, JEFFREY B",13.0,4.0,0.0
SURGERY,199     ,"LEY, ERIC J",32.0,4.0,0.0
ETHNMUS,68B     ,"LI, CHI",10.0,4.0,0.0
ETHNMUS,168A    ,"LI, CHI",403.0,3.990818858560794,0.0580072250286198
ETHNMUS,168B    ,"LI, CHI",50.0,3.986,0.09800000000000003
ETHNMUS,68A     ,"LI, CHI",388.0,3.985567010309278,0.0815313369918604
ETHNMUS,68C     ,"LI, CHI",34.0,4.0,0.0
ETHNMUS,168C    ,"LI, CHI",33.0,4.0,0.0
BIOSTAT,M215    ,"LI, GANG",42.0,3.9428571428571426,0.11780301787479024
BIOSTAT,202B    ,"LI, GANG",19.0,3.8684210526315788,0.24290485808872264
BIOSTAT,202A    ,"LI, GANG",20.0,3.965,0.15256146302392362
BIOSTAT,402A    ,"LI, GANG",14.0,4.0,0.0
ETHNMUS,10B     ,"LI, GUANGMING",6.0,3.6666666666666665,0.6209312003399053
BIOINFO,229     ,"LI, HUIYING",20.0,3.91,0.13747727084867511
PUB HLT,200B    ,"LI, JIAN",126.0,3.892857142857143,0.4131141068834644
NURSING,50      ,"LI, JIAN",54.0,3.453703703703704,0.771413556512632
STATS  ,M254    ,"LI, JINGYI",31.0,3.8548387096774195,0.1499219359822225
BIOINFO,201     ,"LI, JINGYI",119.0,3.965546218487395,0.11770706752869328
STATS  ,203     ,"LI, JINGYI",23.0,3.891304347826087,0.22633765364904987
STATS  ,100B    ,"LI, JINGYI",45.0,2.991111111111111,0.6386869245994636
BIOINFO,201     ,"LI, JINGYI JESSICA",110.0,3.9627272727272724,0.12199783225279112
BIOINFO,229     ,"LI, JINGYI JESSICA",20.0,3.91,0.13747727084867511
STATS  ,M254    ,"LI, JINGYI JESSICA",64.0,3.9953125,0.03720587781184578
STATS  ,205     ,"LI, JINGYI JESSICA",38.0,3.9578947368421056,0.13500795093032275
STATS  ,203     ,"LI, JINGYI JESSICA",25.0,3.9760000000000004,0.08138795979750317
STATS  ,240     ,"LI, KER-CHAU",16.0,4.0,0.0
STATS  ,100B    ,"LI, KER-CHAU",425.0,3.1644705882352944,0.833946684545457
STATS  ,200B    ,"LI, KER-CHAU",10.0,4.0,0.0
MATH   ,131A    ,"LI, LINFENG",120.0,3.3466666666666667,0.6046945969293555
MATH   ,115B    ,"LI, LINFENG",33.0,3.360606060606061,0.8510027575141001
MATH   ,31B     ,"LI, LINFENG",413.0,3.1958837772397097,0.7702127035879757
MATH   ,32A     ,"LI, LINFENG",423.0,3.595508274231678,0.6374102926194485
MIMG   ,102     ,"LI, MAN HING",359.0,3.321169916434541,0.7290607317059341
CHIN   ,C138    ,"LI, MIN",33.0,3.909090909090909,0.3612802457621527
CHIN   ,50      ,"LI, MIN",296.0,3.7040540540540543,0.5913084870081681
ANTHRO ,116Q    ,"LI, MIN",174.0,3.67183908045977,0.8533639031013649
CHIN   ,295B    ,"LI, MIN",12.0,3.0,1.7320508075688772
CHIN   ,182     ,"LI, MIN",16.0,3.70625,0.9717694878416383
MATH   ,151A    ,"LI, MINCHEN",36.0,3.7249999999999996,0.5504417417957245
MATH   ,164     ,"LI, MINCHEN",45.0,3.586666666666667,0.5157949635702587
A&O SCI,145     ,"LI, QINBIN",34.0,3.8529411764705883,0.32560829419054227
ENVIRON,M111    ,"LI, QINBIN",22.0,3.972727272727273,0.0862439361864103
A&O SCI,2       ,"LI, QINBIN",1965.0,3.8721119592875324,0.4355872496942044
A&O SCI,M100    ,"LI, QINBIN",102.0,3.938235294117647,0.2593521784751681
A&O SCI,2L      ,"LI, QINBIN",343.0,3.862390670553936,0.5892744950079694
A&O SCI,141     ,"LI, QINBIN",116.0,3.856896551724138,0.4939677739612649
MATH   ,164     ,"LI, SHUANG",78.0,3.797435897435898,0.44749283305372733
BIOENGR,C185    ,"LI, SONG",24.0,3.670833333333334,0.3634088224331135
BIOENGR,188     ,"LI, SONG",14.0,3.8500000000000005,0.1499999999999999
BIOENGR,170     ,"LI, SONG",11.0,3.9454545454545453,0.11570838237598043
BIOENGR,C285    ,"LI, SONG",43.0,3.7209302325581395,0.4117789763514672
MECH&AE,183A    ,"LI, XIAOCHUN",257.0,3.4848249027237355,0.47551249076550844
MECH&AE,C297A   ,"LI, XIAOCHUN",241.0,3.6854771784232363,0.3614124557512119
MECH&AE,C183C   ,"LI, XIAOCHUN",19.0,3.615789473684211,0.304809099696216
GEOG   ,120     ,"LI, YUE",32.0,3.6687499999999997,0.8144927485865052
ENVIRON,M131    ,"LI, YUE",19.0,3.9842105263157896,0.06698906348083078
GEOG   ,M131    ,"LI, YUE",86.0,3.9511627906976745,0.20895319718891073
GEOG   ,115     ,"LI, YUE",45.0,3.8333333333333335,0.6289320754704403
GEOG   ,191     ,"LI, YUE",25.0,3.92,0.33585711247493333
CH ENGR,100     ,"LI, YUZHANG",324.0,3.3929012345679013,0.6310232549360449
CH ENGR,108B    ,"LI, YUZHANG",294.0,3.79625850340136,0.3532448436574119
CH ENGR,108A    ,"LI, YUZHANG",285.0,3.823508771929825,0.4097602689295641
PHYSCI ,167     ,"LI, ZHAOPING",375.0,3.8976,0.28259672090572224
BIOMATH,266B    ,"LIANG, LI-JUNG",35.0,3.9285714285714284,0.19059520091609045
POL SCI,6       ,"LIANG, SIYU",25.0,2.6719999999999997,1.4943948608048678
MATH   ,156     ,"LIAO, CHUNYANG",37.0,3.65945945945946,0.9364855114850039
COMPTNG,16A     ,"LIAO, CHUNYANG",184.0,3.5635869565217395,0.6561002732246953
COMPTNG,16B     ,"LIAO, CHUNYANG",78.0,3.8923076923076927,0.37133481704667126
ECON   ,147     ,"LIAO, ZHIPENG",79.0,3.343037974683545,0.9697557495306727
ECON   ,147L    ,"LIAO, ZHIPENG",78.0,3.3858974358974363,0.898535041191959
ECON   ,231A    ,"LIAO, ZHIPENG",12.0,4.0,0.0
ECON   ,231B    ,"LIAO, ZHIPENG",51.0,3.994117647058823,0.041594516540385124
ECON   ,41      ,"LIAO, ZHIPENG",873.0,2.7368843069874,1.0241372897316026
ECON   ,432     ,"LIAO, ZHIPENG",354.0,3.655649717514124,0.5279041295136336
DIS STD,101W    ,"LIBSTER, NATALIE RENEE",20.0,3.55,0.688839603971781
LAW    ,127     ,"LICHTMAN, DOUG G",17.0,3.664705882352941,0.2949400267463924
LAW    ,302     ,"LICHTMAN, DOUG G",29.0,3.5448275862068965,0.4013650903986611
LAW    ,437     ,"LICHTMAN, DOUG G",33.0,3.5545454545454547,0.3551277269931748
ENGR   ,212     ,"LICHTMAN, DOUG G",54.0,3.8074074074074074,0.24933381747713831
LAW    ,307     ,"LICHTMAN, DOUG G",78.0,3.492307692307692,0.34297687399396853
LAW    ,437     ,"LICHTMAN, DOUGLAS G",60.0,3.5866666666666664,0.3612324582438418
LAW    ,306     ,"LICHTMAN, DOUGLAS G",32.0,3.59375,0.38644008267776786
ENGR   ,212     ,"LICHTMAN, DOUGLAS G",113.0,3.7672566371681415,0.2894738828074641
LAW    ,307     ,"LICHTMAN, DOUGLAS G",211.0,3.517061611374407,0.39426323512813977
MGMTFE ,411     ,"LIEBERMAN, ALICEA",196.0,3.4234693877551017,0.4375957085769139
MGMTFT ,411     ,"LIEBERMAN, ALICEA",327.0,3.4284403669724774,0.43727507835494583
MGMT   ,298D    ,"LIEBERMAN, MARVIN B",73.0,3.5589041095890406,0.3204601214428499
MGMT   ,215B    ,"LIEBERMAN, MARVIN B",133.0,3.564661654135338,0.35439145951152307
PSYCH  ,191CH   ,"LIEBERMAN, MATTHEW D",53.0,4.0,0.0
PSYCH  ,191BH   ,"LIEBERMAN, MATTHEW D",55.0,4.0,0.0
PSYCH  ,191AH   ,"LIEBERMAN, MATTHEW D",56.0,4.0,0.0
PSYCH  ,188B    ,"LIEBERMAN, MATTHEW D",33.0,3.790909090909091,0.40554014587628107
PSYCH  ,137N    ,"LIEBERMAN, MATTHEW D",388.0,3.4667525773195873,0.7525919271990034
PSYCH  ,137G    ,"LIEBERMAN, MATTHEW D",213.0,3.7671361502347422,0.4400701664691271
PSYCH  ,135     ,"LIEBERMAN, MATTHEW D",293.0,3.8088737201365186,0.3960424026994962
FILM TV,194     ,"LIEBING, HANS-MARTIN",10.0,4.0,0.0
FILM TV,188A    ,"LIEBING, HANS-MARTIN",353.0,3.9966005665722384,0.0317533286554154
FILM TV,187C    ,"LIEBING, HANS-MARTIN",298.0,3.9989932885906043,0.017349350274779272
FILM TV,187B    ,"LIEBING, HANS-MARTIN",353.0,3.9878186968838527,0.213148662670686
FILM TV,183B    ,"LIEBING, HANS-MARTIN",89.0,3.996629213483146,0.031620780403304
FILM TV,183C    ,"LIEBING, HANS-MARTIN",445.0,3.9862921348314604,0.19766264543108109
FILM TV,183A    ,"LIEBING, HANS-MARTIN",54.0,3.925925925925926,0.5392673992059643
FILM TV,498     ,"LIEBING, HANS-MARTIN",88.0,3.989772727272727,0.054438816213652166
FILM TV,187A    ,"LIEBING, HANS-MARTIN",200.0,3.9985000000000004,0.021160103969498814
PSYCH  ,124L    ,"LIEDER, FALK",93.0,3.9688172043010757,0.15928502526573077
PSYCH  ,120A    ,"LIEDER, FALK",645.0,3.9626356589147287,0.2910273685945661
INF STD,272     ,"LIEVROUW, LEAH A",21.0,3.9523809523809526,0.15922146187905228
LAW    ,700     ,"LIGHT, JASON ALAN",36.0,4.0,0.0
LAW    ,108B    ,"LIGHT, JASON ALAN",50.0,3.4939999999999998,0.3807413820429821
LAW    ,702     ,"LIGHT, JASON ALAN",35.0,4.0,0.0
ART    ,277     ,"LIN, CANDICE C",91.0,3.9967032967032967,0.031275273562104834
ART    ,148A    ,"LIN, CANDICE C",14.0,3.957142857142857,0.1049781318335647
ART    ,148     ,"LIN, CANDICE C",44.0,3.972727272727273,0.0862439361864103
LAW    ,984     ,"LIN, CINDY X",19.0,4.0,0.0
MGMT   ,298D    ,"LIN, DEBBIE WEI-LONG",16.0,2.25625,1.7638625052707482
MECH&AE,157     ,"LIN, NEIL",88.0,3.903409090909091,0.19273678685778817
MECH&AE,157W    ,"LIN, NEIL",77.0,4.0,0.0
MECH&AE,82      ,"LIN, NEIL",239.0,3.6343096234309624,0.7211063706951841
MECH&AE,285     ,"LIN, NEIL",60.0,3.98,0.07483314773547878
NEUROSC,191C    ,"LIN, QUAN",70.0,3.7471428571428564,0.34876165769412065
EC ENGR,121DB   ,"LIN, YOU-SHENG",17.0,3.841176470588236,0.14974025954538644
MUSC   ,C175A   ,"LINDEMANN, JENS H",126.0,4.0,0.0
HNRS   ,M123    ,"LINDHOLM, JENNIFER ANNE",24.0,4.0,0.0
HNRS   ,M123XP  ,"LINDHOLM, JENNIFER ANNE",29.0,4.0,0.0
ENGL   ,M102A   ,"LING, JINQI",52.0,3.6750000000000003,0.5060689372316476
ASIA AM,107     ,"LING, JINQI",22.0,3.5500000000000003,0.7750366560246156
ASIA AM,30      ,"LING, JINQI",119.0,3.8705882352941177,0.5381813354043022
MECH&AE,103     ,"LINOT, ALEC",105.0,3.2066666666666666,0.6622136997427523
BIOENGR,CM278   ,"LINSLEY, CHASE",39.0,3.641025641025641,0.33414103326554884
BIOENGR,CM178   ,"LINSLEY, CHASE",48.0,3.2937500000000006,0.632918586786642
BIOENGR,10      ,"LINSLEY, CHASE",308.0,3.9564935064935067,0.33862313355884444
BIOENGR,176     ,"LINSLEY, CHASE",225.0,3.1582222222222223,0.6785844380076608
BIOENGR,180     ,"LINSLEY, CHASE",304.0,3.37203947368421,0.6562762163342801
EE BIOL,100     ,"LIPMAN, ALISON JEANNIE",1211.0,3.148554913294798,0.809891864155532
EE BIOL,136     ,"LIPMAN, ALISON JEANNIE",85.0,3.5282352941176467,0.3592841787600262
EE BIOL,154     ,"LIPMAN, ALISON JEANNIE",22.0,3.8045454545454547,0.6335163574893797
EE BIOL,183     ,"LIPMAN, ALISON JEANNIE",76.0,3.742105263157895,0.28849115552197513
EE BIOL,100L    ,"LIPMAN, ALISON JEANNIE",427.0,3.8517564402810307,0.22681060545953513
EE BIOL,116     ,"LIPMAN, ALISON JEANNIE",735.0,3.650340136054422,0.42200914805506096
JAPAN  ,130B    ,"LIPPIT, SEIJI MIZUTA",21.0,3.9666666666666663,0.14907119849998604
ASIAN  ,M60W    ,"LIPPIT, SEIJI MIZUTA",31.0,3.832258064516129,0.32367556115124985
JAPAN  ,130C    ,"LIPPIT, SEIJI MIZUTA",13.0,3.930769230769231,0.12639751327042287
ART    ,147     ,"LIPPS, MATTHEW D",26.0,3.8846153846153846,0.31948553318915673
ART    ,11B     ,"LIPPS, MATTHEW D",14.0,3.835714285714286,0.3676316923559363
ENGCOMP,3       ,"LISOVSKY, KARL F",63.0,3.471428571428571,0.5610162466675482
ENGCOMP,2       ,"LISOVSKY, KARL F",63.0,3.333333333333334,0.657798154982524
ENGCOMP,6W      ,"LISOVSKY, KARL F",38.0,3.53421052631579,0.46581920809047667
EPS SCI,M71     ,"LITHGOW-BERTELLONI, CAROLINA R",18.0,3.9833333333333334,0.06871842709362763
A&O SCI,M71     ,"LITHGOW-BERTELLONI, CAROLINA R",19.0,4.0,0.0
EPS SCI,119     ,"LITHGOW-BERTELLONI, CAROLINA R",23.0,3.2652173913043483,0.7788557357359878
EPS SCI,13      ,"LITHGOW-BERTELLONI, CAROLINA R",222.0,3.828828828828829,0.36239627590597595
EPS SCI,171     ,"LITHGOW-BERTELLONI, CAROLINA R",11.0,4.0,0.0
FILM TV,122D    ,"LITTENBERG, SUSAN MYRA",741.0,3.9298245614035086,0.26782191696685986
ENGL   ,M101B   ,"LITTLE, ARTHUR L",40.0,3.5549999999999997,0.7162227307199905
ENGL   ,150C    ,"LITTLE, ARTHUR L",62.0,3.611290322580645,0.48927360203497905
ENGL   ,153     ,"LITTLE, ARTHUR L",36.0,3.397222222222222,0.7879248804828736
ENGL   ,90      ,"LITTLE, ARTHUR L",192.0,3.8098958333333335,0.41577737129699455
ENGL   ,182B    ,"LITTLE, ARTHUR L",14.0,3.6,0.40355562548072954
ENGL   ,247     ,"LITTLE, ARTHUR L, JR",14.0,3.914285714285714,0.1355261854357876
ENGL   ,150C    ,"LITTLE, ARTHUR L, JR",25.0,3.2960000000000003,0.5827383632471781
ENGL   ,90      ,"LITTLE, ARTHUR L, JR",63.0,3.623809523809524,0.9945429333409913
ENGL   ,M101B   ,"LITTLE, ARTHUR L, JR",17.0,3.1705882352941175,0.8580173492571683
LAW    ,701     ,"LITTMAN, AARON MICHAEL",24.0,3.970833333333333,0.13987841942995435
LAW    ,202     ,"LITTMAN, AARON MICHAEL",15.0,3.566666666666667,0.34576806613039845
COMM   ,1       ,"LITVINSKY, MARINA LITVINSKY",146.0,3.9780821917808216,0.12523575066454132
CESC   ,130     ,"LITVINSKY, MARINA LITVINSKY",85.0,3.947058823529412,0.2117647058823529
COMM   ,102     ,"LITVINSKY, MARINA LITVINSKY",61.0,3.973770491803278,0.13658797602585704
CHEM   ,C273    ,"LIU, CHONG",102.0,3.66078431372549,0.32903807001416524
CHEM   ,278     ,"LIU, CHONG",117.0,3.881196581196581,0.25417257208158434
APP CHM,201B    ,"LIU, CHONG",48.0,3.622916666666667,0.40426867269456124
APP CHM,202     ,"LIU, CHONG",47.0,3.8340425531914892,0.25870100686928793
APP CHM,C202    ,"LIU, CHONG",33.0,3.7303030303030305,0.2249374976957047
CHEM   ,C172    ,"LIU, CHONG",139.0,3.514388489208633,0.773440519733317
MATH   ,131AH   ,"LIU, GANG",14.0,3.5500000000000003,0.4305312333119896
MATH   ,132     ,"LIU, GANG",32.0,3.6375,0.563887178431998
MATH   ,115A    ,"LIU, GANG",51.0,2.6254901960784314,1.1226444860510143
EC ENGR,273     ,"LIU, JIA MING",66.0,3.609090909090909,0.33290606224728286
MATH   ,225A    ,"LIU, KEFENG",51.0,3.6784313725490194,0.4308285339696407
MATH   ,225C    ,"LIU, KEFENG",18.0,3.9000000000000004,0.14142135623730942
MATH   ,132     ,"LIU, KEFENG",69.0,2.889855072463768,0.7462262406163529
MATH   ,234     ,"LIU, KEFENG",18.0,4.0,0.0
COMPTNG,20A     ,"LIU, SHU",143.0,3.8762237762237777,0.388642615768439
COMPTNG,10A     ,"LIU, SHU",316.0,3.758860759493671,0.49963654471486874
COMPTNG,10B     ,"LIU, SITING",84.0,3.1285714285714286,0.9548836165148272
COMPTNG,10A     ,"LIU, SITING",242.0,3.0504132231404957,0.9659170238769121
MGMT   ,M271A   ,"LIU, WENTAI",10.0,3.94,0.11999999999999993
BIOENGR,M233A   ,"LIU, WENTAI",138.0,3.9173913043478255,0.1550656913054522
BIOENGR,M233B   ,"LIU, WENTAI",82.0,3.981707317073171,0.07178567147688503
BIOENGR,M260    ,"LIU, WENTAI",40.0,3.8600000000000003,0.1907878402833891
PSYCH  ,186C    ,"LIU, ZILI",81.0,3.093827160493827,0.7332231700103901
PSYCH  ,186B    ,"LIU, ZILI",68.0,3.138235294117647,0.935418970578976
SOCIOL ,111     ,"LIZARDO, OMAR ALCIDES",526.0,3.582509505703422,0.7218205324652028
SOCIOL ,245     ,"LIZARDO, OMAR ALCIDES",12.0,3.5666666666666664,1.084230397819373
SOCIOL ,189     ,"LIZARDO, OMAR ALCIDES",11.0,3.972727272727273,0.0862439361864103
SOCIOL ,202B    ,"LIZARDO, OMAR ALCIDES",24.0,4.0,0.0
SOCIOL ,208B    ,"LIZARDO, OMAR ALCIDES",19.0,3.9473684210526314,0.22329687826943606
SOCIOL ,208A    ,"LIZARDO, OMAR ALCIDES",15.0,3.933333333333333,0.24944382578492943
SOCIOL ,204     ,"LIZARDO, OMAR ALCIDES",28.0,4.0,0.0
LAW    ,728     ,"LLERANDI, MICA",32.0,4.0,0.0
ECON   ,262P    ,"LLERAS-MUNEY, ADRIANA",8.0,3.75,0.2872281323269015
ECON   ,133     ,"LLERAS-MUNEY, ADRIANA",450.0,3.934888888888889,0.22232231079345863
ECON   ,133L    ,"LLERAS-MUNEY, ADRIANA",331.0,3.925679758308157,0.24166918322780825
EE BIOL,C119B   ,"LLOYD-SMITH, JAMES O",22.0,3.5772727272727276,0.6215316990247255
EE BIOL,200A    ,"LLOYD-SMITH, JAMES O",40.0,3.9924999999999997,0.04683748498798796
EE BIOL,188     ,"LLOYD-SMITH, JAMES O",10.0,4.0,0.0
EE BIOL,C119A   ,"LLOYD-SMITH, JAMES O",55.0,3.638181818181818,0.567447525516568
LING   ,165B    ,"LOCCIONI, NICOLETTA",101.0,3.1356435643564353,0.9744847999988915
LING   ,20      ,"LOCCIONI, NICOLETTA",175.0,3.411428571428572,0.9193697930248363
LING   ,130     ,"LOCCIONI, NICOLETTA",122.0,3.376229508196721,0.8406723771402528
LING   ,120B    ,"LOCCIONI, NICOLETTA",118.0,3.2084745762711866,0.9640641612365604
MGMTMFE,413     ,"LOCHSTOER, LARS A",96.0,3.623958333333333,0.2967689869194931
MGMTMFE,431     ,"LOCHSTOER, LARS A",222.0,3.624774774774775,0.3208500726093385
MGMTPHD,201C    ,"LOCHSTOER, LARS A",11.0,3.6727272727272724,0.2596883064924674
MGMTMFE,407     ,"LOCHSTOER, LARS A",356.0,3.5323033707865163,0.384673038005542
ARCH&UD,442     ,"LOCKE, ALAN",69.0,3.9869565217391307,0.06117933599769687
ARCH&UD,441     ,"LOCKE, ALAN",70.0,3.8371428571428576,0.14944796377853728
POL SCI,169     ,"LOFCHIE, MICHAEL F",519.0,3.8183044315992296,0.4141898048141216
NURSING,438B    ,"LOHMANN, AMY STEFFE",22.0,4.0,0.0
NURSING,238A    ,"LOHMANN, AMY STEFFE",14.0,3.75,0.2872281323269014
NURSING,440     ,"LOHMANN, AMY STEFFE",11.0,4.0,0.0
NURSING,438A    ,"LOHMANN, AMY STEFFE",13.0,3.946153846153846,0.1865285485074176
POL SCI,60      ,"LOHMANN, SUSANNE",287.0,3.7595818815331,0.5809134637402097
POL SCI,191B    ,"LOHMANN, SUSANNE",15.0,3.9133333333333336,0.2552558629210219
POL SCI,191A    ,"LOHMANN, SUSANNE",60.0,3.9583333333333335,0.1497683396300952
POL SCI,122C    ,"LOHMANN, SUSANNE",45.0,3.9422222222222216,0.24174264450617622
POL SCI,115D    ,"LOHMANN, SUSANNE",395.0,3.799746835443038,0.49214069894012696
POL SCI,199     ,"LOHMANN, SUSANNE",13.0,3.923076923076923,0.2664693550105965
POL SCI,119B    ,"LOHMANN, SUSANNE",17.0,3.9,0.27865221840769444
EE BIOL,C172    ,"LOHMUELLER, KIRK EDWARD",31.0,3.5999999999999996,0.7983854675773537
EE BIOL,C135    ,"LOHMUELLER, KIRK EDWARD",307.0,3.468078175895765,0.7951956023556677
EE BIOL,C235    ,"LOHMUELLER, KIRK EDWARD",11.0,3.8181818181818183,0.2690663379445226
EE BIOL,C202    ,"LOHMUELLER, KIRK EDWARD",32.0,3.803125,0.37954279649994677
NEUROSC,C177    ,"LONDON, EDYTHE DANICK",90.0,3.7155555555555555,0.4054931458829171
SOC WLF,211A    ,"LONDONO, TATIANA",64.0,3.9250000000000003,0.12990381056766573
ECON   ,132     ,"LONDONO-VELEZ, JULIANA",193.0,3.1658031088082907,0.8121943044474419
ECON   ,253A    ,"LONDONO-VELEZ, JULIANA",22.0,3.5,0.5300085762599421
SOC WLF,211A    ,"LONDOÑO, TATIANA",53.0,3.975471698113208,0.10972634980036763
MGMT   ,298D    ,"LONG, ELISA F",50.0,3.8480000000000003,0.2118867622103844
MGMTEX ,402     ,"LONG, ELISA F",105.0,3.5561904761904763,0.3710792007680172
MGMTMSA,438     ,"LONG, ELISA F",18.0,3.8777777777777778,0.19309052441091962
MGMTFT ,402     ,"LONG, ELISA F",366.0,3.621038251366121,0.31858638183362215
MGMT   ,274B    ,"LONG, ELISA F",20.0,3.8600000000000003,0.1907878402833891
MCD BIO,192B    ,"LONG, JEFFREY AARON",24.0,4.0,0.0
MCD BIO,C141    ,"LONG, JEFFREY AARON",344.0,3.6023255813953488,0.705868546986379
HLT POL,253     ,"LONG, PETER V",11.0,3.9181818181818184,0.1336085314245369
ENVIRON,277     ,"LONGCORE, TRAVIS R",82.0,3.976829268292683,0.09914116627659832
MGMTMFE,408     ,"LONGSTAFF, FRANCIS A",361.0,3.488919667590027,0.3863160715270737
MGMT   ,232B    ,"LONGSTAFF, FRANCIS A",16.0,3.49375,0.3976002232142231
EDUC   ,498C    ,"LONON, ELSA",12.0,4.0,0.0
EDUC   ,498A    ,"LONON, ELSA",12.0,4.0,0.0
EDUC   ,498B    ,"LONON, ELSA",9.0,4.0,0.0
CHEM   ,184     ,"LOO, JOSEPH AMBROSE",109.0,3.313761467889908,0.6041853852913691
APP CHM,201A    ,"LOO, JOSEPH AMBROSE",71.0,4.0,0.0
APP CHM,201B    ,"LOO, JOSEPH AMBROSE",21.0,3.8714285714285714,0.14846149779161796
CHEM   ,258     ,"LOO, JOSEPH AMBROSE",45.0,4.0,0.0
CHEM   ,266     ,"LOO, JOSEPH AMBROSE",146.0,3.8253424657534247,0.21479893237012307
CHEM   ,596     ,"LOO, JOSEPH AMBROSE",7.0,4.0,0.0
ENGL   ,177     ,"LOOBY, CHRISTOPHER J",88.0,3.377272727272727,0.8490271535339825
ENGL   ,119     ,"LOOBY, CHRISTOPHER J",48.0,3.741666666666667,0.3930825471690252
ENGL   ,M101D   ,"LOOBY, CHRISTOPHER J",94.0,3.357446808510638,0.8951987015494225
C&EE   ,110     ,"LOPEZ DROGUETT, ENRIQUE ANDRES",480.0,3.3235416666666664,0.8414322848159295
C&EE   ,M20     ,"LOPEZ DROGUETT, ENRIQUE ANDRES",333.0,3.822222222222223,0.5291944003672437
C&EE   ,C111    ,"LOPEZ DROGUETT, ENRIQUE ANDRES",21.0,3.6333333333333333,0.6490530342505466
C&EE   ,C211    ,"LOPEZ DROGUETT, ENRIQUE ANDRES",23.0,3.9130434782608696,0.2472533427497901
WL ARTS,M128    ,"LOPEZ GASPAR DE ALBA, ALMA",14.0,3.4214285714285713,1.0751601684191532
ART    ,M184    ,"LOPEZ GASPAR DE ALBA, ALMA",10.0,3.3299999999999996,0.9571311299921238
ART    ,M185    ,"LOPEZ GASPAR DE ALBA, ALMA",13.0,3.8153846153846156,0.34383840982503094
CCAS   ,M175    ,"LOPEZ GASPAR DE ALBA, ALMA",228.0,3.6714912280701757,0.7563320217444424
LGBTQS ,M136    ,"LOPEZ GASPAR DE ALBA, ALMA",10.0,3.4800000000000004,1.0027960909377338
CCAS   ,M185    ,"LOPEZ GASPAR DE ALBA, ALMA",128.0,3.6484375,0.7815233896651782
CCAS   ,M136    ,"LOPEZ GASPAR DE ALBA, ALMA",215.0,3.676279069767442,0.7601377575756634
LGBTQS ,181     ,"LOPEZ GASPAR DE ALBA, ALMA",38.0,3.5105263157894733,0.9399858547883665
WL ARTS,M126    ,"LOPEZ GASPAR DE ALBA, ALMA",20.0,3.5149999999999997,1.018466985228289
MECH&AE,171A    ,"LOPEZ, BRETT THOMAS",340.0,3.1523529411764706,0.9360871591631694
MECH&AE,271D    ,"LOPEZ, BRETT THOMAS",59.0,3.979661016949153,0.07541896766537957
MECH&AE,157A    ,"LOPEZ, BRETT THOMAS",183.0,3.8360655737704916,0.4735747511010363
MECH&AE,M270C   ,"LOPEZ, BRETT THOMAS",33.0,3.9696969696969697,0.12906387538816277
EDUC   ,466     ,"LOPEZ, EDUARDO F",20.0,4.0,0.0
EDUC   ,420A    ,"LOPEZ, EDUARDO F",91.0,3.943956043956044,0.20713046863003803
EDUC   ,498A    ,"LOPEZ, EDUARDO F",98.0,4.0,0.0
EDUC   ,490A    ,"LOPEZ, EDUARDO F",90.0,3.9166666666666665,0.27090383697705145
EDUC   ,498B    ,"LOPEZ, EDUARDO F",96.0,4.0,0.0
EDUC   ,409     ,"LOPEZ, EDUARDO F",147.0,3.9979591836734696,0.024659277497131767
EDUC   ,406B    ,"LOPEZ, EDUARDO F",14.0,4.0,0.0
EDUC   ,491     ,"LOPEZ, EDUARDO F",90.0,3.9522222222222223,0.20775400933570867
EDUC   ,406     ,"LOPEZ, EDUARDO F",82.0,4.0,0.0
EDUC   ,498C    ,"LOPEZ, EDUARDO F",94.0,4.0,0.0
MATH   ,105C    ,"LOPEZ, ISAI",22.0,3.3363636363636364,0.580395989073177
DANCE  ,59      ,"LOPEZ, JACKELYN GUADALUPE",53.0,3.79433962264151,0.3383729628899921
DANCE  ,9       ,"LOPEZ, JACKELYN GUADALUPE",147.0,3.931972789115646,0.4730831562515786
DANCE  ,C109A   ,"LOPEZ, JACKELYN GUADALUPE",18.0,4.0,0.0
DANCE  ,C174B   ,"LOPEZ, JACKELYN GUADALUPE",10.0,3.9,0.3
CCAS   ,M105B   ,"LOPEZ, MARISSA",12.0,3.4250000000000003,0.6746912874295424
CCAS   ,M105A   ,"LOPEZ, MARISSA",37.0,3.413513513513514,1.10823993942237
ENGL   ,M105A   ,"LOPEZ, MARISSA",66.0,3.6045454545454545,0.8578393962462124
ENGL   ,M105B   ,"LOPEZ, MARISSA",19.0,3.142105263157895,1.2411012891671247
ENGL   ,100     ,"LOPEZ, MARISSA",118.0,3.697457627118644,0.7684964259377627
ENGL   ,117     ,"LOPEZ, MARISSA KATHERINE",29.0,3.8310344827586205,0.2743059558807082
LAW    ,250     ,"LOPUCKI, LYNN M",51.0,3.5450980392156866,0.3285820549861183
LAW    ,919     ,"LOPUCKI, LYNN M",16.0,3.55,0.3000000000000001
EC ENGR,114     ,"LORENZELLI, FLAVIO",61.0,3.488524590163934,0.7299446106666078
EC ENGR,132A    ,"LORENZELLI, FLAVIO",221.0,2.946153846153847,0.9001488835356383
MCD BIO,191     ,"LOUGH-STEVENS, MICHAEL J",32.0,3.875,0.6959705453537527
BMD RES,193H    ,"LOUGH-STEVENS, MICHAEL J",58.0,4.0,0.0
BMD RES,5HB     ,"LOUGH-STEVENS, MICHAEL J",40.0,4.0,0.0
MCD BIO,146     ,"LOUGH-STEVENS, MICHAEL J",209.0,3.9191387559808613,0.38040173284888346
MCD BIO,180A    ,"LOUGH-STEVENS, MICHAEL J",33.0,4.0,0.0
BMD RES,194H    ,"LOUGH-STEVENS, MICHAEL J",31.0,4.0,0.0
MCD BIO,180B    ,"LOUGH-STEVENS, MICHAEL J",33.0,4.0,0.0
URBN PL,279     ,"LOUKAITOU-SIDERIS, ANASTASIA",66.0,3.860606060606061,0.21523685887369404
URBN PL,282     ,"LOUKAITOU-SIDERIS, ANASTASIA",63.0,3.888888888888889,0.15947444549341463
THEATER,124B    ,"LOUKAKIS, DIMITRIOS",19.0,3.831578947368421,0.2272319278412937
S ASIAN,M60     ,"LOUKOTA SANCLEMENTE, DIEGO",132.0,3.80530303030303,0.27367155550741395
RELIGN ,M60D    ,"LOUKOTA SANCLEMENTE, DIEGO",36.0,3.855555555555556,0.1739163982499836
ASIAN  ,164     ,"LOUKOTA SANCLEMENTE, DIEGO",17.0,3.670588235294117,0.5888819974497567
NURSING,264     ,"LOVE-BIBBERO, LAURIE ANN",67.0,3.9164179104477617,0.16262493697762667
ART    ,1A      ,"LOWE, NICHOLAS ROBERT",56.0,3.9464285714285716,0.2251700038021159
HNRS   ,153     ,"LOWENSTEIN, DANIEL H",34.0,3.6705882352941175,0.33914200718587234
HNRS   ,158     ,"LOWENSTEIN, DANIEL H",28.0,3.460714285714286,0.7598586737556088
MCD BIO,144     ,"LOWRY, WILLIAM EDWARD",337.0,3.277448071216617,0.7772900602785632
MCD BIO,M272    ,"LOWRY, WILLIAM EDWARD",50.0,4.0,0.0
URBN PL,220B    ,"LOYA, JOSE CARLOS",275.0,3.750545454545455,0.4266035766027378
URBN PL,219     ,"LOYA, JOSE CARLOS",12.0,4.0,0.0
PUB AFF,60      ,"LOYA, JOSE CARLOS",305.0,3.5544262295081963,0.7067276809703422
ANTHRO ,191HE   ,"LOYD, HEATHER M",35.0,3.934285714285714,0.2693302350465021
ANTHRO ,141     ,"LOYD, HEATHER M",318.0,3.829245283018868,0.4318965738785902
GJ STDS,101     ,"LOZA, STEVEN J",17.0,3.9470588235294115,0.11436601232484452
GJ STDS,176F    ,"LOZA, STEVEN J",23.0,3.9869565217391307,0.06117933599769687
GJ STDS,186B    ,"LOZA, STEVEN J",33.0,4.0,0.0
ETHNMUS,M116    ,"LOZA, STEVEN J",34.0,3.6529411764705886,0.4654127163494702
GJ STDS,186A    ,"LOZA, STEVEN J",42.0,4.0,0.0
A&O SCI,C204    ,"LOZINSKI, ALEXANDER RICHARD",46.0,3.900000000000001,0.28967748182808567
A&O SCI,C111    ,"LOZINSKI, ALEXANDER RICHARD",55.0,3.6381818181818186,0.8760429439641766
PSYCH  ,85      ,"LU, HONGJING",99.0,3.4242424242424243,0.7467222529486238
PSYCH  ,259     ,"LU, HONGJING",12.0,3.8666666666666667,0.21343747458109494
PSYCH  ,121     ,"LU, HONGJING",159.0,3.80125786163522,0.4365368890711937
PSYCH  ,186A    ,"LU, HONGJING",79.0,3.643037974683545,0.7656689875905406
ECON   ,201A    ,"LU, JAY YIN JIE",105.0,3.7038095238095243,0.265446186645307
ECON   ,148     ,"LU, JAY YIN JIE",825.0,3.382787878787879,0.4648304844209506
COMPTNG,10A     ,"LU, JIAYIN",245.0,3.60734693877551,0.9666833166738356
COMPTNG,16A     ,"LU, JIAYIN",49.0,3.9326530612244897,0.2034275231735039
MGMT   ,120A    ,"LU, MING-CHUN",521.0,2.6742802303262954,1.162576524289859
MGMT   ,120B    ,"LU, MING-CHUN",219.0,2.937442922374429,1.039610411830307
COM SCI,219     ,"LU, SONGWU",108.0,3.701851851851852,0.36412794899226203
COM SCI,118     ,"LU, SONGWU",482.0,3.4769709543568466,0.5865617830181484
COM SCI,211     ,"LU, SONGWU",91.0,3.7219780219780225,0.31858278127977285
CH ENGR,106     ,"LU, YUNFENG",59.0,3.2389830508474575,0.7940492554317455
CH ENGR,104A    ,"LU, YUNFENG",50.0,3.5780000000000003,0.4588202262324537
HLT POL,M236    ,"LU, ZHONG JOHN",18.0,3.9499999999999997,0.11180339887498941
POL SCI,139     ,"LUCA, LAURA",58.0,3.3689655172413793,0.7654628747392278
DESMA  ,25      ,"LUCAS, WILLEM HENRI",22.0,3.7545454545454544,0.35767846496192734
LBR STD,188     ,"LUCE, CAROLINE E",38.0,3.4499999999999997,0.5941601768794957
LBR STD,195B    ,"LUCE, CAROLINE E",47.0,3.853191489361701,0.6059460912156163
LBR STD,101     ,"LUCE, CAROLINE E",114.0,3.592105263157895,0.5995824185539181
LBR STD,194B    ,"LUCE, CAROLINE E",16.0,3.5,1.12305387226081
LBR STD,191A    ,"LUCE, CAROLINE E",39.0,3.6435897435897435,0.5448099512414666
LBR STD,191B    ,"LUCE, CAROLINE E",39.0,3.753846153846154,0.42778268736989844
LBR STD,M108    ,"LUCE, CAROLINE E",22.0,3.322727272727273,0.7531339481139148
LBR STD,194A    ,"LUCE, CAROLINE E",14.0,3.9285714285714284,0.1905952009160905
NURSING,230B    ,"LUCERO, ROBERT JAMES",70.0,3.9699999999999998,0.08999999999999996
NURSING,54A     ,"LUCERO, ROBERT JAMES",64.0,3.8374999999999995,0.28256636388643286
SOCIOL ,122     ,"LUFT, ALIZA R",859.0,3.651222351571595,0.6742962670803007
SOCIOL ,212B    ,"LUNDBERG, IAN DANIEL",11.0,4.0,0.0
SOCIOL ,212C    ,"LUNDBERG, IAN DANIEL",10.0,4.0,0.0
SOCIOL ,114     ,"LUNDBERG, IAN DANIEL",113.0,3.6548672566371683,0.7612276008233713
ELTS   ,167     ,"LUNDE, ARNE O",57.0,4.0,0.0
SCAND  ,161     ,"LUNDE, ARNE O",24.0,4.0,0.0
SCAND  ,C166A   ,"LUNDE, ARNE O",75.0,3.9919999999999995,0.04833218389437826
SCAND  ,C145B   ,"LUNDE, ARNE O",16.0,4.0,0.0
SCAND  ,C145A   ,"LUNDE, ARNE O",24.0,4.0,0.0
SCAND  ,50W     ,"LUNDE, ARNE O",78.0,3.9256410256410255,0.2554211692509299
SCAND  ,C155    ,"LUNDE, ARNE O",34.0,3.9705882352941178,0.12725475089872906
I E STD,M150    ,"LUNDQUIST, JESSE",9.0,2.888888888888889,1.0877545111573705
MECH&AE,102     ,"LUNDÉN, MARCUS OLAVI",246.0,3.5239837398373983,0.6507297215183232
MECH&AE,182C    ,"LUNDÉN, MARCUS OLAVI",18.0,3.894444444444444,0.18994801108087508
DESMA  ,160     ,"LUNENFELD, PETER B",37.0,3.9567567567567568,0.17326832891702276
DESMA  ,269     ,"LUNENFELD, PETER B",11.0,4.0,0.0
DESMA  ,8       ,"LUNENFELD, PETER B",136.0,3.8963235294117644,0.33985465929771624
DESMA  ,145     ,"LUNENFELD, PETER B",17.0,3.9823529411764707,0.0705882352941176
DESMA  ,104     ,"LUNENFELD, PETER B",173.0,3.9190751445086707,0.33285463527812736
HUM GEN,236B    ,"LUO, CHONGYUAN",12.0,3.891666666666666,0.2099933861392359
POL SCI,191C    ,"LUO, KEVIN WEI",21.0,3.6238095238095234,0.48980536649995393
MIMG   ,CM156   ,"LUSIS, ALDONS J",116.0,3.0267241379310343,0.7492936626354423
MIMG   ,C122    ,"LUSIS, ALDONS J",67.0,3.8,0.33546581559502575
MCD BIO,CM156   ,"LUSIS, ALDONS J",217.0,3.095852534562212,0.853688843694478
MATH   ,M114S   ,"LUTZ, PATRICK GEORGE",23.0,3.678260869565217,0.4925148611654364
MATH   ,182     ,"LUTZ, PATRICK GEORGE",56.0,3.378571428571429,0.6258463657075815
HIST   ,165     ,"LYDON, GHISLAINE E",94.0,3.413829787234043,0.7301414995228573
AF AMER,M10A    ,"LYDON, GHISLAINE E",81.0,3.4061728395061732,0.8167000263802298
HIST   ,166B    ,"LYDON, GHISLAINE E",56.0,3.273214285714286,0.8985088980059789
HIST   ,187J    ,"LYDON, GHISLAINE E",18.0,3.4444444444444446,0.6977919319158925
HIST   ,M10A    ,"LYDON, GHISLAINE E",82.0,3.618292682926829,0.5763907991641561
CLUSTER,M72A    ,"LYNCH, JESSICA W",159.0,3.717610062893082,0.4186733451769187
CLUSTER,M72B    ,"LYNCH, JESSICA W",158.0,3.533544303797469,0.534577883811104
LIFESCI,7B      ,"LYNCH, JESSICA W",382.0,3.490575916230367,0.5472110949684968
ANTHRO ,M128T   ,"LYNCH, JESSICA W",38.0,3.905263157894737,0.25230241714119755
SOC GEN,M143    ,"LYNCH, JESSICA W",80.0,3.8949999999999996,0.28761954036539306
SOC GEN,105B    ,"LYNCH, JESSICA W",61.0,3.9245901639344263,0.20538307886381413
SOC GEN,108     ,"LYNCH, JESSICA W",59.0,3.961016949152542,0.2603888546864662
ARCH&UD,436     ,"LYNCH, TODD MICHAEL",159.0,3.8245283018867924,0.25837347575281044
ARCH&UD,461     ,"LYNCH, TODD MICHAEL",159.0,3.7949685534591193,0.2821299807803847
ARCH&UD,401     ,"LYNN, GREGORY STEWART",17.0,3.841176470588236,0.14974025954538644
ARCH&UD,403C    ,"LYNN, GREGORY STEWART",20.0,3.8200000000000003,0.25219040425836986
LAW    ,108B    ,"LYON GROSSMAN, KERRY ASHLEY",97.0,3.509278350515464,0.3943106928818829
MCD BIO,138     ,"LYONS, KAREN MARIE",142.0,3.4767605633802816,0.8051476544628361
MECH&AE,M270A   ,"M'CLOSKEY, ROBERT THOMAS",230.0,3.4421739130434785,0.4807643960786427
MECH&AE,107     ,"M'CLOSKEY, ROBERT THOMAS",189.0,2.874074074074074,0.9348144794102988
MECH&AE,172     ,"M'CLOSKEY, ROBERT THOMAS",77.0,3.938961038961039,0.147846747748132
C&EE   ,C285    ,"MA, JIAQI",50.0,3.82,0.36000000000000004
C&EE   ,C281    ,"MA, JIAQI",48.0,3.9249999999999994,0.23584952830141512
C&EE   ,C185    ,"MA, JIAQI",23.0,3.817391304347826,0.4468753098271164
C&EE   ,C181    ,"MA, JIAQI",90.0,3.8766666666666665,0.2564934480428085
C&EE   ,180     ,"MA, JIAQI",60.0,3.711666666666667,0.5282334290401882
C&EE   ,298     ,"MA, JIAQI",65.0,3.9861538461538464,0.06294545398608853
FRNCH  ,121     ,"MABANCKOU, ALAIN MICHEL",80.0,3.9675000000000002,0.14471955638406303
FRNCH  ,120     ,"MABANCKOU, ALAIN MICHEL",60.0,4.0,0.0
FRNCH  ,130     ,"MABANCKOU, ALAIN MICHEL",57.0,4.0,0.0
GEOG   ,M126    ,"MACDONALD, GLEN MICHAEL",246.0,3.5296747967479676,0.571950641680965
GEOG   ,178     ,"MACDONALD, GLEN MICHAEL",49.0,4.0,0.0
GEOG   ,106     ,"MACDONALD, GLEN MICHAEL",383.0,3.5258485639686685,0.607511938265425
ENVIRON,M126    ,"MACDONALD, GLEN MICHAEL",65.0,3.687692307692308,0.489114645144341
NURSING,173W    ,"MACEY, PAUL MICHAEL",236.0,3.8919491525423733,0.40387269028359535
NURSING,411     ,"MACEY, PAUL MICHAEL",56.0,3.982142857142857,0.10019114385075385
MSC IND,M182    ,"MACFADYEN, DAVID W",55.0,3.8836363636363633,0.5389429507213462
COM LIT,191     ,"MACFADYEN, DAVID W",19.0,3.9684210526315793,0.09206766149755731
MUSCLG ,94      ,"MACFADYEN, DAVID W",54.0,3.8833333333333337,0.560009920547048
MUSCLG ,191G    ,"MACFADYEN, DAVID W",22.0,3.972727272727273,0.0862439361864103
ENGL   ,M191P   ,"MACFADYEN, DAVID W",59.0,3.871186440677966,0.3974711789818597
DGT HUM,150     ,"MACFADYEN, DAVID W",21.0,3.5571428571428565,0.9983660119803512
COM LIT,1E      ,"MACFADYEN, DAVID W",239.0,3.7912133891213395,0.6015028184951019
MUSCLG ,5       ,"MACFADYEN, DAVID W",228.0,3.7407894736842104,0.49191114005860664
COM LIT,M191P   ,"MACFADYEN, DAVID W",55.0,3.585454545454546,0.7631080423488673
MUSCLG ,191F    ,"MACFADYEN, DAVID W",10.0,3.94,0.11999999999999993
CCAS   ,101     ,"MACIAS, REYNALDO FLORES",239.0,3.864016736401674,0.45200873808089465
HLT POL,225A    ,"MACINKO, JAMES A",56.0,3.989285714285714,0.05567306167185674
COM HLT,M248    ,"MACINKO, JAMES A",9.0,4.0,0.0
COM HLT,210     ,"MACINKO, JAMES A",53.0,3.994339622641509,0.04081756160902627
COM HLT,M248    ,"MACINKO, JAMES A, JR.",10.0,4.0,0.0
HLT POL,225A    ,"MACINKO, JAMES A, JR.",22.0,4.0,0.0
INF STD,426     ,"MACK, CANDICE A",28.0,3.8821428571428567,0.2268630351879607
INF STD,427     ,"MACK, CANDICE A",19.0,3.931578947368421,0.17487629185090686
POL SCI,195CE   ,"MACK, CYMONE B",25.0,3.872,0.24741867350707383
PBMED  ,218     ,"MACKENZIE-GRAHAM, ALLAN",48.0,3.7624999999999997,0.29127950494327615
LAW    ,566     ,"MACKINTOSH, KATE F",34.0,3.6999999999999993,0.6902684899626333
LAW    ,472     ,"MACKINTOSH, KATE F",10.0,3.6,0.46475800154489005
MGMT   ,180     ,"MACY, BEVERLY W",21.0,3.7476190476190476,0.63066030975784
MSC IND,111     ,"MADELONI, LEE JOHN",25.0,3.7880000000000003,0.3983164571041473
MSC IND,111A    ,"MADELONI, LEE JOHN",214.0,3.9626168224299065,0.14242450991812144
HIST   ,153     ,"MADLEY, BENJAMIN L",145.0,3.8275862068965516,0.40573182218540393
HIST   ,149B    ,"MADLEY, BENJAMIN L",142.0,3.7021126760563376,0.5318673335932025
STATS  ,200C    ,"MADRID PADILLA, OSCAR HERNAN",54.0,3.8240740740740735,0.21852636520751753
STATS  ,100C    ,"MADRID PADILLA, OSCAR HERNAN",154.0,3.1993506493506487,0.6898613405988374
STATS  ,100B    ,"MADRID PADILLA, OSCAR HERNAN",343.0,3.1711370262390672,0.7258337049418694
MSC IND,188     ,"MADRID, ERIK KALISO",34.0,3.697058823529412,0.7338397381211206
SOC WLF,211A    ,"MADRIL, ANTHONY",26.0,3.976923076923077,0.0799408065031789
SOC WLF,213A    ,"MADRIL, ANTHONY",44.0,3.9454545454545453,0.11570838237598044
LING   ,20      ,"MAHAJAN, ANOOP K",187.0,3.4374331550802144,0.9635550482942082
LING   ,127     ,"MAHAJAN, ANOOP K",165.0,3.014545454545455,1.1898690809295225
HIN-URD,100B    ,"MAHAJAN, GYANAM",9.0,4.0,0.0
HIN-URD,100A    ,"MAHAJAN, GYANAM",9.0,4.0,0.0
HIN-URD,3       ,"MAHAJAN, GYANAM",35.0,3.9114285714285715,0.22522551057161558
S ASIAN,155     ,"MAHAJAN, GYANAM",121.0,3.9950413223140493,0.038249376745144226
HIN-URD,1       ,"MAHAJAN, GYANAM",63.0,3.8666666666666667,0.30757629070390746
HIN-URD,2       ,"MAHAJAN, GYANAM",37.0,3.92972972972973,0.20646950545712733
CESC   ,191BX   ,"MAHARRAMLI, BEMMY JENNIFER",44.0,3.963636363636363,0.19781868315444492
CESC   ,191AX   ,"MAHARRAMLI, BEMMY JENNIFER",46.0,3.8739130434782605,0.29446693370777466
ENVIRON,M147    ,"MAHARRAMLI, BEMMY JENNIFER",24.0,4.0,0.0
CESC   ,M147    ,"MAHARRAMLI, BEMMY JENNIFER",17.0,4.0,0.0
C&EE   ,M166    ,"MAHENDRA, SHAILY",82.0,3.725609756097561,0.3533156453805467
C&EE   ,266     ,"MAHENDRA, SHAILY",74.0,3.7797297297297305,0.2794684770357539
C&EE   ,M165    ,"MAHENDRA, SHAILY",196.0,3.896938775510204,0.22675802154101296
NURSING,465C    ,"MAHJOUB, LINDA RUHI",70.0,3.892857142857143,0.18072981299753077
NURSING,162C    ,"MAHJOUB, LINDA RUHI",110.0,3.684545454545454,0.35449999708587343
GENDER ,98T     ,"MAHMOOD, NASHRA",10.0,3.21,1.1928537211242625
CHIN   ,C137    ,"MAI, HUIJUN",27.0,3.392592592592593,0.5805016514640916
CHIN   ,110A    ,"MAI, HUIJUN",28.0,3.7214285714285715,0.5851478096888627
CHIN   ,110C    ,"MAI, HUIJUN",11.0,3.7909090909090906,0.32878438763682044
CHIN   ,70      ,"MAI, HUIJUN",216.0,3.6777777777777776,0.464246369245926
CHIN   ,139     ,"MAI, HUIJUN",69.0,3.7579710144927536,0.35809714377139573
CHIN   ,211A    ,"MAI, HUIJUN",1.0,3.3,0.0
ORL BIO,229B    ,"MAIDA, CARL A",39.0,3.9846153846153847,0.06617173282340479
ORL BIO,209     ,"MAIDA, CARL A",59.0,3.964406779661017,0.09701076624579102
ENVIRON,185C    ,"MAIDA, CARL A",126.0,3.9976190476190476,0.02661985687499748
ORL BIO,229A    ,"MAIDA, CARL A",20.0,3.8549999999999995,0.3185514087239295
STATS  ,199     ,"MAIERHOFER, THOMAS JOHANNES",10.0,4.0,0.0
STATS  ,102A    ,"MAIERHOFER, THOMAS JOHANNES",30.0,3.4899999999999998,0.5763968540279634
STATS  ,20      ,"MAIERHOFER, THOMAS JOHANNES",821.0,3.4678440925700365,0.5932744085201482
STATS  ,10      ,"MAIERHOFER, THOMAS JOHANNES",720.0,3.2483333333333335,0.8222918514061106
MATH   ,33B     ,"MAIMAITIYIMING, WUMAIER",187.0,2.817647058823529,1.1806183567561244
MATH   ,151A    ,"MAIMAITIYIMING, WUMAIER",84.0,3.8190476190476192,0.5519394787552497
MATH   ,31AL    ,"MAIMAITIYIMING, WUMAIER",190.0,2.81,1.0316338599777692
MATH   ,31A     ,"MAIMAITIYIMING, WUMAIER",201.0,3.0004975124378106,1.113887795578213
EPS SCI,9       ,"MAINZER, AMY",161.0,3.721739130434783,0.5532170906058257
CHEM   ,14D     ,"MAJI, RAJAT",341.0,2.6838709677419357,1.1779017209806142
CHEM   ,30A     ,"MAJI, RAJAT",104.0,2.5451923076923078,0.984678765237709
ENGL   ,169     ,"MAKDISI, SAREE",31.0,4.0,0.0
ENGL   ,182D    ,"MAKDISI, SAREE",17.0,4.0,0.0
ENGL   ,119     ,"MAKDISI, SAREE",173.0,3.643352601156069,0.6700222388308587
ENGL   ,10B     ,"MAKDISI, SAREE",137.0,3.6116788321167883,0.5903191878691724
ENGL   ,270     ,"MAKDISI, SAREE",19.0,3.88421052631579,0.24118819447135997
ENGL   ,132     ,"MAKDISI, SAREE",29.0,3.855172413793104,0.22680115382628066
ENGL   ,184     ,"MAKDISI, SAREE",13.0,4.0,0.0
MECH&AE,M256B   ,"MAL, AJIT K",39.0,3.7974358974358973,0.39967113371074287
MECH&AE,M256A   ,"MAL, AJIT K",126.0,3.63968253968254,0.4786023575780465
MECH&AE,156A    ,"MAL, AJIT K",11.0,3.6454545454545455,0.4755162483862552
DESMA  ,21      ,"MALABRE, SAM BAKER",23.0,3.882608695652174,0.27607839767630515
DESMA  ,161     ,"MALABRE, SAM BAKER",20.0,3.85,0.25396850198400595
DESMA  ,157     ,"MALABRE, SAM BAKER",40.0,3.8074999999999997,0.4033531331228258
DESMA  ,125     ,"MALABRE, SAM BAKER",30.0,3.7899999999999996,0.2981610303175115
DESMA  ,7       ,"MALABRE, SAM BAKER",51.0,3.817647058823529,0.39838196389647984
COM HLT,211B    ,"MALAN, HANNAH J",19.0,3.7526315789473683,0.2541620308978871
ASTR   ,4       ,"MALKAN, MATTHEW ARNOLD",66.0,2.786363636363636,1.0448845613542552
ASTR   ,5       ,"MALKAN, MATTHEW ARNOLD",65.0,2.4815384615384617,1.1965196076945974
ASTR   ,140     ,"MALKAN, MATTHEW ARNOLD",85.0,3.048235294117647,0.9434120507910924
LAW    ,560     ,"MALLOY, TIMOTHY",31.0,3.9516129032258065,0.11033955726765846
LAW    ,100     ,"MALLOY, TIMOTHY",274.0,3.4467153284671537,0.3798868626988429
LAW    ,741     ,"MALLOY, TIMOTHY",12.0,4.0,0.0
LAW    ,742     ,"MALLOY, TIMOTHY",12.0,3.9250000000000003,0.12990381056766573
AERO ST,20B     ,"MALONE, MORGAN B",12.0,4.0,0.0
AERO ST,20A     ,"MALONE, MORGAN B",14.0,3.9499999999999997,0.1802775637731995
AERO ST,1C      ,"MALONE, MORGAN B",16.0,3.75,0.45825756949558394
AERO ST,1A      ,"MALONE, MORGAN B",34.0,3.9823529411764698,0.0705882352941176
AERO ST,1B      ,"MALONE, MORGAN B",14.0,3.9785714285714286,0.07726181304565687
AERO ST,20C     ,"MALONE, MORGAN B",14.0,3.857142857142857,0.4386900723652597
THEATER,147A    ,"MALOOF, JAMES WALTER",14.0,3.885714285714286,0.3377597262153396
LIFESCI,7A      ,"MALOY, JEFFREY P",2539.0,3.573020874359984,0.6925024487677243
MCD BIO,125     ,"MALOY, JEFFREY P",23.0,3.973913043478261,0.08453140041401552
LIFESCI,107     ,"MALOY, JEFFREY P",365.0,3.4778082191780824,0.873240299547818
MGMTFE ,402     ,"MAMER, JOHN W",77.0,3.435064935064935,0.3733896101637572
MGMTEX ,402     ,"MAMER, JOHN W",92.0,3.4565217391304346,0.38682215546965876
EDUC   ,466     ,"MAMIKONYAN, TATEVIK",58.0,3.9896551724137934,0.05473968229788805
EDUC   ,222A    ,"MANCEVICE, NICOLE ANNE",17.0,3.923529411764706,0.24139158269039046
EDUC   ,156     ,"MANCEVICE, NICOLE ANNE",131.0,3.8473282442748094,0.6204317930384837
EDUC   ,10      ,"MANCEVICE, NICOLE ANNE",387.0,3.94625322997416,0.291401616815777
EDUC   ,222C    ,"MANCEVICE, NICOLE ANNE",25.0,3.908,0.274109467184189
ASIA AM,50      ,"MANKEKAR, PURNIMA",426.0,3.9239436619718306,0.43652429670610426
ANTHRO ,135S    ,"MANKEKAR, PURNIMA",494.0,3.8028340080971663,0.656632360965351
FILM TV,202     ,"MANN, DENISE R",10.0,3.94,0.11999999999999993
FILM TV,6A      ,"MANN, DENISE R",646.0,3.7275541795665625,0.6642455805927657
FILM TV,10A     ,"MANN, DENISE R",40.0,3.6799999999999997,0.4770744176750626
FILM TV,84A     ,"MANN, DENISE R",286.0,3.7860139860139865,0.6282511411114888
FILM TV,201A    ,"MANN, DENISE R",31.0,3.8677419354838714,0.2704680492419946
FILM TV,201B    ,"MANN, DENISE R",11.0,3.9454545454545453,0.11570838237598043
FILM TV,217A    ,"MANN, DENISE R",15.0,3.8200000000000003,0.1469693845669906
FILM TV,211     ,"MANN, DENISE R",16.0,3.94375,0.1170937124699699
THEATER,135B    ,"MANN, JEREMY LAWRENCE",31.0,3.851612903225806,0.29278525405968975
THEATER,135F    ,"MANN, JEREMY LAWRENCE",50.0,3.9939999999999998,0.041999999999999975
THEATER,167B    ,"MANN, JEREMY LAWRENCE",28.0,3.9892857142857143,0.05567306167185673
THEATER,172     ,"MANN, JEREMY LAWRENCE",55.0,3.9890909090909092,0.05615798258720179
THEATER,35B     ,"MANN, JEREMY LAWRENCE",11.0,3.909090909090909,0.21086206372260372
THEATER,23B     ,"MANN, JEREMY LAWRENCE",40.0,3.845,0.30573681492420896
EPS SCI,103A    ,"MANNING, CRAIG E",49.0,3.055102040816327,0.7910368356163684
EPS SCI,103C    ,"MANNING, CRAIG E",8.0,3.575,0.4380353866983808
ENGCOMP,133     ,"MANOJLOVIC, MAJA",83.0,3.9530120481927713,0.1792469854210996
ENGCOMP,M185    ,"MANOJLOVIC, MAJA",22.0,3.936363636363636,0.2012358511016242
ENGCOMP,3       ,"MANOJLOVIC, MAJA",22.0,3.8454545454545452,0.3041041578850497
MUSC   ,C175E   ,"MANOUELIAN, VARTY H",72.0,4.0,0.0
CH ENGR,C128    ,"MANOUSIOUTHAKIS, VASILIOS",94.0,3.963829787234042,0.14648437853666815
CH ENGR,C228    ,"MANOUSIOUTHAKIS, VASILIOS",61.0,3.9836065573770494,0.09612206697881345
CH ENGR,102A    ,"MANOUSIOUTHAKIS, VASILIOS",310.0,3.8654838709677426,0.2862475660939199
CH ENGR,194     ,"MANOUSIOUTHAKIS, VASILIOS",38.0,4.0,0.0
CH ENGR,259     ,"MANOUSIOUTHAKIS, VASILIOS",69.0,3.9898550724637682,0.0836572155922424
ANTHRO ,124T    ,"MANSON, JOSEPH HOWARD",42.0,3.6595238095238094,0.6164643904324092
ANTHRO ,1       ,"MANSON, JOSEPH HOWARD",255.0,3.5184313725490193,0.6312246812597313
URBN PL,207     ,"MANVILLE, MICHAEL K",69.0,3.7811594202898546,0.4783047849842132
URBN PL,M208C   ,"MANVILLE, MICHAEL K",10.0,3.9,0.3
PUB AFF,70      ,"MANVILLE, MICHAEL K",265.0,3.728679245283019,0.5362414189341984
URBN PL,M296    ,"MANVILLE, MICHAEL K",14.0,3.642857142857143,0.331046577893042
MGMTMSA,401     ,"MAOZ, URI MUZ",119.0,3.8252100840336136,0.2799215038214707
FILM TV,596A    ,"MAQUILING, DAVID MARK",15.0,4.0,0.0
FILM TV,4       ,"MAQUILING, DAVID MARK",222.0,3.8436936936936936,0.48937435315696515
FILM TV,185     ,"MAQUILING, DAVID MARK",10.0,3.97,0.08999999999999996
FILM TV,459A    ,"MAQUILING, DAVID MARK",10.0,3.9299999999999997,0.21000000000000005
GENDER ,185     ,"MARCELINO, TARYN",24.0,4.0,0.0
GENDER ,185     ,"MARCELINO, TARYN JOY",20.0,3.72,0.7075309180523492
GENDER ,185     ,"MARCHANT, ELIZABETH A",43.0,3.9139534883720932,0.29458792295051134
GENDER ,201     ,"MARCHANT, ELIZABETH A",16.0,4.0,0.0
GENDER ,123     ,"MARCHANT, ELIZABETH A",122.0,3.7270491803278687,0.6086853456756716
LIFESCI,7B      ,"MARCOT, JONATHAN DAVID",1402.0,3.5955064194008557,0.6082772441381086
EE BIOL,144     ,"MARCOT, JONATHAN DAVID",204.0,3.764705882352941,0.45807505567544776
EE BIOL,144L    ,"MARCOT, JONATHAN DAVID",22.0,3.8272727272727276,0.2178027009220171
EE BIOL,100     ,"MARCOT, JONATHAN DAVID",230.0,3.59695652173913,0.6295887876923331
EE BIOL,100L    ,"MARCOT, JONATHAN DAVID",98.0,3.9316326530612247,0.15158814959304334
LAW    ,145     ,"MARCUS, DAVID W",231.0,3.465800865800866,0.3660945566582967
LAW    ,212     ,"MARCUS, DAVID W",113.0,3.531858407079646,0.37209416610183527
LAW    ,911     ,"MARCUS, DAVID W",26.0,3.5846153846153848,0.31217882904158506
LAW    ,609     ,"MARCUS, DAVID W",18.0,3.888888888888889,0.2282515398241571
ASL    ,8       ,"MARFINO, JENNIFER",30.0,3.716666666666667,0.7797791710193057
ASL    ,1       ,"MARFINO, JENNIFER",65.0,3.5615384615384613,0.9214858081785938
ASL    ,4       ,"MARFINO, JENNIFER",20.0,3.88,0.2521904042583699
ASL    ,3       ,"MARFINO, JENNIFER",24.0,3.8541666666666665,0.4051534345844245
ASL    ,2       ,"MARFINO, JENNIFER",41.0,3.680487804878049,0.7686603843288952
ASL    ,5       ,"MARFINO, JENNIFER",18.0,3.561111111111112,0.8360880395487925
EPS SCI,C179    ,"MARGOT, JEAN-LUC",62.0,3.6774193548387095,0.5925394650906439
EPS SCI,3       ,"MARGOT, JEAN-LUC",1634.0,3.508506731946144,0.7539174542351823
EPS SCI,2       ,"MARGOT, JEAN-LUC",334.0,3.7691616766467066,0.41162873972749275
C&EE   ,250C    ,"MARGULIS, STEVEN ADAM",27.0,3.4,0.5011098792790969
C&EE   ,103     ,"MARGULIS, STEVEN ADAM",284.0,3.2714788732394373,0.7556337207775968
C&EE   ,251D    ,"MARGULIS, STEVEN ADAM",10.0,3.6400000000000006,0.4983974317750845
C&EE   ,150     ,"MARGULIS, STEVEN ADAM",371.0,3.153099730458221,0.7543654360309031
MAT SCI,243C    ,"MARIAN, JAIME",63.0,3.4761904761904763,0.5035475059048032
MAT SCI,104     ,"MARIAN, JAIME",44.0,3.472727272727272,0.6899814346526212
MAT SCI,270     ,"MARIAN, JAIME",135.0,3.7303703703703706,0.37991696443147394
EDUC   ,M116    ,"MARIN, ANANDA MARIA",29.0,3.813793103448276,0.42077444029742345
EDUC   ,222C    ,"MARIN, ANANDA MARIA",10.0,4.0,0.0
EDUC   ,222D    ,"MARIN, ANANDA MARIA",14.0,3.957142857142857,0.1049781318335647
EDUC   ,222B    ,"MARIN, ANANDA MARIA",30.0,3.9566666666666666,0.23335714164249516
EDUC   ,222A    ,"MARIN, ANANDA MARIA",20.0,3.965,0.15256146302392362
EDUC   ,243     ,"MARIN, ANANDA MARIA",12.0,4.0,0.0
EDUC   ,407     ,"MARIN, ANANDA MARIA",71.0,3.9450704225352116,0.15903647592445372
FILM TV,C452C   ,"MARIN, ERIC",11.0,3.9454545454545453,0.11570838237598043
FILM TV,154     ,"MARIN, ERIC",28.0,3.942857142857143,0.19717391059774655
LBR STD,M190B   ,"MARINARO, PAOLO",18.0,3.966666666666667,0.09428090415820628
LBR STD,M190C   ,"MARINARO, PAOLO",18.0,3.9833333333333334,0.06871842709362763
LBR STD,188     ,"MARINARO, PAOLO",24.0,3.9458333333333333,0.15805897281992215
HIST   ,M186B   ,"MARINO, KATHERINE M",98.0,3.8448979591836734,0.4796092050697857
HIST   ,13B     ,"MARINO, KATHERINE M",499.0,3.833266533066132,0.4401397472353493
HIST   ,213B    ,"MARINO, KATHERINE M",10.0,4.0,0.0
HIST   ,213A    ,"MARINO, KATHERINE M",11.0,3.972727272727273,0.0862439361864103
GENDER ,M186B   ,"MARINO, KATHERINE M",10.0,3.7599999999999993,0.5295280917949491
NURSING,175     ,"MARKHAM, YOUNG KEE",61.0,3.8262295081967213,0.2325212060445538
EC ENGR,189     ,"MARKOVIC, DEJAN",9.0,3.7777777777777777,0.41573970964154905
EC ENGR,115C    ,"MARKOVIC, DEJAN",236.0,3.164830508474576,0.8151065575040984
EC ENGR,M216A   ,"MARKOVIC, DEJAN",290.0,3.37,0.5560606516162262
EC ENGR,216B    ,"MARKOVIC, DEJAN",143.0,3.6986013986013986,0.4767292430582113
EDUC   ,249     ,"MARKOWITZ, ANNA",37.0,3.9594594594594597,0.10256035654600143
EDUC   ,105A    ,"MARKOWITZ, ANNA",99.0,3.531313131313131,0.5909496662232638
EDUC   ,150     ,"MARKOWITZ, ANNA",110.0,3.5363636363636357,0.5849207052284597
EDUC   ,150     ,"MARKOWITZ, ANNA JUSTINE",13.0,3.707692307692308,0.3771584822194235
EDUC   ,249     ,"MARKOWITZ, ANNA JUSTINE",14.0,3.9285714285714284,0.1905952009160905
MATH   ,182     ,"MARKS, ANDREW SCOTT",36.0,3.2305555555555556,0.7894510907531624
MATH   ,31B     ,"MARKS, ANDREW SCOTT",182.0,2.6137362637362638,1.326102401323077
ART&ARC,100     ,"MARKS, VICTORIA E",63.0,3.8793650793650793,0.21466750233402127
DANCE  ,116     ,"MARKS, VICTORIA E",16.0,3.0562500000000004,1.0942855831545986
DANCE  ,67B     ,"MARKS, VICTORIA E",9.0,3.788888888888889,0.40399242139328534
DANCE  ,16      ,"MARKS, VICTORIA E",19.0,3.7052631578947373,0.6295141687386069
DANCE  ,1       ,"MARKS, VICTORIA E",69.0,3.707246376811594,0.534686374437026
ENV HLT,216     ,"MARLIER, MIRIAM ELIZABETH",22.0,3.972727272727273,0.0862439361864103
ENV HLT,C200A   ,"MARLIER, MIRIAM ELIZABETH",45.0,3.88,0.22271057451320087
ENV HLT,170     ,"MARLIER, MIRIAM ELIZABETH",29.0,3.8793103448275863,0.2644177863818043
LAW    ,343     ,"MARMORSTEIN, VICKI ELLEN",67.0,3.5611940298507463,0.3416182839144531
HIST   ,173D    ,"MAROTTI, WILLIAM",287.0,3.6198606271777005,0.6887265287806886
HIST   ,C200Q   ,"MAROTTI, WILLIAM",11.0,3.972727272727273,0.0862439361864103
HIST   ,C187R   ,"MAROTTI, WILLIAM",11.0,3.8000000000000003,0.371728150913834
EA STDS,M265    ,"MAROTTI, WILLIAM",14.0,3.9785714285714286,0.07726181304565687
HIST   ,97G     ,"MAROTTI, WILLIAM",31.0,3.732258064516129,0.9815679020352751
HIST   ,C200M   ,"MAROTTI, WILLIAM",10.0,4.0,0.0
EA STDS,291A    ,"MAROTTI, WILLIAM",8.0,3.9625,0.09921567416492208
CESC   ,100XP   ,"MARQUEZ, RIGOBERTO",46.0,3.9130434782608696,0.4479949027525308
CESC   ,152     ,"MARQUEZ, RIGOBERTO",48.0,3.8666666666666667,0.5899623340142619
CESC   ,M190A   ,"MARQUEZ, RIGOBERTO",28.0,4.0,0.0
CESC   ,50XP    ,"MARQUEZ, RIGOBERTO",303.0,3.748844884488449,0.7204167654026186
MATH   ,33B     ,"MARSDEN, KATIE",548.0,3.1366788321167887,1.102214720919556
MATH   ,135     ,"MARSDEN, KATIE",103.0,2.849514563106796,1.2537225182234453
CLASSIC,42      ,"MARTELLI, FRANCESCA KATHERINE ANN",144.0,3.691666666666667,0.5133630943753813
LATIN  ,200C    ,"MARTELLI, FRANCESCA KATHERINE ANN",10.0,3.97,0.08999999999999996
CLASSIC,163     ,"MARTELLI, FRANCESCA KATHERINE ANN",30.0,3.6866666666666665,0.29858927568744925
RELIGN ,177     ,"MARTIN, ERIC EDMUND",94.0,3.8499999999999996,0.2838751598554877
LAW    ,619     ,"MARTINEZ, ADRIANO L",19.0,3.9157894736842103,0.18140724146962195
ENGCOMP,2       ,"MARTINEZ, ANDREW M",34.0,3.6558823529411764,0.5907080380011512
ENGCOMP,3D      ,"MARTINEZ, ANDREW M",134.0,3.8835820895522386,0.48425878579486237
ENGCOMP,50      ,"MARTINEZ, ANDREW M",51.0,3.980392156862745,0.1386483884679505
ENGCOMP,100W    ,"MARTINEZ, ANDREW M",39.0,3.894871794871795,0.29521718901793337
ENGCOMP,3       ,"MARTINEZ, ANDREW M",389.0,3.8431876606683812,0.3548215355780307
CCAS   ,100XP   ,"MARTINEZ, CELINA M",421.0,3.8596199524940618,0.6582809600085183
CCAS   ,117     ,"MARTINEZ, CELINA M",94.0,3.853191489361702,0.39158763798853685
CCAS   ,188     ,"MARTINEZ, CELINA M",170.0,3.8270588235294114,0.5053567721204769
CCAS   ,M114    ,"MARTINEZ, CELINA M",201.0,3.802487562189055,0.6558150002263732
FILM TV,M117    ,"MARTINEZ, CELINA M",57.0,3.8508771929824563,0.5675811425157543
COM LIT,4DW     ,"MARTINEZ, NANCY",19.0,3.5999999999999996,0.45073040138961357
COM LIT,191     ,"MARTINEZ, NANCY",9.0,3.6666666666666665,0.35901098714230034
EDUC   ,255C    ,"MARTINEZ-FERNANDEZ, JOSE-FELIPE",7.0,3.957142857142857,0.1049781318335647
EDUC   ,200B    ,"MARTINEZ-FERNANDEZ, JOSE-FELIPE",20.0,3.8600000000000003,0.1907878402833891
EDUC   ,35      ,"MARTINEZ-FERNANDEZ, JOSE-FELIPE",338.0,3.521301775147929,0.5711677729950208
THEATER,134A    ,"MARTINO, LEANORA",44.0,3.897727272727273,0.35642711633123303
THEATER,134E    ,"MARTINO, LEANORA",27.0,3.937037037037037,0.2263202387770695
THEATER,134D    ,"MARTINO, LEANORA",37.0,3.7594594594594595,0.740875836502461
THEATER,134B    ,"MARTINO, LEANORA",31.0,3.935483870967742,0.21634558241428667
THEATER,134C    ,"MARTINO, LEANORA",27.0,3.6703703703703705,0.92968127346591
THEATER,134F    ,"MARTINO, LEANORA",24.0,4.0,0.0
PORTGSE,290     ,"MARTINS LINO, PATRICIA SOFIA",11.0,4.0,0.0
PORTGSE,46      ,"MARTINS LINO, PATRICIA SOFIA",42.0,3.8976190476190475,0.2668048111564629
PORTGSE,141A    ,"MARTINS LINO, PATRICIA SOFIA",11.0,3.4,0.9438798074485389
ECON   ,11      ,"MARTNER, ANTONIO",51.0,2.854901960784314,0.8794636791461782
ECON   ,1       ,"MARTNER, ANTONIO",170.0,2.774705882352941,1.0721644828106796
SPAN   ,119     ,"MARTURANO, JORGE",113.0,3.8637168141592917,0.42406835876203347
SPAN   ,170     ,"MARTURANO, JORGE",34.0,3.9029411764705886,0.35767656612022697
SPAN   ,150     ,"MARTURANO, JORGE",52.0,3.7769230769230777,0.7814226140669004
CHEM   ,110A    ,"MASON, THOMAS G",231.0,3.425974025974027,0.9779033934619502
CHEM   ,110B    ,"MASON, THOMAS G",102.0,3.2794117647058822,0.9070895317911685
PUB PLC,298D    ,"MASSERMAN, MICHAEL DAVID",19.0,4.0,0.0
PUB AFF,M191P   ,"MASSERMAN, MICHAEL DAVID",30.0,3.99,0.05385164807134501
PUB PLC,298C    ,"MASSERMAN, MICHAEL DAVID",19.0,3.6999999999999997,0.40522898010358227
PUB PLC,C291B   ,"MASSERMAN, MICHAEL DAVID",101.0,3.933663366336633,0.1630630247607143
COM HLT,485     ,"MASSEY, PHILIP",29.0,3.8931034482758617,0.17406109605688222
COM HLT,160     ,"MASSEY, PHILIP",39.0,3.9615384615384617,0.10029542161850223
COM HLT,211B    ,"MASSEY, PHILIP",50.0,3.888,0.17959955456514917
COM HLT,288     ,"MASSEY, PHILIP",44.0,3.838636363636364,0.2524569352032766
COM HLT,292     ,"MASSEY, PHILIP",32.0,3.9406250000000003,0.19016337548276743
POL SCI,280A    ,"MASUOKA, NATALIE REMI",19.0,4.0,0.0
ASIA AM,200A    ,"MASUOKA, NATALIE REMI",13.0,4.0,0.0
POL SCI,186     ,"MASUOKA, NATALIE REMI",337.0,3.6611275964391696,0.48503042675322827
POL SCI,191F    ,"MASUOKA, NATALIE REMI",13.0,4.0,0.0
ASIA AM,M151    ,"MASUOKA, NATALIE REMI",12.0,4.0,0.0
SPAN   ,100B    ,"MATEU, VICTORIA",85.0,3.5976470588235294,0.567756466140449
PORTGSE,M35     ,"MATEU, VICTORIA",149.0,3.667114093959732,0.5427302286371454
SPAN   ,160     ,"MATEU, VICTORIA",29.0,3.731034482758621,0.3992263624387946
SPAN   ,M35     ,"MATEU, VICTORIA",226.0,3.5690265486725665,0.6421864816167295
NEURO  ,M220    ,"MATHEWS, PAUL J",15.0,3.5799999999999996,0.530659966456864
ART HIS,25      ,"MATHUR, SALONI",797.0,3.7713927227101633,0.4995703977226759
ART HIS,154D    ,"MATHUR, SALONI",62.0,3.1467741935483864,1.1456393822546154
I A STD,1       ,"MATISOFF, ADINA",206.0,3.4364077669902917,0.7572848207547138
I A STD,191     ,"MATISOFF, ADINA",10.0,3.5100000000000002,0.7119691004531026
GLBL ST,191     ,"MATISOFF, ADINA",22.0,3.5,0.520489280301805
CLUSTER,20B     ,"MATSUMOTO, VALERIE J",201.0,3.9223880597014924,0.3583353839904989
ASIA AM,191B    ,"MATSUMOTO, VALERIE J",26.0,3.75,0.3388328382959543
ASIA AM,200A    ,"MATSUMOTO, VALERIE J",10.0,3.94,0.11999999999999993
CLUSTER,20A     ,"MATSUMOTO, VALERIE J",438.0,3.913698630136986,0.41330002872297955
HIST   ,C191D   ,"MATSUMOTO, VALERIE J",33.0,3.684848484848485,0.40386107131283
HNRS   ,50      ,"MATTENSON, LAURI MICHELE",99.0,3.862626262626262,0.22499645724971076
HNRS   ,65W     ,"MATTENSON, LAURI MICHELE",80.0,3.7912499999999993,0.2894795977266792
ENGCOMP,5W      ,"MATTENSON, LAURI MICHELE",18.0,3.738888888888889,0.2965334698907227
ENGCOMP,137     ,"MATTENSON, LAURI MICHELE",50.0,3.778,0.29071635660898065
ENGCOMP,3D      ,"MATTENSON, LAURI MICHELE",275.0,3.5581818181818186,0.42438871936464917
MECH&AE,162A    ,"MATTHES, CHRISTOPHER STANLEY RUTTER",310.0,3.612903225806451,0.5131445972935208
PUB PLC,291A    ,"MATTHEWS, COREY J",93.0,3.9634408602150533,0.11243631051328869
FILM TV,288B    ,"MATTHEWS, GINA",15.0,3.98,0.07483314773547878
ECON   ,143     ,"MATZKIN, ROSA LILIANA",104.0,3.7048076923076922,0.3667371222877571
ECON   ,203C    ,"MATZKIN, ROSA LILIANA",94.0,3.648936170212765,0.36865040836181473
LAW    ,542     ,"MAULEON, EMMANUEL",19.0,3.8631578947368417,0.2275973506362069
LAW    ,661     ,"MAULEON, EMMANUEL",14.0,3.8428571428571425,0.20603150145508511
HLT POL,100     ,"MAY, JOELLE WOLSTEIN",134.0,3.6246268656716416,0.7545322329904265
EPIDEM ,413     ,"MAYEDA, ELIZABETH ROSE",69.0,3.971014492753623,0.12637814119763272
EPIDEM ,247     ,"MAYEDA, ELIZABETH ROSE",83.0,3.9457831325301207,0.11543652594702147
EPIDEM ,207     ,"MAYEDA, ELIZABETH ROSE",22.0,4.0,0.0
EPIDEM ,200A    ,"MAYEDA, ELIZABETH ROSE",72.0,3.5277777777777777,0.42236839574996027
CHEM   ,30C     ,"MAYNARD, HEATHER D",183.0,2.739344262295082,1.0627748022937766
CHEM   ,247     ,"MAYNARD, HEATHER D",42.0,3.761904761904762,0.5259695722470125
CLUSTER,20A     ,"MAYS, KYLE TRAVIS-CARRINGTON",230.0,3.9617391304347827,0.14541252185519418
AF AMER,2C      ,"MAYS, KYLE TRAVIS-CARRINGTON",40.0,3.405,0.8348502859794683
AF AMER,M121    ,"MAYS, KYLE TRAVIS-CARRINGTON",124.0,3.9629032258064516,0.2780890266871163
AM IND ,201     ,"MAYS, KYLE TRAVIS-CARRINGTON",12.0,4.0,0.0
AM IND ,M123    ,"MAYS, KYLE TRAVIS-CARRINGTON",12.0,4.0,0.0
AF AMER,188A    ,"MAYS, KYLE TRAVIS-CARRINGTON",35.0,4.0,0.0
CLUSTER,20B     ,"MAYS, KYLE TRAVIS-CARRINGTON",221.0,3.97737556561086,0.16541293219090308
PSYCH  ,M174    ,"MAYS, VICKIE M",85.0,3.0541176470588236,1.0271093579643762
PSYCH  ,188A    ,"MAYS, VICKIE M",21.0,3.5571428571428574,0.8415243700013224
HLT POL,M274    ,"MAYS, VICKIE M",15.0,3.8133333333333335,0.19955506062794354
LIFESCI,M174    ,"MAYS, VICKIE M",86.0,3.197674418604651,1.021737774599367
ENGL   ,166A    ,"MAZZAFERRO, ALEXANDER M",66.0,3.6833333333333327,0.542883249163411
ENGL   ,168     ,"MAZZAFERRO, ALEXANDER M",35.0,3.628571428571428,0.4718180209550704
ENGL   ,11      ,"MAZZAFERRO, ALEXANDER M",31.0,3.696774193548387,0.4849235862435621
AF AMER,M104A   ,"MAZZAFERRO, ALEXANDER M",20.0,2.745,1.1421361565067452
ENGL   ,M104A   ,"MAZZAFERRO, ALEXANDER M",12.0,3.2500000000000004,1.1975669779459799
ENGL   ,183A    ,"MAZZAFERRO, ALEXANDER M",16.0,3.4562500000000003,0.6072157256692221
ENGL   ,133     ,"MAZZAFERRO, ALEXANDER M",34.0,3.479411764705883,0.7419288897924454
ECON   ,11      ,"MAZZOCCO, MAURIZIO",1417.0,3.0337332392378267,0.9536497329214864
ECON   ,89      ,"MAZZOCCO, MAURIZIO",63.0,3.984126984126984,0.12498425196844144
ECON   ,261A    ,"MAZZOCCO, MAURIZIO",10.0,4.0,0.0
STATS  ,421     ,"MC CLUSKEY, THOMAS JAMES",79.0,3.9101265822784805,0.46377508099193804
LIFESCI,40      ,"MC CULLY, KRISTIN MARIE",54.0,3.6648148148148145,0.48463709500470076
LIFESCI,30B     ,"MC CULLY, KRISTIN MARIE",483.0,3.7592132505175986,0.5442081660754289
PSYCH  ,101     ,"MCAULIFFE, SEAN PATRICK",644.0,2.9683229813664593,0.7931321947139283
PSYCH  ,30      ,"MCAULIFFE, SEAN PATRICK",43.0,3.4953488372093027,0.9021817195314851
PSYCH  ,121     ,"MCAULIFFE, SEAN PATRICK",175.0,3.689714285714286,0.5840816269484733
HIST   ,187C    ,"MCBRIDE, JARED",21.0,3.9047619047619047,0.3077973830703297
CLUSTER,48A     ,"MCBRIDE, JARED",259.0,3.877606177606178,0.3262641930528094
CLUSTER,48B     ,"MCBRIDE, JARED",247.0,3.8311740890688255,0.35088067059420625
HIST   ,127C    ,"MCBRIDE, JARED",403.0,3.5342431761786606,0.6345460935468514
HIST   ,120D    ,"MCBRIDE, JARED",323.0,3.708359133126935,0.5924379768991126
HIST   ,120B    ,"MCBRIDE, JARED",198.0,3.7570707070707074,0.4421315507084099
CLUSTER,48CW    ,"MCBRIDE, JARED",41.0,3.9707317073170727,0.08901603702875438
LBR STD,174     ,"MCBRIDE, JUSTIN GUSTAVE",37.0,3.751351351351351,0.6942316856129405
URBN PL,237A    ,"MCBRIDE, JUSTIN GUSTAVE",16.0,4.0,0.0
MUSC   ,115B    ,"MCBRIEN, BRENDAN MICHAEL",12.0,4.0,0.0
MGMT   ,298D    ,"MCCANEY, JENNIFER TRYGGVI",148.0,3.647297297297297,0.37891130423778846
MGMT   ,275     ,"MCCANEY, JENNIFER TRYGGVI",49.0,3.7551020408163267,0.32829878408012436
GLBL ST,110B    ,"MCCANN, ROBERT",67.0,3.9776119402985075,0.07883649341041342
ENGR   ,214     ,"MCCANN, ROBERT",114.0,3.8921052631578945,0.22405541953929783
MGMTEX ,439     ,"MCCANN, ROBERT",161.0,3.7962732919254654,0.30723940101348657
MGMT   ,425     ,"MCCANN, ROBERT",291.0,3.769415807560138,0.3210688800390074
GLBL ST,110A    ,"MCCANN, ROBERT",67.0,3.9910447761194026,0.05105263097458824
ENGR   ,214     ,"MCCANN, ROBERT M",68.0,3.85,0.26816369013325125
MGMT   ,425     ,"MCCANN, ROBERT M",89.0,3.769662921348315,0.3227008544056901
MGMTEX ,439     ,"MCCANN, ROBERT M",57.0,3.7666666666666666,0.32998316455372223
GLBL ST,110A    ,"MCCANN, ROBERT M",36.0,3.9250000000000003,0.12990381056766573
GLBL ST,110B    ,"MCCANN, ROBERT M",36.0,3.888888888888889,0.2282515398241571
MGMTGEX,402     ,"MCCARDLE, KEVIN F",45.0,3.5444444444444443,0.3991967242993836
DESMA  ,28      ,"MCCARTHY, LAUREN LEE",55.0,3.7418181818181817,0.7240519592331903
DESMA  ,171     ,"MCCARTHY, LAUREN LEE",16.0,4.0,0.0
DESMA  ,161     ,"MCCARTHY, LAUREN LEE",21.0,3.8238095238095235,0.45867797802853444
DESMA  ,252A    ,"MCCARTHY, LAUREN LEE",10.0,4.0,0.0
DESMA  ,404     ,"MCCARTHY, LAUREN LEE",10.0,4.0,0.0
EDUC   ,222D    ,"MCCARTY, TERESA L",17.0,4.0,0.0
EDUC   ,243     ,"MCCARTY, TERESA L",18.0,4.0,0.0
EDUC   ,222A    ,"MCCARTY, TERESA L",58.0,4.0,0.0
EDUC   ,222B    ,"MCCARTY, TERESA L",34.0,3.8735294117647054,0.6761955962804445
EDUC   ,222C    ,"MCCARTY, TERESA L",11.0,4.0,0.0
LAW    ,552     ,"MCCLELLAND, STEPHANIE L",13.0,3.8076923076923075,0.20554444947519057
HIST   ,136A    ,"MCCLENDON, MURIEL C",83.0,3.3939759036144577,0.41979610587010163
HIST   ,191C    ,"MCCLENDON, MURIEL C",10.0,3.5599999999999996,0.6019966777316965
HIST   ,1B      ,"MCCLENDON, MURIEL C",634.0,3.526813880126183,0.6424079357352851
HIST   ,97C     ,"MCCLENDON, MURIEL C",12.0,3.641666666666666,0.4212250652033371
POL SCI,191A    ,"MCCLURE, KIRSTIE M",34.0,3.9705882352941178,0.1689577248981773
EDUC   ,416     ,"MCCORMACK-COLON, MICHAEL",11.0,4.0,0.0
GLB HLT,160     ,"MCCOY, MATTHEW R",85.0,3.8647058823529403,0.39128923628945655
LIFESCI,30B     ,"MCCULLY, KRISTIN MARIE",267.0,3.2827715355805243,0.9001888047146539
GERMAN ,116     ,"MCCUMBER, JOHN A",18.0,3.755555555555555,0.3386611256472927
GERMAN ,115     ,"MCCUMBER, JOHN A",10.0,3.91,0.13747727084867511
CHEM   ,101     ,"MCDERMOTT CATENA, LUCA",101.0,3.7198019801980196,0.5439168184038929
FILM TV,282B    ,"MCDERMOTT, DANIEL JAMES",15.0,4.0,0.0
ECON   ,170     ,"MCDEVITT, EDWARD P",288.0,3.0881944444444445,0.7437234148169021
ECON   ,160     ,"MCDEVITT, EDWARD P",352.0,3.1079545454545454,0.8122949518758413
ECON   ,130     ,"MCDEVITT, EDWARD P",315.0,3.080952380952381,0.7108361146279855
ECON   ,122     ,"MCDEVITT, EDWARD P",157.0,2.8866242038216563,0.9603672029540141
ECON   ,134     ,"MCDEVITT, EDWARD P",308.0,2.95,0.852783829431738
ECON   ,11      ,"MCDEVITT, EDWARD P",180.0,2.72,1.017480548544623
ECON   ,106PL   ,"MCDEVITT, EDWARD P",328.0,3.0250000000000004,0.8276012206901371
ECON   ,106P    ,"MCDEVITT, EDWARD P",330.0,3.020909090909091,0.8271999634999538
ECON   ,106FB   ,"MCDEVITT, EDWARD P",126.0,3.1373015873015873,0.6967878827086074
ECON   ,106F    ,"MCDEVITT, EDWARD P",124.0,3.14516129032258,0.698195235509852
ECON   ,1       ,"MCDEVITT, EDWARD P",116.0,2.5284482758620688,1.3320198581466522
ECON   ,121     ,"MCDEVITT, EDWARD P",233.0,3.0356223175965664,0.82210432063599
ECON   ,102     ,"MCDEVITT, EDWARD P",473.0,2.8904862579281185,0.8703565260106315
ECON   ,101     ,"MCDEVITT, EDWARD P",615.0,3.0032520325203254,0.905873782854625
FILM TV,400B    ,"MCDONALD, WILLIAM CONROY",25.0,4.0,0.0
FILM TV,298A    ,"MCDONALD, WILLIAM CONROY",48.0,4.0,0.0
FILM TV,153     ,"MCDONALD, WILLIAM CONROY",83.0,3.9963855421686745,0.032730307728207515
FILM TV,150     ,"MCDONALD, WILLIAM CONROY",148.0,3.939864864864865,0.3533124841669552
FILM TV,C157    ,"MCDONALD, WILLIAM CONROY",10.0,4.0,0.0
FILM TV,C416    ,"MCDONALD, WILLIAM CONROY",32.0,4.0,0.0
FILM TV,C118    ,"MCDONALD, WILLIAM CONROY",25.0,3.948,0.2022275945562326
FILM TV,1A      ,"MCDONALD, WILLIAM CONROY",59.0,4.0,0.0
FILM TV,195     ,"MCDONALD, WILLIAM CONROY",10.0,4.0,0.0
FILM TV,C417    ,"MCDONALD, WILLIAM CONROY",23.0,4.0,0.0
FILM TV,122E    ,"MCDONALD, WILLIAM CONROY",59.0,3.871186440677966,0.4388161452221992
FILM TV,102A    ,"MCDONALD, WILLIAM CONROY",100.0,4.0,0.0
FILM TV,1B      ,"MCDONALD, WILLIAM CONROY",58.0,4.0,0.0
FILM TV,102C    ,"MCDONALD, WILLIAM CONROY",54.0,4.0,0.0
EDUC   ,296I    ,"MCDONOUGH, PATRICIA M",28.0,4.0,0.0
WL ARTS,100A    ,"MCDOWELL, CAROL LYN",398.0,4.0,0.0
DANCE  ,160     ,"MCDOWELL, CAROL LYN",10.0,3.9299999999999997,0.21000000000000005
DANCE  ,11      ,"MCDOWELL, CAROL LYN",60.0,3.9399999999999995,0.22226110770892868
ENGL   ,150A    ,"MCEACHERN, CLAIRE",50.0,3.142,0.9385286356846019
ENGL   ,150B    ,"MCEACHERN, CLAIRE",16.0,3.18125,0.9043082646420966
ENGL   ,151     ,"MCEACHERN, CLAIRE",14.0,3.657142857142857,0.5150787536377128
ENGL   ,181B    ,"MCEACHERN, CLAIRE",11.0,3.5181818181818176,0.45290613480295105
ENGL   ,10A     ,"MCEACHERN, CLAIRE",254.0,3.4204724409448826,0.8438138562761625
SOC GEN,89      ,"MCEVOY, MEGAN MARIE",24.0,4.0,0.0
PHYSCI ,194A    ,"MCEVOY, MEGAN MARIE",194.0,4.0,0.0
SOC GEN,5       ,"MCEVOY, MEGAN MARIE",461.0,3.7600867678958787,0.44979049480567745
LIFESCI,7A      ,"MCEVOY, MEGAN MARIE",733.0,3.348431105047749,0.7215742753765105
ECON   ,195C    ,"MCGARRY, KATHLEEN M",3.0,3.9,0.14142135623730942
ECON   ,12      ,"MCGARRY, KATHLEEN M",87.0,3.035632183908046,0.9774441232810241
NURSING,238B    ,"MCGRATH, NANCY",23.0,3.7347826086956526,0.3618896008119098
NURSING,237A    ,"MCGRATH, NANCY",30.0,3.8466666666666667,0.3283629428273267
NURSING,437A    ,"MCGRATH, NANCY",29.0,3.9793103448275864,0.07601864718982272
NURSING,437B    ,"MCGRATH, NANCY",28.0,3.9892857142857143,0.05567306167185673
NURSING,437C    ,"MCGRATH, NANCY",28.0,4.0,0.0
NURSING,438A    ,"MCGRATH, NANCY",9.0,4.0,0.0
NURSING,238A    ,"MCGRATH, NANCY",10.0,3.88,0.1469693845669906
PHILOS ,6       ,"MCHOSE, J BRADLEY",313.0,3.599680511182109,0.5398791961996643
PHILOS ,155A    ,"MCHOSE, J BRADLEY",89.0,3.5876404494382026,0.555831237971937
ENGL   ,M50     ,"MCHUGH, KATHLEEN A",224.0,3.8165178571428577,0.4541912156739804
FILM TV,208C    ,"MCHUGH, KATHLEEN A",11.0,3.790909090909091,0.264418901313618
FILM TV,298A    ,"MCHUGH, KATHLEEN A",11.0,3.7545454545454544,0.5898592071821213
FILM TV,M50     ,"MCHUGH, KATHLEEN A",234.0,3.6880341880341883,0.5498503903996353
FILM TV,215     ,"MCHUGH, KATHLEEN A",11.0,3.8545454545454545,0.21893808325076902
ENGCOMP,3D      ,"MCIVER, MIA LOUISE GROVES",129.0,3.7689922480620153,0.37619029689080385
ENGCOMP,100W    ,"MCIVER, MIA LOUISE GROVES",113.0,3.9230088495575224,0.2026413412806518
ENGR   ,M495J   ,"MCIVER, MIA LOUISE GROVES",1.0,4.0,0.0
ENGCOMP,3       ,"MCIVER, MIA LOUISE GROVES",16.0,3.5500000000000003,0.6373774391990981
PUB HLT,200B    ,"MCJUNKIN, KYLE STEWART",126.0,3.892857142857143,0.4131141068834644
PUB HLT,200A    ,"MCJUNKIN, KYLE STEWART",231.0,3.716017316017317,0.4479425593719493
SPAN   ,2A      ,"MCKAY VILLEGAS, ADELA",21.0,4.0,0.0
SPAN   ,3A      ,"MCKAY VILLEGAS, ADELA",21.0,4.0,0.0
EPS SCI,C109    ,"MCKEEGAN, KEVIN D",11.0,3.2454545454545456,0.6985226440835837
LAW    ,479     ,"MCKENNA, MARK PHILIP",18.0,3.7055555555555557,0.2818041522882756
LAW    ,530     ,"MCKENNA, MARK PHILIP",10.0,3.75,0.20124611797498107
LAW    ,274     ,"MCKENNA, MARK PHILIP",189.0,3.4693121693121696,0.38353694097179625
LAW    ,140     ,"MCKENNA, MARK PHILIP",187.0,3.415508021390374,0.4087611826985433
PHYSICS,1C      ,"MCKEOWN, DANIEL FREDERICK",641.0,3.2915756630265207,0.8125137786714491
PHYSICS,1B      ,"MCKEOWN, DANIEL FREDERICK",128.0,3.84453125,0.4050093736858908
PHYSICS,5A      ,"MCKEOWN, DANIEL FREDERICK",158.0,3.836708860759494,0.548571727811777
PHYSICS,5B      ,"MCKEOWN, DANIEL FREDERICK",378.0,3.5306878306878304,0.7598454680752879
ENVIRON,10      ,"MCKINNON, KAREN",270.0,3.5633333333333335,0.7572048991252364
STATS  ,202C    ,"MCKINNON, KAREN",54.0,3.714814814814815,0.6087045769523534
COMM   ,148     ,"MCLEAN, CELIA",1063.0,3.713922859830668,0.5431467681347181
COMM   ,1       ,"MCLEAN, CELIA",525.0,3.6019047619047617,0.5987257822728839
ASTR   ,276     ,"MCLEAN, IAN S",13.0,4.0,0.0
ASTR   ,5       ,"MCLEAN, IAN S",176.0,3.8187499999999996,0.43685423120096
ENGL   ,M104D   ,"MCMILLAN, URI GERVASE",20.0,3.3800000000000003,0.3736308338453881
GENDER ,185     ,"MCMILLAN, URI GERVASE",18.0,3.2222222222222223,0.5573304979548646
ENGL   ,100     ,"MCMILLAN, URI GERVASE",111.0,3.724324324324324,0.6565287113811449
ENGL   ,11      ,"MCMILLAN, URI GERVASE",16.0,3.5624999999999996,0.5967359131140005
GENDER ,205     ,"MCMILLAN, URI GERVASE",10.0,4.0,0.0
GENDER ,103     ,"MCMILLAN, URI GERVASE",160.0,3.8649999999999998,0.6041729884726724
GENDER ,187     ,"MCMILLAN, URI GERVASE",13.0,3.6999999999999997,0.35948681370916685
ENGL   ,127     ,"MCMILLAN, URI GERVASE",66.0,3.5666666666666673,0.4629723904764023
ART    ,145     ,"MCMILLIAN, RODNEY T",15.0,3.96,0.10198039027185564
ART    ,273     ,"MCMILLIAN, RODNEY T",120.0,4.0,0.0
ENV HLT,100     ,"MCNAMARA, KATHERINE",118.0,3.9483050847457624,0.3812853041942272
POL SCI,259     ,"MCNAMEE, LACHLAN ANDREW",10.0,3.97,0.08999999999999996
POL SCI,169     ,"MCNAMEE, LACHLAN ANDREW",117.0,3.867521367521368,0.2669322587099772
POL SCI,240A    ,"MCNAMEE, LACHLAN ANDREW",14.0,3.7214285714285715,0.2568450656623601
POL SCI,240B    ,"MCNAMEE, LACHLAN ANDREW",13.0,3.9076923076923076,0.13846153846153839
JAPAN  ,75      ,"MCNELLY, KIMBERLY MARIE",92.0,3.8543478260869564,0.388534885535241
PBMED  ,260C    ,"MCNITT-GRAY, MICHAEL",20.0,4.0,0.0
PBMED  ,205     ,"MCNITT-GRAY, MICHAEL",19.0,3.8157894736842106,0.2253959274248827
DESMA  ,252C    ,"MCWILLIAMS, CHANDLER BRYSON",10.0,3.97,0.08999999999999996
DESMA  ,159     ,"MCWILLIAMS, CHANDLER BRYSON",41.0,3.9853658536585366,0.06462264048532566
DESMA  ,152     ,"MCWILLIAMS, CHANDLER BRYSON",80.0,3.9599999999999995,0.22999999999999998
A&O SCI,202     ,"MCWILLIAMS, JAMES C",13.0,3.7307692307692313,0.22662953634855748
A&O SCI,201A    ,"MCWILLIAMS, JAMES C",13.0,3.776923076923077,0.24543163282375105
A&O SCI,270     ,"MCWILLIAMS, JAMES C",10.0,3.9,0.21908902300206648
EDUC   ,479     ,"MECHIKOFF, ROBERT A",15.0,3.8266666666666667,0.49862031870173745
EDUC   ,476     ,"MECHIKOFF, ROBERT A",70.0,3.6100000000000003,0.5272976930945718
ART HIS,130     ,"MEDVEDEV, NATASHA",150.0,3.7319999999999998,0.638990871087634
ART HIS,127B    ,"MEDVEDEV, NATASHA",95.0,3.8473684210526318,0.2801661556866635
ART HIS,185     ,"MEDVEDEV, NATASHA",29.0,3.9344827586206894,0.15817027505075468
ART HIS,C160    ,"MEDVEDEV, NATASHA",45.0,3.9266666666666663,0.2515728301881761
ENGCOMP,3       ,"MEHDIZADEH, NEDDA",253.0,3.6415019762845846,0.6217857403584376
ENGCOMP,5W      ,"MEHDIZADEH, NEDDA",94.0,3.691489361702128,0.6751925768580942
ENGCOMP,3D      ,"MEHDIZADEH, NEDDA",125.0,3.7903999999999995,0.47906976527432826
ENGCOMP,404     ,"MEHDIZADEH, NEDDA",15.0,4.0,0.0
ENGR   ,116     ,"MEHRNIA, ALIREZA",28.0,3.7928571428571436,0.27246044461086644
EC ENGR,180DW   ,"MEHTA, ANKUR M",29.0,3.7344827586206897,0.483718258029414
EC ENGR,183DB   ,"MEHTA, ANKUR M",47.0,3.463829787234042,0.7005850235930922
EC ENGR,209AS   ,"MEHTA, ANKUR M",97.0,3.735051546391753,0.3750027455881351
MGMT   ,298E    ,"MEHTA, KETAV HIMANSHU",29.0,3.4862068965517246,0.48046251992833516
PHYSICS,C286    ,"MEHTA, MAYANK R",15.0,3.48,0.5717808437971085
PHYSICS,C186    ,"MEHTA, MAYANK R",112.0,3.5098214285714286,0.5333452080682715
PHYSICS,5B      ,"MEHTA, MAYANK R",360.0,3.3961111111111113,0.9302248168461983
MUSC   ,20A     ,"MEITES, NOAH GIDEON",62.0,3.653225806451613,0.44747237865214395
MUSC   ,20B     ,"MEITES, NOAH GIDEON",42.0,3.5547619047619046,0.598093152862607
MUSC   ,20C     ,"MEITES, NOAH GIDEON",44.0,3.397727272727273,0.6837359393148379
MUSC   ,120A    ,"MEITES, NOAH GIDEON",46.0,3.617391304347826,0.591352299845939
MUSC   ,120B    ,"MEITES, NOAH GIDEON",43.0,3.651162790697674,0.5293137694434603
MUSC   ,3       ,"MEITES, NOAH GIDEON",14.0,3.2642857142857147,0.7686789622064439
MUSC   ,120C    ,"MEITES, NOAH GIDEON",43.0,3.618604651162791,0.5239633459368541
COM SCI,289A    ,"MEKA, RAGHU",56.0,3.867857142857143,0.24936142935301686
COM SCI,260B    ,"MEKA, RAGHU",214.0,3.762616822429907,0.33905403436868115
COM SCI,181     ,"MEKA, RAGHU",852.0,3.3821596244131453,0.660708847445542
HIST   ,179C    ,"MELDRUM, MARCIA",61.0,3.544262295081967,0.657996110946685
CLUSTER,73CW    ,"MELDRUM, MARCIA",38.0,3.85,0.21119958133929795
INF STD,289     ,"MENDES, LUIZ H",14.0,3.692857142857143,1.0271070925623271
INF STD,461     ,"MENDES, LUIZ H",62.0,3.903225806451613,0.1999739837397273
INF STD,438B    ,"MENDES, LUIZ H",27.0,4.0,0.0
INF STD,462     ,"MENDES, LUIZ H",59.0,3.867796610169491,0.22507300357364407
DESMA  ,140     ,"MENDEZ, REBECA",33.0,3.8181818181818183,0.6978124022689268
DESMA  ,146     ,"MENDEZ, REBECA",16.0,3.8562499999999997,0.28932842497756767
DESMA  ,160     ,"MENDEZ, REBECA",38.0,3.7421052631578946,0.6838865629802436
ECON   ,429A    ,"MENDLER, ADAM HARRIS",15.0,4.0,0.0
ENGCOMP,100W    ,"MENDOZA, ROBERT EDWARD",21.0,4.0,0.0
ANTHRO ,4       ,"MENDOZA-DENTON, NORMA",531.0,3.806214689265537,0.672249913630015
ANTHRO ,135R    ,"MENDOZA-DENTON, NORMA",54.0,4.0,0.0
ANTHRO ,204B    ,"MENDOZA-DENTON, NORMA",10.0,4.0,0.0
ANTHRO ,204A    ,"MENDOZA-DENTON, NORMA",10.0,4.0,0.0
LAW    ,541     ,"MENG, GRACE",20.0,4.0,0.0
EPS SCI,188     ,"MENG, LINGSEN",10.0,4.0,0.0
EPS SCI,8       ,"MENG, LINGSEN",351.0,3.474643874643875,0.7825816187362488
EPS SCI,136A    ,"MENG, LINGSEN",47.0,3.68936170212766,0.4632145050429759
MATH   ,164     ,"MENG, TINGWEI",193.0,3.1766839378238347,1.0901943490761408
MATH   ,1       ,"MENG, TINGWEI",386.0,2.6582901554404144,1.1138069798437613
MATH   ,31A     ,"MENG, TINGWEI",282.0,2.828014184397163,1.2318306274948128
ANTHRO ,154Q    ,"MENGESHA, ZION",44.0,2.602272727272727,1.3727028143516447
SOCIOL ,191V    ,"MENJIVAR, TERESA CECILIA",18.0,2.5944444444444446,1.076760688475816
SOCIOL ,M236B   ,"MENJIVAR, TERESA CECILIA",12.0,3.7416666666666667,0.37295740001000416
SOCIOL ,152     ,"MENJIVAR, TERESA CECILIA",214.0,3.4509345794392527,0.7726481138718213
MATH   ,131A    ,"MENZ, GEORG",86.0,3.203488372093023,0.5741419633251329
MATH   ,275D    ,"MENZ, GEORG",10.0,3.85,0.1499999999999999
MATH   ,170S    ,"MENZ, GEORG",60.0,2.746666666666667,1.0865030551677657
MATH   ,131AH   ,"MENZ, GEORG",40.0,3.4025,0.6182586432877425
MATH   ,178B    ,"MENZ, GEORG",54.0,3.303703703703704,0.7151697449279832
MATH   ,156     ,"MENZ, GEORG",36.0,3.380555555555555,0.5891705301355856
MATH   ,178C    ,"MENZ, GEORG",55.0,2.938181818181818,0.7362042476207782
MATH   ,167     ,"MENZ, GEORG",25.0,3.0720000000000005,0.5963354760535382
MATH   ,275A    ,"MENZ, GEORG",15.0,3.5533333333333332,0.4659995231280345
MATH   ,168     ,"MENZ, GEORG",35.0,3.3942857142857146,0.5850239834609261
HIST   ,13A     ,"MERANZE, MICHAEL",145.0,3.6,0.6964936814328341
HIST   ,143A    ,"MERANZE, MICHAEL",57.0,3.1719298245614036,0.7050580132818517
FILM TV,298A    ,"MERCER, CELIA L",22.0,4.0,0.0
ECON   ,191     ,"MERINO-HERNANDEZ, HUMBERTO",11.0,4.0,0.0
ECON   ,177     ,"MERINO-HERNANDEZ, HUMBERTO",39.0,4.0,0.0
MATH   ,210A    ,"MERKURJEV, ALEXANDER SERGEEVICH",61.0,3.2983606557377048,1.0064532439326332
MATH   ,210B    ,"MERKURJEV, ALEXANDER SERGEEVICH",48.0,3.670833333333333,0.7053244919105595
MATH   ,110BH   ,"MERKURJEV, ALEXANDER SERGEEVICH",21.0,3.2333333333333334,0.9818996812948787
MATH   ,210C    ,"MERKURJEV, ALEXANDER SERGEEVICH",44.0,3.7409090909090907,0.4463580818021363
MATH   ,110AH   ,"MERKURJEV, ALEXANDER SERGEEVICH",32.0,3.009375,1.3295580503968227
MATH   ,212A    ,"MERKURJEV, ALEXANDER SERGEEVICH",28.0,4.0,0.0
CHEM   ,144     ,"MERLIC, CRAIG A",62.0,2.9629032258064516,1.0772177230684705
CHEM   ,30C     ,"MERLIC, CRAIG A",235.0,2.9046808510638304,1.0289942436491595
CHEM   ,89      ,"MERLIC, CRAIG A",36.0,4.0,0.0
LAW    ,113     ,"MERRILL, CYNTHIA",38.0,3.592105263157894,0.37373053826983027
LAW    ,114     ,"MERRILL, CYNTHIA",152.0,3.646052631578948,0.2982143301446145
LAW    ,476     ,"MERRILL, CYNTHIA",60.0,3.4899999999999998,0.36592348927063983
EC ENGR,100     ,"MESGHALI, FARID",161.0,2.590683229813664,0.982315760686917
EC ENGR,110L    ,"MESGHALI, FARID",691.0,3.4476121562952247,0.5262206676968032
PSYCH  ,85      ,"METTLER, EVERETT WILLIAM",247.0,3.7765182186234822,0.3511911810104274
BIOENGR,175     ,"MEYER, AARON S",295.0,3.5410169491525423,0.5971505641987587
BIOENGR,C275    ,"MEYER, AARON S",15.0,3.58,0.2993325909419154
BIOENGR,167L    ,"MEYER, AARON S",141.0,3.7907801418439715,0.49348963058222256
BIOENGR,275     ,"MEYER, AARON S",57.0,3.5157894736842112,0.5350158134026985
ECON   ,201B    ,"MEYER-TER-VEHN, MORITZ",102.0,3.4254901960784316,0.4594724755480311
ECON   ,421     ,"MEYER-TER-VEHN, MORITZ",191.0,3.8089005235602094,0.3404252738381637
ECON   ,214A    ,"MEYER-TER-VEHN, MORITZ",15.0,3.7933333333333334,0.19482185594936607
ECON   ,106IL   ,"MEYER-TER-VEHN, MORITZ",543.0,3.567587476979742,0.4938844035217847
ECON   ,106I    ,"MEYER-TER-VEHN, MORITZ",544.0,3.5702205882352938,0.4909054762731295
FILM TV,294A    ,"MEYERS, HOWARD DOUGLAS",29.0,3.7620689655172415,0.3699149884663141
HLT POL,215B    ,"MIAKE-LYE, ISOMI MURIEL",15.0,4.0,0.0
HLT POL,M422    ,"MIAKE-LYE, ISOMI MURIEL",103.0,3.8796116504854368,0.2976800991293577
PHYSICS,110B    ,"MIAO, JIANWEI",60.0,3.4366666666666665,0.5322802102485328
PHYSICS,262     ,"MIAO, JIANWEI",17.0,4.0,0.0
PHYSICS,M180G   ,"MIAO, JIANWEI",14.0,3.8857142857142857,0.20303814862216993
PHYSICS,210B    ,"MIAO, JIANWEI",22.0,3.5818181818181816,0.35883189738164645
PHYSICS,210A    ,"MIAO, JIANWEI",25.0,3.6919999999999997,0.3223910668737582
MOL BIO,254C    ,"MICELI, M CARRIE",11.0,3.972727272727273,0.0862439361864103
FILM TV,297B    ,"MICHAEL, GABRIEL JOSPEH",32.0,4.0,0.0
FILM TV,297A    ,"MICHAEL, GABRIEL JOSPEH",33.0,4.0,0.0
MGMTEX ,403     ,"MICHAELI, BEATRICE",79.0,3.6556962025316455,0.39095690313915876
MGMTEX ,439     ,"MICHAELI, BEATRICE",85.0,3.7658823529411762,0.3689581328636467
MGMT   ,222     ,"MICHAELI, BEATRICE",248.0,3.8072580645161294,0.4189413283844313
LAW    ,269     ,"MICHAELS, JON",64.0,3.465625,0.6088459241671903
LAW    ,515     ,"MICHAELS, JON",45.0,3.9,0.3190262963734773
LAW    ,216     ,"MICHAELS, JON",123.0,3.568292682926829,0.3580246331105447
STATS  ,102B    ,"MICHAILIDIS, GEORGE",306.0,3.856862745098039,0.22902598701832796
STATS  ,417     ,"MICHAILIDIS, GEORGE",53.0,3.841509433962264,0.37185611046765454
STATS  ,202B    ,"MICHAILIDIS, GEORGE",72.0,3.740277777777778,0.6728174018058982
POL SCI,169     ,"MICHEL, JULIAN",14.0,3.4285714285714284,0.6192490514769499
GERMAN ,104     ,"MICHELL, KALANI BIANCA",66.0,3.792424242424242,0.3775160466429353
ARCH&UD,289     ,"MICHELON, LAURE HELENE",183.0,3.8136612021857923,0.39571369427780984
ARCH&UD,403C    ,"MICHELON, LAURE HELENE",53.0,3.839622641509434,0.24366666268948234
ARCH&UD,401     ,"MICHELON, LAURE HELENE",153.0,3.754248366013071,0.39589180011625763
EPIDEM ,413     ,"MICHELS, KARIN B",18.0,3.7055555555555557,0.2818041522882756
EDUC   ,230B    ,"MICKEY-PABELLO, DAVID",19.0,3.8631578947368417,0.2718562435819991
SPAN   ,150     ,"MIDDLETON, MCKENNA ROSE",24.0,3.9625,0.0992156741649221
SPAN   ,3       ,"MIDDLETON, MCKENNA ROSE",54.0,3.724074074074074,0.6503375719393694
SPAN   ,4       ,"MIDDLETON, MCKENNA ROSE",20.0,3.675,0.8926785535678563
SPAN   ,5       ,"MIDDLETON, MCKENNA ROSE",46.0,3.869565217391304,0.29845221394313937
SPAN   ,2       ,"MIDDLETON, MCKENNA ROSE",20.0,3.7600000000000002,0.46840153714521476
MCD BIO,168     ,"MIKKOLA, HANNA K A",246.0,3.8548780487804875,0.2618659306127946
MUSC   ,20B     ,"MILBURN, DWAYNE STEVEN",82.0,3.074390243902439,0.9414326103895163
MUSC   ,116     ,"MILBURN, DWAYNE STEVEN",78.0,3.8602564102564108,0.31717492689962173
MUSC   ,111C    ,"MILBURN, DWAYNE STEVEN",33.0,3.2121212121212124,0.936711713278141
MUSC   ,117     ,"MILBURN, DWAYNE STEVEN",16.0,3.875,0.23848480035423647
MUSC   ,185F    ,"MILBURN, DWAYNE STEVEN",304.0,4.0,0.0
MUSC   ,20A     ,"MILBURN, DWAYNE STEVEN",90.0,3.414444444444444,0.9087917633516506
MUSC   ,20C     ,"MILBURN, DWAYNE STEVEN",78.0,3.464102564102564,0.5645452808198732
MUSC   ,110C    ,"MILBURN, DWAYNE STEVEN",24.0,3.9875000000000003,0.05994789404140896
URBN PL,M258    ,"MILLARD-BALL, ADAM S",22.0,3.6818181818181817,0.3749380114054779
URBN PL,207     ,"MILLARD-BALL, ADAM S",59.0,3.654237288135594,0.3823752854834868
URBN PL,229     ,"MILLARD-BALL, ADAM S",33.0,3.721212121212121,0.2941423853907819
URBN PL,213     ,"MILLARD-BALL, ADAM S",34.0,3.764705882352941,0.30571262259261844
PUB AFF,154     ,"MILLARD-BALL, ADAM S",39.0,3.5641025641025643,0.5050956647074353
MIMG   ,191H    ,"MILLER, JEFFREY H",16.0,4.0,0.0
MIMG   ,158     ,"MILLER, JEFFREY H",281.0,3.9459074733096084,0.31384309152940304
MIMG   ,199     ,"MILLER, JEFFREY H",10.0,4.0,0.0
THEATER,72      ,"MILLER, LESLIE ELLEN",78.0,3.9346153846153844,0.17746572300091273
COM SCI,30      ,"MILLSTEIN, TODD D",386.0,3.172538860103627,1.1361567248457285
COM SCI,231     ,"MILLSTEIN, TODD D",29.0,3.6965517241379304,0.44835543060411315
COM SCI,1       ,"MILLSTEIN, TODD D",310.0,3.9870967741935486,0.22681801072576704
PUB HLT,200B    ,"MIMIAGA, MATTHEW JAMES",126.0,3.892857142857143,0.4131141068834644
EPIDEM ,271     ,"MIMIAGA, MATTHEW JAMES",56.0,3.982142857142857,0.10019114385075385
POL SCI,20      ,"MIN, ERIC ARAM",1169.0,3.561077844311377,0.6898128593594766
GLBL ST,191     ,"MIN, ERIC ARAM",93.0,3.6860215053763437,0.5119205663031966
GLBL ST,103     ,"MIN, ERIC ARAM",595.0,3.8865546218487386,0.25408407585814763
MATH   ,31B     ,"MIN, HYUNKI",203.0,3.1142857142857143,0.9270127122179352
MATH   ,115A    ,"MIN, HYUNKI",70.0,3.4357142857142855,0.7248715579398904
MATH   ,110B    ,"MIN, HYUNKI",29.0,3.5827586206896553,0.5356716477001762
MATH   ,33A     ,"MIN, HYUNKI",213.0,3.7460093896713613,0.5103120097838915
MATH   ,33B     ,"MIN, HYUNKI",400.0,3.845,0.44640228494038875
MATH   ,132     ,"MIN, HYUNKI",116.0,3.382758620689655,0.6889867450390297
MGMTEX ,470     ,"MINOR, DYLAN BLU",17.0,3.7235294117647055,0.29809081080752775
MGMTEX ,420     ,"MINOR, DYLAN BLU",119.0,3.4647058823529413,0.43242296351739073
MGMT   ,298D    ,"MINOR, DYLAN BLU",20.0,3.79,0.3519943181359608
MGMTEX ,439     ,"MINOR, DYLAN BLU",35.0,3.5771428571428574,0.3847713341607412
LAW    ,835     ,"MIRHOSSENI, BAHAR",12.0,4.0,0.0
LING   ,120C    ,"MIRRAZI, ZAHRA",41.0,3.678048780487805,0.7403071857869414
LING   ,120B    ,"MIRRAZI, ZAHRA",76.0,3.2394736842105263,1.0039499551598046
ARCH&UD,411     ,"MIRZAEIAN, NARINEH",10.0,3.84,0.22449944320643647
ARCH&UD,413     ,"MIRZAEIAN, NARINEH",20.0,3.655,0.3323777970924051
ARCH&UD,414     ,"MIRZAEIAN, NARINEH",20.0,3.7699999999999996,0.2685144316419511
ARCH&UD,415     ,"MIRZAEIAN, NARINEH",19.0,3.7421052631578946,0.2642084294318134
ARCH&UD,401     ,"MIRZAEIAN, NARINEH",21.0,3.723809523809524,0.3584420812677869
COM SCI,M148    ,"MIRZASOLEIMAN, BAHARAN",708.0,3.3327683615819215,0.805015855908781
COM SCI,260D    ,"MIRZASOLEIMAN, BAHARAN",256.0,3.486328125,0.5569944051191038
COM SCI,269     ,"MIRZASOLEIMAN, BAHARAN",74.0,3.95,0.26774836916252015
MGMTMSA,408     ,"MISIC, VELIBOR",406.0,3.5394088669950734,0.45140573572618636
MGMTGEX,402     ,"MISIC, VELIBOR",22.0,3.836363636363636,0.2821112845305982
MGMTEX ,402     ,"MISIC, VELIBOR",129.0,3.6372093023255814,0.39376335069121815
EDUC   ,256B    ,"MISTRY, RASHMITA S",23.0,3.904347826086956,0.17810173172403512
EDUC   ,105B    ,"MISTRY, RASHMITA S",59.0,3.784745762711865,0.3477840550150673
EDUC   ,133     ,"MISTRY, RASHMITA S",37.0,3.751351351351351,0.5155011319995024
PUB AFF,145     ,"MITCHELL, DANIEL JB",21.0,3.3857142857142852,0.49211469267671676
A&O SCI,200A    ,"MITCHELL, JONATHAN LLOYD",27.0,3.82962962962963,0.4293102260990252
EPS SCI,M71     ,"MITCHELL, JONATHAN LLOYD",17.0,3.405882352941177,1.0246781923725494
A&O SCI,3L      ,"MITCHELL, JONATHAN LLOYD",52.0,3.571153846153846,0.6709168636051881
A&O SCI,3       ,"MITCHELL, JONATHAN LLOYD",183.0,3.5879781420765027,0.7483809552407383
EPS SCI,153     ,"MITCHELL, JONATHAN LLOYD",33.0,3.863636363636364,0.32269526089634265
A&O SCI,M71     ,"MITCHELL, JONATHAN LLOYD",12.0,3.2000000000000006,1.248332220738267
EDUC   ,409     ,"MITCHELL, KIM",33.0,3.878787878787879,0.6856793029687733
EDUC   ,407     ,"MITCHELL, KIM",34.0,3.9558823529411766,0.1062493639305202
SOC WLF,211B    ,"MITCHELL, TRISTIAN EDAN",21.0,3.9714285714285715,0.08806305718527103
SOC WLF,210C    ,"MITCHELL, TRISTIAN EDAN",29.0,3.786206896551724,0.2849369415188083
SOC WLF,210A    ,"MITCHELL, TRISTIAN EDAN",28.0,3.9892857142857143,0.05567306167185673
AM IND ,202     ,"MITHLO, NANCY MARIE",12.0,3.975,0.08291561975888495
GENDER ,185     ,"MITHLO, NANCY MARIE",101.0,3.8742574257425746,0.3682050293423178
GENDER ,187     ,"MITHLO, NANCY MARIE",27.0,3.918518518518519,0.1678558399055505
AM IND ,M187A   ,"MITHLO, NANCY MARIE",24.0,3.8083333333333336,0.7983924821512008
GENDER ,M185A   ,"MITHLO, NANCY MARIE",31.0,3.938709677419355,0.19290214693840066
KOREA  ,101C    ,"MITSUNAGA, JAE EUN IM",12.0,3.9250000000000003,0.12990381056766573
KOREA  ,2       ,"MITSUNAGA, JAE EUN IM",193.0,3.7652849740932646,0.6405042108982323
KOREA  ,1       ,"MITSUNAGA, JAE EUN IM",338.0,3.7937869822485206,0.5899978754919174
KOREA  ,101B    ,"MITSUNAGA, JAE EUN IM",30.0,3.916666666666667,0.24776781245530838
KOREA  ,3       ,"MITSUNAGA, JAE EUN IM",216.0,3.789814814814815,0.516386987889899
KOREA  ,101A    ,"MITSUNAGA, JAE EUN IM",12.0,3.6750000000000003,0.903811374126261
ANTHRO ,191HC   ,"MIYAKE, LETRITIA RAE",35.0,3.9485714285714284,0.1130649082137678
ECON   ,414     ,"MLADINA, PETER JOHN",54.0,3.5185185185185186,0.4078280656582452
ENGL   ,109     ,"MO'E'HAHNE, HO'ESTA",27.0,3.359259259259259,1.0524255086718275
ENGL   ,M191E   ,"MO'E'HAHNE, HO'ESTA",20.0,3.8250000000000006,0.3176082492631449
ENGL   ,115E    ,"MO'E'HAHNE, HO'ESTA",103.0,3.8864077669902914,0.3180793525250903
ENGL   ,106     ,"MO'E'HAHNE, HO'ESTA",158.0,3.75,0.4544784185320491
LAW    ,696     ,"MODISETT, JEFFREY ASHWORTH",29.0,3.6413793103448273,0.7265968105415682
ENGCOMP,3       ,"MOE, MICHELE LOUISE",588.0,3.760884353741496,0.47933546001165234
MIL SCI,131     ,"MOEHNKE, SHAWN TRACY",22.0,3.877272727272727,0.43477456873629894
MIL SCI,132     ,"MOEHNKE, SHAWN TRACY",12.0,3.6166666666666667,0.6189148209209047
MIL SCI,133     ,"MOEHNKE, SHAWN TRACY",11.0,3.8181818181818183,0.5749595745760689
DESMA  ,159     ,"MOELLER, CHRISTIAN ALI RESAR",17.0,3.864705882352941,0.3394479540294943
ETHNMUS,135     ,"MOHAMMADI, MOHSEN",71.0,3.9478873239436614,0.23308050651089193
MUSCLG ,188     ,"MOHAMMADI, MOHSEN",18.0,3.7611111111111106,0.42181998383840486
C&EE   ,C264    ,"MOHANTY, SANJAY",30.0,3.9066666666666667,0.16918103387266026
C&EE   ,153     ,"MOHANTY, SANJAY",472.0,3.766313559322034,0.4513031639024351
C&EE   ,C164    ,"MOHANTY, SANJAY",130.0,3.893846153846154,0.2397928099755627
C&EE   ,C159    ,"MOHANTY, SANJAY",157.0,3.8343949044585988,0.2619654705199449
C&EE   ,C259    ,"MOHANTY, SANJAY",45.0,3.768888888888889,0.33981839739760494
C&EE   ,C159    ,"MOHANTY, SANJAY K",58.0,3.9620689655172416,0.12152420818417996
C&EE   ,153     ,"MOHANTY, SANJAY K",148.0,3.6810810810810817,0.45371609043889505
C&EE   ,164     ,"MOHANTY, SANJAY K",64.0,4.0,0.0
C&EE   ,C259    ,"MOHANTY, SANJAY K",31.0,3.9612903225806453,0.10057069205238636
C&EE   ,246     ,"MOHTASHAM DOLATSHAHI, KIARASH",31.0,3.4000000000000004,0.7556240744811429
SOC WLF,241J    ,"MOIO, JENE A",75.0,3.8973333333333335,0.24109380378230838
SOC WLF,210C    ,"MOIO, JENE A",104.0,3.7451923076923084,0.39195756434660206
SOC WLF,231A    ,"MOIO, JENE A",214.0,3.7686915887850465,0.35990804669913146
SOC WLF,213A    ,"MOIO, JENE A",107.0,3.9785046728971967,0.10592541670155316
SOC WLF,210B    ,"MOIO, JENE A",46.0,3.9478260869565216,0.1137104072228001
SOC WLF,231K    ,"MOIO, JENE A",128.0,3.79765625,0.37779476152527247
LBR STD,10      ,"MOLINA, ROSEMARIE ANTOINETTE",120.0,3.933333333333333,0.20669354663903325
ECON   ,1       ,"MOLLIGO, PATRICK ANTHONY",98.0,3.361224489795918,0.7047408921827479
EC ENGR,110     ,"MOLOUDI, SHERVIN",92.0,2.3750000000000004,1.251575094587338
EC ENGR,110H    ,"MOLOUDI, SHERVIN",29.0,3.575862068965517,0.5170574385579741
EC ENGR,215C    ,"MOLOUDI, SHERVIN",39.0,3.2025641025641027,0.7069207983371478
EC ENGR,111L    ,"MOLOUDI, SHERVIN",114.0,3.5850877192982455,0.8197381327841303
EC ENGR,115B    ,"MOLOUDI, SHERVIN",71.0,3.195774647887324,0.737226744740102
EC ENGR,115A    ,"MOLOUDI, SHERVIN",65.0,2.9230769230769225,0.9775588482414488
EC ENGR,215D    ,"MOLOUDI, SHERVIN",63.0,3.1793650793650796,0.6747506841528034
EC ENGR,100     ,"MOLOUDI, SHERVIN",11.0,3.272727272727273,0.6689080777871693
HIST   ,187F    ,"MOMDJIAN, MARAN",85.0,3.9388235294117644,0.1338076913704746
HIST   ,C191F   ,"MOMDJIAN, MARAN",49.0,3.9877551020408166,0.05935934519285297
HIST   ,191C    ,"MOMDJIAN, MARAN",15.0,4.0,0.0
HIST   ,111C    ,"MOMDJIAN, MARAN",390.0,3.9128205128205127,0.36103802426315096
HIST   ,111B    ,"MOMDJIAN, MARAN",321.0,3.929283489096573,0.2565329295295197
HIST   ,191F    ,"MOMDJIAN, MARAN",84.0,3.7738095238095237,0.7473953259437942
GENDER ,185     ,"MOMENI, ESHA",281.0,3.786832740213523,0.45181043933466114
GENDER ,10      ,"MOMENI, ESHA",749.0,3.832843791722296,0.44576638185013345
GENDER ,187     ,"MOMENI, ESHA",20.0,3.715,0.47986977400123887
LBR STD,M149    ,"MOMENI, ESHA",10.0,3.6,1.2
COMM   ,M149    ,"MOMENI, ESHA",9.0,4.0,0.0
GENDER ,M149    ,"MOMENI, ESHA",41.0,3.7170731707317066,0.7625062779507699
MAT SCI,223     ,"MOMENT, AARON",37.0,3.408108108108108,0.6037622488840304
MAT SCI,110     ,"MOMENT, AARON",49.0,2.8918367346938774,0.8668113592518925
MAT SCI,122     ,"MOMENT, AARON",31.0,3.5064516129032257,0.4219275919159343
THEATER,125C    ,"MONAGHAN, EDWARD JAMES",49.0,3.8877551020408165,0.2994093866954009
THEATER,125B    ,"MONAGHAN, EDWARD JAMES",83.0,3.7746987951807225,0.40414818154873694
THEATER,117     ,"MONAGHAN, EDWARD JAMES",18.0,3.927777777777778,0.1789026909789402
THEATER,138     ,"MONAGHAN, EDWARD JAMES",49.0,3.8591836734693876,0.38961957759287263
THEATER,25      ,"MONAGHAN, EDWARD JAMES",101.0,3.8584158415841583,0.3058075906862376
THEATER,171A    ,"MONAGHAN, EDWARD JAMES",20.0,3.6100000000000003,0.8682741502543998
EPS SCI,111     ,"MONARREZ, PEDRO",20.0,3.715,0.4234087859267921
EPS SCI,16      ,"MONARREZ, PEDRO",137.0,3.656934306569343,0.7490914809148904
CH ENGR,103     ,"MONBOUQUETTE, HAROLD G",217.0,2.940092165898618,0.8193545795254447
CH ENGR,104A    ,"MONBOUQUETTE, HAROLD G",59.0,3.928813559322034,0.12762610574248603
URBN PL,229     ,"MONKKONEN, PAAVO",60.0,3.7383333333333337,0.30281549204461494
PUB AFF,149     ,"MONKKONEN, PAAVO",43.0,3.623255813953488,0.3886992077353708
URBN PL,M296    ,"MONKKONEN, PAAVO",22.0,3.5954545454545457,0.4487125752713106
COM SCI,130     ,"MONROE, ALEXANDER ROBERT",241.0,3.633609958506224,0.4841802728987558
CLUSTER,20A     ,"MONTEIRO, NATALINA",436.0,3.9422018348623853,0.25942546895319935
CLUSTER,20B     ,"MONTEIRO, NATALINA",422.0,3.951184834123223,0.27612075618736875
AF AMER,1       ,"MONTEIRO, NATALINA",127.0,3.5204724409448818,0.8029805287523846
ENVIRON,168     ,"MONTGOMERY, ALESIA",94.0,3.790425531914894,0.24627831900504582
ENVIRON,188A    ,"MONTGOMERY, ALESIA",38.0,3.8684210526315788,0.2646798096985296
PUB AFF,M161    ,"MONTGOMERY, ALESIA",32.0,3.909375,0.26143758217784985
URBN PL,M167    ,"MONTGOMERY, ALESIA",10.0,3.97,0.08999999999999996
ENVIRON,M167    ,"MONTGOMERY, ALESIA",81.0,3.8987654320987657,0.2584349034068103
ENVIRON,297A    ,"MONTGOMERY, ALESIA",11.0,4.0,0.0
MGMT   ,275     ,"MONTGOMERY, MICHAEL JOHN",96.0,3.335416666666667,0.5744524869144726
PSYCH  ,124D    ,"MONTI, MARTIN M",86.0,3.703488372093024,0.5154468989903278
PSYCH  ,186D    ,"MONTI, MARTIN M",78.0,3.8730769230769226,0.3838646519359618
PSYCH  ,265     ,"MONTI, MARTIN M",62.0,3.9241935483870973,0.1613306401222274
PSYCH  ,120A    ,"MONTI, MARTIN M",610.0,3.6193442622950815,0.613284275678863
PSYCH  ,100A    ,"MONTOYA, AMANDA K",494.0,3.898582995951417,0.334969356557163
PSYCH  ,254B    ,"MONTOYA, AMANDA K",58.0,3.9051724137931036,0.21449412321593708
PSYCH  ,M257    ,"MONTOYA, AMANDA K",18.0,3.688888888888889,0.9134117295362048
PSYCH  ,250C    ,"MONTOYA, AMANDA K",125.0,3.9128,0.2742191824070665
INF STD,202     ,"MONTOYA, ROBERT D",48.0,3.875,0.5994789404140899
INF STD,439     ,"MONTOYA, ROBERT D",114.0,3.968421052631579,0.15235910343294873
INF STD,422     ,"MONTOYA, ROBERT D",48.0,4.0,0.0
INF STD,289     ,"MONTOYA, ROBERT D",24.0,3.9875000000000003,0.05994789404140896
INF STD,423     ,"MONTOYA, ROBERT D",68.0,3.991176470588235,0.050687317469453166
GENDER ,119     ,"MONTOYA, SARAH ALYSSA",48.0,3.7916666666666674,0.41273141656799306
GENDER ,185     ,"MONTOYA, SARAH ALYSSA",21.0,3.857142857142857,0.33319725113401716
MATH   ,164     ,"MONTUFAR CUARTAS, GUIDO FRANCISCO",35.0,2.6114285714285717,1.0630875326335156
STATS  ,200A    ,"MONTUFAR CUARTAS, GUIDO FRANCISCO",60.0,3.463333333333333,0.5003221184619188
MATH   ,273A    ,"MONTUFAR CUARTAS, GUIDO FRANCISCO",81.0,3.8234567901234566,0.24458158018844034
MATH   ,156     ,"MONTUFAR CUARTAS, GUIDO FRANCISCO",36.0,3.2333333333333334,0.7648529270389178
STATS  ,100A    ,"MONTUFAR CUARTAS, GUIDO FRANCISCO",213.0,3.0877934272300465,0.9628017188476315
STATS  ,231B    ,"MONTUFAR CUARTAS, GUIDO FRANCISCO",10.0,3.9299999999999997,0.21000000000000005
EPS SCI,13      ,"MOON, SEUL GI",425.0,3.0621176470588236,0.8759802497339055
EPS SCI,200D    ,"MOON, SEUL GI",12.0,3.775,0.29474565306378997
EPS SCI,C166    ,"MOON, SEUL GI",10.0,3.4400000000000004,0.616765757804371
MGMT   ,298D    ,"MOORAD, JEFFREY SHAWN",191.0,3.537696335078534,0.35082987917606734
GEOG   ,148     ,"MOORE, ADAM D",190.0,3.460526315789474,0.7595495457607581
I A STD,1       ,"MOORE, ADAM D",111.0,3.7153153153153156,0.5325779895852497
I A STD,191     ,"MOORE, ADAM D",18.0,3.6999999999999997,0.9237604307034012
GEOG   ,202     ,"MOORE, ADAM D",8.0,4.0,0.0
GEOG   ,240     ,"MOORE, ADAM D",10.0,4.0,0.0
LING   ,201A    ,"MOORE-CANTWELL, CLAIRE",11.0,4.0,0.0
LING   ,120A    ,"MOORE-CANTWELL, CLAIRE",38.0,3.5631578947368414,0.8053835479321504
LING   ,20      ,"MOORE-CANTWELL, CLAIRE",383.0,3.4715404699738897,0.8525798525769563
MGMT   ,295A    ,"MOORJANI, DINESH",77.0,3.8974025974025976,0.1865434220361088
MGMTGEX,412     ,"MOORJANI, DINESH",45.0,3.98,0.07483314773547878
MATH   ,115AH   ,"MORAGA SAEZ, JOAQUIN LEONARDO",37.0,3.2567567567567566,0.9018121517527588
MATH   ,214B    ,"MORAGA SAEZ, JOAQUIN LEONARDO",7.0,4.0,0.0
MATH   ,214B    ,"MORAGA, JOAQUIN",10.0,4.0,0.0
MATH   ,115AH   ,"MORAGA, JOAQUIN",32.0,3.3593750000000004,0.806171265535432
MATH   ,115A    ,"MORAGA, JOAQUIN",28.0,3.2178571428571425,1.116132855452436
CH ENGR,CM214   ,"MORALES GUIO, CARLOS GILBERTO",58.0,3.753448275862069,0.3891704339167589
CH ENGR,108B    ,"MORALES GUIO, CARLOS GILBERTO",143.0,3.875524475524475,0.28091179792265314
CH ENGR,CM114   ,"MORALES GUIO, CARLOS GILBERTO",20.0,3.585,0.3965791219920686
CH ENGR,108A    ,"MORALES GUIO, CARLOS GILBERTO",153.0,3.8594771241830066,0.3961312762693555
ETHNMUS,147     ,"MORCOM, ANNA FRANCES",11.0,3.9454545454545453,0.11570838237598044
ETHNMUS,C121    ,"MORCOM, ANNA FRANCES",11.0,3.5181818181818185,0.4569029772046932
ETHNMUS,46W     ,"MORCOM, ANNA FRANCES",104.0,3.8865384615384615,0.28590534081287367
PSYCH  ,186D    ,"MOREIRA, JOAO",49.0,3.8346938775510204,0.3197901227611273
THEATER,121     ,"MORELAND, JUDITH E",11.0,3.972727272727273,0.0862439361864103
THEATER,116B    ,"MORELAND, JUDITH E",53.0,3.8396226415094343,0.3837941776631282
THEATER,137     ,"MORELAND, JUDITH E",16.0,4.0,0.0
THEATER,150     ,"MORELAND, JUDITH E",49.0,3.938775510204082,0.3135161529742289
THEATER,172     ,"MORELAND, JUDITH E",12.0,4.0,0.0
THEATER,115B    ,"MORELAND, JUDITH E",19.0,3.7736842105263153,0.3767480035404901
THEATER,126A    ,"MORELAND, JUDITH E",29.0,3.9896551724137934,0.05473968229788805
THEATER,115A    ,"MORELAND, JUDITH E",35.0,3.8942857142857137,0.3233245668213353
THEATER,126B    ,"MORELAND, JUDITH E",16.0,4.0,0.0
THEATER,163B    ,"MORELAND, JUDITH E",14.0,4.0,0.0
THEATER,116A    ,"MORELAND, JUDITH E",40.0,3.965,0.15256146302392362
MED    ,180     ,"MORENO, GERARDO",18.0,4.0,0.0
MSC IND,10A     ,"MORENO, MICHELLE LYNNE TODD",51.0,3.876470588235294,0.3551239691272241
MSC IND,10B     ,"MORENO, MICHELLE LYNNE TODD",49.0,3.96734693877551,0.18777728351670925
FILM TV,488A    ,"MORGAN, JOSHUA",17.0,3.923529411764706,0.24139158269039046
CLASSIC,30      ,"MORGAN, KATHRYN ANNE",213.0,3.4877934272300473,0.8176694894316463
PHYSICS,260     ,"MORI, WARREN B",5.0,4.0,0.0
PHYSICS,M122    ,"MORI, WARREN B",16.0,3.05,1.0688779163215976
HIST   ,105A    ,"MORONY, MICHAEL G",43.0,3.5860465116279068,0.45113881499468433
ITALIAN,110     ,"MOROSINI, ROBERTA",27.0,3.548148148148148,0.8651141523351961
ITALIAN,102A    ,"MOROSINI, ROBERTA",13.0,3.930769230769231,0.12639751327042287
LGBTQS ,183     ,"MORRIS, MITCHELL BRYAN",10.0,3.8299999999999996,0.2794637722496425
MUSCLG ,M137    ,"MORRIS, MITCHELL BRYAN",60.0,3.7100000000000004,0.5058655947976695
LGBTQS ,M137    ,"MORRIS, MITCHELL BRYAN",54.0,3.7925925925925927,0.5695520825701063
ART    ,276     ,"MORRIS, REBECCA JILL",14.0,4.0,0.0
ART    ,271     ,"MORRIS, REBECCA JILL",100.0,3.9610000000000003,0.1765757627762089
ART    ,133     ,"MORRIS, REBECCA JILL",16.0,4.0,0.0
ART    ,11A     ,"MORRIS, REBECCA JILL",43.0,3.9767441860465116,0.11378725416488436
CLASSIC,191     ,"MORRIS, SARAH P",13.0,3.8846153846153846,0.14595127662315588
CLASSIC,M153C   ,"MORRIS, SARAH P",22.0,3.7363636363636363,0.4151072747938499
CLASSIC,M153B   ,"MORRIS, SARAH P",24.0,3.7708333333333335,0.4066931343845818
CLASSIC,166A    ,"MORRIS, SARAH P",44.0,3.665909090909091,0.6878633525167169
DESMA  ,159     ,"MORRISON, ROMI",14.0,4.0,0.0
DESMA  ,171     ,"MORRISON, ROMI",21.0,3.895238095238095,0.2319199173692556
MSC IND,188     ,"MOSELEY, ADAM M",20.0,4.0,0.0
MSC IND,115B    ,"MOSELEY, ADAM M",54.0,4.0,0.0
MSC IND,115A    ,"MOSELEY, ADAM M",164.0,3.967073170731708,0.15815620408300923
MSC IND,115     ,"MOSELEY, ADAM M",78.0,3.9666666666666663,0.1267610984031618
MAT SCI,261     ,"MOSLEH, ALI",78.0,3.7,0.34306312493811936
MAT SCI,262     ,"MOSLEH, ALI",57.0,3.6175438596491225,0.38439873624559223
MECH&AE,174     ,"MOSLEH, ALI",141.0,3.535460992907802,0.5850543712107217
LGBTQS ,183     ,"MOTA DE FIGUEIREDO PO, LUDMILA",20.0,3.8649999999999998,0.2920188350089768
LAW    ,331     ,"MOTOMURA, HIROSHI",81.0,3.5123456790123457,0.3960866335118634
LAW    ,632     ,"MOTOMURA, HIROSHI",29.0,3.9793103448275864,0.07601864718982272
ENGL   ,184     ,"MOTT, CHRISTOPHER M",64.0,3.8375,0.2654595072699413
ENGL   ,85      ,"MOTT, CHRISTOPHER M",288.0,3.775694444444445,0.424058848081021
ENGL   ,168     ,"MOTT, CHRISTOPHER M",97.0,3.6072164948453604,0.6094187568258949
LING   ,130     ,"MOTTER, THOMAS CLARENCE",63.0,3.311111111111111,0.7438874959978424
LING   ,165B    ,"MOTTER, THOMAS CLARENCE",41.0,3.682926829268293,0.47775003109054803
LING   ,119A    ,"MOTTER, THOMAS CLARENCE",71.0,3.0619718309859154,0.9821457103656286
LING   ,120B    ,"MOTTER, THOMAS CLARENCE",36.0,2.911111111111111,1.196238962047712
LING   ,20      ,"MOTTER, THOMAS CLARENCE",37.0,3.1486486486486487,1.0724111811320753
HLT POL,441     ,"MOUCHERAUD, CORRINA",59.0,3.815254237288136,0.41936738447334154
POL SCI,169     ,"MOUSA, SALMA",113.0,3.5318584070796457,0.9526177707347194
IRANIAN,164     ,"MOUSAVI, SEYED-ALI",160.0,3.9400000000000004,0.24166091947189144
AN N EA,CM163   ,"MOUSAVI, SEYED-ALI",37.0,3.6702702702702705,0.5535462405865427
IRANIAN,187     ,"MOUSAVI, SEYED-ALI",82.0,3.992682926829268,0.04627723405124455
IRANIAN,CM163   ,"MOUSAVI, SEYED-ALI",49.0,3.851020408163265,0.40412285916264695
COM LIT,2DW     ,"MUFTI, AAMIR R",108.0,3.5425925925925927,0.6749765021566668
COM LIT,100     ,"MUFTI, AAMIR R",17.0,3.8117647058823527,0.37240451273751557
MGMTFE ,408     ,"MUIR, TYLER STEWART",176.0,3.5920454545454543,0.5125075589041437
MGMTPHD,239     ,"MUIR, TYLER STEWART",14.0,3.6214285714285714,0.3166308608471644
MGMTEX ,408     ,"MUIR, TYLER STEWART",125.0,3.4696000000000002,0.43011142742317365
MGMTFT ,408     ,"MUIR, TYLER STEWART",169.0,3.427218934911242,0.47127419435896134
URBN PL,219     ,"MUKHIJA, VINIT",36.0,3.980555555555556,0.11503488467138145
URBN PL,273     ,"MUKHIJA, VINIT",53.0,4.0,0.0
URBN PL,274     ,"MUKHIJA, VINIT",95.0,4.0,0.0
RELIGN ,150     ,"MULDOON-HULES, KAREN M",72.0,3.7249999999999996,0.5683186703875838
RELIGN ,160     ,"MULDOON-HULES, KAREN M",88.0,3.6102272727272733,0.718116186586834
LIFESCI,7A      ,"MULJI, ALY KARIM",48.0,3.814583333333333,0.4415831288921965
ART    ,271     ,"MULLEADY VULLIETY, JILL",10.0,4.0,0.0
AF AMER,M104C   ,"MULLEN, HARRYETTE R",14.0,3.307142857142857,0.5921682744846456
ENGL   ,173C    ,"MULLEN, HARRYETTE R",34.0,3.5823529411764703,0.7168027820633109
ENGL   ,139     ,"MULLEN, HARRYETTE R",28.0,3.4892857142857143,1.0674867967448076
ENGL   ,M104E   ,"MULLEN, HARRYETTE R",43.0,3.737209302325582,0.6164501737023462
ENGL   ,136B    ,"MULLEN, HARRYETTE R",10.0,4.0,0.0
ENGL   ,M191A   ,"MULLEN, HARRYETTE R",13.0,3.769230769230769,0.2838868013422452
ENGL   ,M104C   ,"MULLEN, HARRYETTE R",21.0,3.6571428571428575,0.3539860483818248
ENGL   ,136     ,"MULLEN, HARRYETTE R",37.0,3.972972972972973,0.16216216216216217
DESMA  ,160     ,"MULLER, YOGAN MICHAEL JEAN-PIERRE",57.0,3.8473684210526318,0.24358813611381336
DESMA  ,154     ,"MULLER, YOGAN MICHAEL JEAN-PIERRE",22.0,3.9181818181818184,0.1336085314245369
DESMA  ,173     ,"MULLER, YOGAN MICHAEL JEAN-PIERRE",14.0,3.7571428571428567,0.30639443699324603
THEATER,124D    ,"MULLICK, VIKAS ADAM",31.0,3.9129032258064513,0.24328655012857814
THEATER,50      ,"MULLICK, VIKAS ADAM",75.0,3.901333333333333,0.2100751188397987
THEATER,72      ,"MULLICK, VIKAS ADAM",75.0,3.976,0.08138795979750317
THEATER,117     ,"MULLICK, VIKAS ADAM",12.0,4.0,0.0
PUB AFF,162     ,"MULLIN, MEGAN",92.0,3.718478260869565,0.5214797815552281
PUB AFF,191A    ,"MULLIN, MEGAN",33.0,3.778787878787879,0.4190592463772734
PUB PLC,210     ,"MULLIN, MEGAN",152.0,3.7282894736842107,0.4062695765579366
PHYSCI ,270B    ,"MULUGETA, MILLION",18.0,4.0,0.0
EDUC   ,477     ,"MUNGER-RIVERA, CHRISTINA ANN",48.0,3.6312499999999996,0.3916611258473325
EDUC   ,156     ,"MUNIZ, JULISSA ORTIZ",39.0,3.761538461538461,0.44180015473722767
MATH   ,33B     ,"MUNOZ, SEBASTIAN",391.0,3.328132992327366,0.9183697012337912
MATH   ,131A    ,"MUNOZ, SEBASTIAN",36.0,2.4722222222222223,1.3394881093394329
MATH   ,135     ,"MUNOZ, SEBASTIAN",19.0,2.8421052631578942,1.2145242904436133
HUM GEN,402     ,"MURALI, APARNA",10.0,4.0,0.0
FRNCH  ,119     ,"MURAT, LAURE",31.0,3.4774193548387102,0.8268516571013187
FRNCH  ,596     ,"MURAT, LAURE",6.0,4.0,0.0
FRNCH  ,133     ,"MURAT, LAURE",46.0,3.6999999999999997,0.6160886441018893
FRNCH  ,139     ,"MURAT, LAURE",25.0,3.7400000000000007,0.35213633723318016
FRNCH  ,130     ,"MURAT, LAURE",19.0,3.78421052631579,0.21827833003502867
FRNCH  ,137     ,"MURAT, LAURE",12.0,3.775,0.29474565306378997
PSYCH  ,10      ,"MURPHY, DILLON H",43.0,3.425581395348837,0.9661944104183352
PSYCH  ,85      ,"MURRAY, CAROLYN ANNE",456.0,3.5243421052631576,0.7546054543507612
PSYCH  ,120B    ,"MURRAY, CAROLYN ANNE",420.0,3.543571428571429,0.6850662860822525
PSYCH  ,124B    ,"MURRAY, CAROLYN ANNE",191.0,3.9361256544502616,0.18869534137052296
PSYCH  ,121     ,"MURRAY, CAROLYN ANNE",52.0,3.851923076923077,0.2858794693676291
COMPTNG,10A     ,"MURRAY, MICHAEL JAMES",101.0,3.2346534653465344,0.8786167845944896
COMPTNG,10B     ,"MURRAY, MICHAEL JAMES",48.0,3.4812499999999997,0.9348922063532243
COMPTNG,16A     ,"MURRAY, MICHAEL JAMES",241.0,3.7020746887966807,0.5042926217619016
PUB PLC,291A    ,"MURTAUGH, KIMBERLY S",79.0,3.9405063291139233,0.1634431634589263
PSYCH  ,100A    ,"MUSCATELLO, VIRGINIA SKLAR",225.0,3.895555555555556,0.2722380947753521
PSYCH  ,100B    ,"MUSCATELLO, VIRGINIA SKLAR",362.0,3.5900552486187842,0.7099221786294756
PHYSICS,110A    ,"MUSUMECI, PIETRO",17.0,3.4176470588235297,0.6537091403203785
PHYSICS,5B      ,"MUSUMECI, PIETRO",359.0,3.5389972144846795,0.7109059679429234
PHYSICS,150     ,"MUSUMECI, PIETRO",15.0,3.933333333333333,0.24944382578492943
PHYSICS,220     ,"MUSUMECI, PIETRO",49.0,3.6142857142857143,0.3602720060833855
PHYSICS,1B      ,"MUSUMECI, PIETRO",340.0,3.252058823529412,0.6718030147725146
COM HLT,48      ,"MUTH, NATALIE D",61.0,3.4196721311475415,1.103469888189687
MATH   ,132     ,"MUTLU AKATURK, HATICE",149.0,2.6872483221476506,1.1293098558042642
MATH   ,180     ,"MUTLU AKATURK, HATICE",37.0,3.6324324324324326,0.3763653013087397
MATH   ,31A     ,"MUTLU AKATURK, HATICE",465.0,3.0591397849462365,1.1378754546753533
MATH   ,131A    ,"MUTLU AKATURK, HATICE",28.0,3.110714285714286,1.1932366804243841
MATH   ,110A    ,"MUTLU AKATURK, HATICE",154.0,3.06948051948052,0.9602710603578394
MATH   ,33A     ,"MUTLU AKATURK, HATICE",202.0,3.2173267326732673,1.0727713634303702
HIST   ,94      ,"MYERS, DAVID N",322.0,3.7732919254658386,0.4314870666573517
HIST   ,187L    ,"MYERS, DAVID N",35.0,3.9285714285714284,0.15596964644521347
PUB PLC,291A    ,"MYNHIER, LAURELYN GAYE",40.0,3.8425,0.43179132691613903
PUB AFF,191A    ,"MYNHIER, LAURELYN GAYE",27.0,3.925925925925926,0.2302858008401454
PUB AFF,40      ,"MYNHIER, LAURELYN GAYE",265.0,3.376603773584906,0.8151280566052216
PUB AFF,30      ,"MYNHIER, LAURELYN GAYE",12.0,2.9499999999999997,1.3400870618483463
PUB PLC,208     ,"MYNHIER, LAURELYN GAYE",65.0,3.878461538461538,0.2720250597575427
COM SCI,131     ,"NACHENBERG, CAREY STOVER",688.0,2.975726744186047,1.0731695046899052
COM SCI,32      ,"NACHENBERG, CAREY STOVER",535.0,3.1966355140186917,0.9964365892999735
C&S BIO,10      ,"NADEL, BRIAN",186.0,3.9139784946236564,0.38187184638881205
C&S BIO,185     ,"NADEL, BRIAN",102.0,3.9156862745098038,0.5169186794691791
ETHNMUS,161L    ,"NADIMI, BEHZAD",174.0,4.0,0.0
ETHNMUS,91L     ,"NADIMI, BEHZAD",62.0,4.0,0.0
ETHNMUS,161L    ,"NADIMI, SOHEIL",51.0,4.0,0.0
ETHNMUS,91L     ,"NADIMI, SOHEIL",120.0,4.0,0.0
ARCH&UD,103     ,"NAEEM, AREEBA",34.0,3.7676470588235293,0.6986207370641494
FILM TV,184B    ,"NAGLE, PAUL GREGORY",145.0,3.980689655172413,0.08573942216783476
FOOD ST,187     ,"NAGY, JOSEPH F",41.0,3.953658536585366,0.16978833447763034
FILM TV,430     ,"NAGY, PHYLLIS A",86.0,3.7872093023255813,0.2864362064728952
MUSCLG ,187B    ,"NAIMAN, TIFFANY HEATHER",51.0,3.964705882352941,0.09665692191267633
MUSCLG ,187C    ,"NAIMAN, TIFFANY HEATHER",51.0,3.8529411764705883,0.4093768297017494
MSC IND,187A    ,"NAIMAN, TIFFANY HEATHER",29.0,3.651724137931035,0.662086925043768
MSC IND,101     ,"NAIMAN, TIFFANY HEATHER",276.0,3.925724637681159,0.39894496311632166
MSC IND,187C    ,"NAIMAN, TIFFANY HEATHER",27.0,3.9,0.3661612678507574
MSC IND,187B    ,"NAIMAN, TIFFANY HEATHER",29.0,3.6482758620689655,0.741675963103124
MUSCLG ,128     ,"NAIMAN, TIFFANY HEATHER",31.0,3.774193548387097,0.5429713602234402
MUSCLG ,187A    ,"NAIMAN, TIFFANY HEATHER",79.0,3.769620253164557,0.4696765464912917
ART HIS,27      ,"NAIR, STELLA ELISE",161.0,3.498757763975156,0.97642951917585
ART HIS,203     ,"NAIR, STELLA ELISE",19.0,4.0,0.0
ART HIS,185     ,"NAIR, STELLA ELISE",22.0,4.0,0.0
ART HIS,100     ,"NAIR, STELLA ELISE",15.0,3.773333333333334,0.32138588781850524
ART HIS,C139C   ,"NAIR, STELLA ELISE",34.0,3.5882352941176476,0.7649547106479968
MGMT   ,298E    ,"NAJAFI, JAHM",38.0,3.5789473684210527,0.29837974280122886
CHEM   ,154     ,"NAKAMOTO, STACIE SACHIE",815.0,3.295092024539877,0.682866897806916
SOC WLF,231Y    ,"NAKAMURA, ERIN MAYUMI",23.0,4.0,0.0
SOC WLF,401C    ,"NAKAMURA, ERIN MAYUMI",42.0,4.0,0.0
SOC WLF,251A    ,"NAKAMURA, ERIN MAYUMI",55.0,3.8981818181818184,0.17424216073761364
SOC WLF,203C    ,"NAKAMURA, ERIN MAYUMI",9.0,3.966666666666667,0.09428090415820628
SOC WLF,202B    ,"NAKAMURA, ERIN MAYUMI",61.0,3.9672131147540983,0.15756477874237748
MCD BIO,144     ,"NAKANO, ATSUSHI",329.0,3.3085106382978724,0.743964918553827
SOC WLF,211B    ,"NAKAOKA, SUSAN JEAN KEIKO",53.0,3.969811320754717,0.1461259545351942
URBN PL,283     ,"NAKAOKA, SUSAN JEAN KEIKO",11.0,3.909090909090909,0.28747978728803447
ASTR   ,270     ,"NAOZ, SMADAR",40.0,3.8349999999999995,0.3953163290328392
PHYSICS,105A    ,"NAOZ, SMADAR",202.0,3.3623762376237623,1.0380247316869504
PHYSICS,105B    ,"NAOZ, SMADAR",219.0,3.358904109589041,1.0038968297022897
ASTR   ,5       ,"NAOZ, SMADAR",136.0,3.727205882352941,0.7431517650169115
ASTR   ,280     ,"NAOZ, SMADAR",18.0,3.9444444444444446,0.17069212773041353
CHEM   ,C215B   ,"NARANG, PRINEHA",14.0,3.75,0.2872281323269014
CHEM   ,20AH    ,"NARANG, PRINEHA",41.0,3.8999999999999995,0.2537523278759016
CHEM   ,C215A   ,"NARANG, PRINEHA",36.0,3.522222222222222,0.4485229531542091
CHEM   ,228     ,"NARANG, PRINEHA",29.0,3.8620689655172415,0.3448275862068966
PHYSICS,1C      ,"NARANJO, BRIAN B",89.0,3.0393258426966288,0.8771273308366889
PHYSICS,110B    ,"NARANJO, BRIAN B",28.0,3.1357142857142857,0.7996491577624553
PHYSICS,5C      ,"NARANJO, BRIAN B",363.0,3.2909090909090906,0.6506195394575596
C&EE   ,C239    ,"NARASIMHAN, SRIRAM",121.0,3.449586776859504,0.5531463672725343
C&EE   ,102     ,"NARASIMHAN, SRIRAM",168.0,3.1011904761904763,0.6566498754716368
C&EE   ,239     ,"NARASIMHAN, SRIRAM",36.0,3.3583333333333334,0.46090189363416106
C&EE   ,298     ,"NARASIMHAN, SRIRAM",43.0,3.9302325581395348,0.12673885203198795
C&EE   ,130     ,"NARASIMHAN, SRIRAM",26.0,3.3846153846153846,0.36129287894822704
LBR STD,177     ,"NARRO, VICTOR H",91.0,4.0,0.0
AF AMER,M167    ,"NARRO, VICTOR H",10.0,4.0,0.0
ASIA AM,M163    ,"NARRO, VICTOR H",10.0,4.0,0.0
LBR STD,101     ,"NARRO, VICTOR H",116.0,3.872413793103448,0.3611729471330664
LAW    ,834     ,"NARRO, VICTOR H",23.0,4.0,0.0
LBR STD,M167    ,"NARRO, VICTOR H",85.0,4.0,0.0
LAW    ,541     ,"NARRO, VICTOR H",81.0,4.0,0.0
CCAS   ,M130    ,"NARRO, VICTOR H",8.0,4.0,0.0
LBR STD,188     ,"NARRO, VICTOR H",29.0,3.8620689655172415,0.7298624306385078
ECON   ,453     ,"NASCIMENTO, ALEXANDRE P",43.0,3.6627906976744184,0.3929750899342293
HIST   ,187C    ,"NASIALI, MINAYO A",66.0,3.746969696969697,0.5942195535907626
HIST   ,191C    ,"NASIALI, MINAYO A",53.0,3.735849056603773,0.6173877835925315
HIST   ,124B    ,"NASIALI, MINAYO A",38.0,3.6394736842105258,0.708051244682864
HIST   ,1C      ,"NASIALI, MINAYO A",867.0,3.7423298731257213,0.5925493702938381
HIST   ,124C    ,"NASIALI, MINAYO A",78.0,3.660256410256411,0.5886402722811415
HIST   ,97C     ,"NASIALI, MINAYO A",17.0,3.7294117647058824,0.46748979967777704
CHEM   ,30BL    ,"NASRALLAH, DANIEL J",342.0,3.6418128654970747,0.4982779586184857
ITALIAN,42C     ,"NATHAN, VETRI",39.0,3.7025641025641027,0.46436456692890166
ELTS   ,206     ,"NATHAN, VETRI",8.0,4.0,0.0
ELTS   ,M25     ,"NATHAN, VETRI",27.0,3.9148148148148145,0.19758486916072804
FOOD ST,M25     ,"NATHAN, VETRI",25.0,3.36,1.0522357150372723
MGMT   ,159     ,"NATHANSON, DANIEL A",1056.0,3.4710227272727274,0.5788190820856732
MGMT   ,295D    ,"NATHANSON, DANIEL A",131.0,3.619083969465649,0.4536727986294796
MGMT   ,295B    ,"NATHANSON, DANIEL A",73.0,3.5342465753424657,0.4373704671122301
MGMT   ,488     ,"NATHANSON, DANIEL A",208.0,3.6937499999999996,0.36070094021118215
MGMT   ,169     ,"NATHANSON, DANIEL A",95.0,3.9284210526315793,0.19982263603650158
MGMT   ,161     ,"NATHANSON, DANIEL A",113.0,3.527433628318584,0.46167217952461925
M PHARM,237     ,"NATHANSON, DAVID A",20.0,3.7700000000000005,0.8695401083331349
EE BIOL,186     ,"NATTERSON, BARBARA J",191.0,3.696858638743456,0.5705610134502279
CHEM   ,278     ,"NAVA, MATTHEW J",106.0,3.9150943396226414,0.4369258934682797
APP CHM,203     ,"NAVA, MATTHEW J",19.0,3.573684210526316,0.38091593942573115
CHEM   ,C276A   ,"NAVA, MATTHEW J",55.0,3.6654545454545455,0.5092662035867906
CHEM   ,14A     ,"NAVA, MATTHEW J",349.0,3.2564469914040113,0.9681133903569197
APP CHM,201B    ,"NAVA, MATTHEW J",48.0,3.622916666666667,0.40426867269456124
CHEM   ,C172    ,"NAVA, MATTHEW J",112.0,3.1767857142857143,0.6886817301992293
EDUC   ,413B    ,"NAVARRO POPE, BERTHA ALICIA",31.0,4.0,0.0
EDUC   ,413A    ,"NAVARRO POPE, BERTHA ALICIA",119.0,3.899159663865546,0.6270506926446262
EDUC   ,318A    ,"NAVARRO-AGUIRRE, CRISTINA",36.0,3.9916666666666663,0.049300664859163436
MGMT   ,161     ,"NAZAR, JASON",71.0,3.6676056338028165,0.3397491402168951
MATH   ,170E    ,"NEEDELL, DEANNA",117.0,3.135897435897436,1.1978942734378963
MATH   ,270B    ,"NEEDELL, DEANNA",37.0,3.635135135135135,0.7106206713115317
MATH   ,270C    ,"NEEDELL, DEANNA",18.0,3.8388888888888886,0.45963619537495676
HLT POL,202     ,"NEEDLEMAN, JACK",11.0,3.2454545454545456,1.5322969308516938
HLT POL,M233    ,"NEEDLEMAN, JACK",10.0,3.91,0.13747727084867511
HLT POL,225B    ,"NEEDLEMAN, JACK",63.0,3.674603174603175,0.5291407392128146
HLT POL,200B    ,"NEEDLEMAN, JACK",35.0,3.731428571428572,0.36937896031925077
A&O SCI,102     ,"NEELIN, JAMES DAVID",132.0,3.5689393939393943,0.5096244273315066
A&O SCI,270     ,"NEELIN, JAMES DAVID",8.0,4.0,0.0
A&O SCI,209     ,"NEELIN, JAMES DAVID",14.0,3.892857142857143,0.1437472271249864
A&O SCI,211     ,"NEELIN, JAMES DAVID",8.0,3.8875,0.14523687548277806
A&O SCI,112     ,"NEELIN, JAMES DAVID",84.0,3.723809523809525,0.5441505060574973
MATH   ,220A    ,"NEEMAN, ITAY",11.0,3.2181818181818183,0.8233172169154618
MATH   ,131A    ,"NEEMAN, ITAY",27.0,2.674074074074074,1.0919206973621511
PSYCH  ,10      ,"NEER, EMILY MIKAYLA",36.0,3.7166666666666663,0.7650344945019001
COMM   ,1A      ,"NEGRETE, TOR",11.0,4.0,0.0
MATH   ,151A    ,"NEGRINI, ELISA",271.0,3.511808118081181,0.6880160633319047
MATH   ,33B     ,"NEGRINI, ELISA",132.0,3.4053030303030307,0.842912914185035
MATH   ,151B    ,"NEGRINI, ELISA",210.0,3.5638095238095238,0.6264980233349746
MGMT   ,298D    ,"NEIL, DOUGLAS GORDON",37.0,3.6864864864864866,0.33624489318912093
LAW    ,209     ,"NELSON, GRANT S",36.0,3.566666666666667,0.35901098714230034
HUM GEN,236A    ,"NELSON, STANLEY F",25.0,3.9,0.2190890230020664
ART    ,11E     ,"NERI, RUBY ROSE",18.0,3.9833333333333334,0.06871842709362763
ENGL   ,184     ,"NERSESSIAN, ANAHID J",21.0,3.9714285714285715,0.08806305718527103
ENGL   ,251     ,"NERSESSIAN, ANAHID J",14.0,4.0,0.0
ENGL   ,253     ,"NERSESSIAN, ANAHID J",11.0,3.972727272727273,0.0862439361864103
ENGL   ,120     ,"NERSESSIAN, ANAHID J",91.0,3.823076923076923,0.2546606978037977
ENGL   ,162B    ,"NERSESSIAN, ANAHID J",111.0,3.916216216216216,0.18234732749657298
ENGL   ,161A    ,"NERSESSIAN, ANAHID J",35.0,4.0,0.0
LAW    ,511     ,"NETANEL, NEIL W",53.0,3.879245283018868,0.2421277462345405
LAW    ,302     ,"NETANEL, NEIL W",307.0,3.4573289902280124,0.47060502250312775
LAW    ,421     ,"NETANEL, NEIL W",64.0,3.5140624999999996,0.434405911669892
LAW    ,699     ,"NETANEL, NEIL W",38.0,3.8394736842105264,0.17250396438497242
LAW    ,274     ,"NETANEL, NEIL W",44.0,3.415909090909091,0.729863991631997
ANTHRO ,113P    ,"NEUBAUER, FERNANDA",141.0,3.927659574468085,0.2652728778320432
ANTHRO ,110     ,"NEUBAUER, FERNANDA",20.0,3.7299999999999995,0.7184010022264724
CHEM   ,C223A   ,"NEUHAUSER, DANIEL",15.0,3.5,0.45166359162544856
CHEM   ,113A    ,"NEUHAUSER, DANIEL",27.0,3.274074074074074,0.6888490629666768
CHEM   ,C215A   ,"NEUHAUSER, DANIEL",11.0,3.409090909090909,0.572799418255395
CHEM   ,110A    ,"NEUHAUSER, DANIEL",143.0,2.9888111888111886,0.7111602747470552
CHEM   ,228     ,"NEUHAUSER, DANIEL",31.0,4.0,0.0
ETHNMUS,168F    ,"NEUMAN, RAHUL D",151.0,3.9072847682119205,0.19903719834313388
ETHNMUS,68F     ,"NEUMAN, RAHUL D",104.0,3.876923076923077,0.2520038038597103
ASIAN  ,M60W    ,"NEWHALL, THOMAS BRADFORD",31.0,3.3903225806451616,1.1145242985555583
LBR STD,168     ,"NEWMAN, CHRIS",85.0,4.0,0.0
MGMT   ,231E    ,"NEWTON, BRIAN GRAHAM",56.0,3.482142857142857,0.460631221747918
COMM   ,187     ,"NEWTON, JAMES",764.0,3.8272251308900525,0.39415513276857134
COMM   ,186     ,"NEWTON, JAMES",84.0,3.7857142857142856,0.3703739606779874
COMM   ,191E    ,"NEWTON, JAMES",65.0,3.98,0.12794229468487256
COMM   ,187     ,"NEWTON, JAMES S",246.0,3.838211382113821,0.3088189737850226
COMM   ,191E    ,"NEWTON, JAMES S",19.0,4.0,0.0
PSYCH  ,127A    ,"NG, LAUREN CHRISTINA",613.0,3.5557911908646,0.6872076762742318
PSYCH  ,291     ,"NG, LAUREN CHRISTINA",17.0,3.905882352941177,0.18933502281683626
PSYCH  ,189     ,"NG, LAUREN CHRISTINA",10.0,3.97,0.08999999999999996
MGMTFT ,405     ,"NGANGOUE, MARYSE KATHLEEN",292.0,3.4578767123287673,0.42439273118139315
MGMT   ,298D    ,"NGANGOUE, MARYSE KATHLEEN",119.0,3.584873949579832,0.452562945241222
MGMTEX ,439     ,"NGANGOUE, MARYSE KATHLEEN",84.0,3.4142857142857146,0.5381057731796339
CHEM   ,14CL    ,"NGO, CHAU",794.0,3.554659949622166,0.67197194505804
CHEM   ,14BL    ,"NGO, CHAU",931.0,3.2734693877551018,0.8483095554744696
POL SCI,186     ,"NGUY, JOYCE",15.0,3.98,0.07483314773547878
INF STD,278     ,"NGUYEN, CINDY ANH",23.0,3.8869565217391306,0.2997163119932884
DGT HUM,201     ,"NGUYEN, CINDY ANH",28.0,3.935714285714286,0.12309777099724338
DGT HUM,187     ,"NGUYEN, CINDY ANH",27.0,3.8740740740740742,0.2517973797301265
INF STD,289     ,"NGUYEN, CINDY ANH",27.0,3.814814814814815,0.20494570862602848
MATH   ,170E    ,"NGUYEN, HUNG DANG",33.0,2.966666666666667,0.8401539060544716
MATH   ,170S    ,"NGUYEN, HUNG DANG",89.0,3.039325842696629,0.6808154359820883
MATH   ,70      ,"NGUYEN, HUNG DANG",24.0,2.9125,0.7859773639658248
MATH   ,171     ,"NGUYEN, HUNG DANG",46.0,2.7543478260869567,0.850244599522404
DGT HUM,187     ,"NGUYEN, KELLY",32.0,3.9625,0.09921567416492208
CLASSIC,250     ,"NGUYEN, KELLY",12.0,4.0,0.0
CLASSIC,M155    ,"NGUYEN, KELLY",24.0,3.9499999999999997,0.11180339887498941
DGT HUM,M155    ,"NGUYEN, KELLY",17.0,3.8764705882352946,0.147645887035425
CLASSIC,144     ,"NGUYEN, KELLY",66.0,3.7893939393939395,0.6015456827607671
MATH   ,156     ,"NGUYEN, MINH TAN",26.0,3.8576923076923078,0.4180293299638905
LAW    ,564     ,"NGUYEN, PHU CAM",30.0,3.92,0.1326649916142159
VIETMSE,2A      ,"NGUYEN, THU BA HOAI",199.0,3.968341708542713,0.12176575179683619
VIETMSE,3A      ,"NGUYEN, THU BA HOAI",197.0,3.946700507614213,0.18756190626016087
VIETMSE,1A      ,"NGUYEN, THU BA HOAI",209.0,3.949760765550239,0.2967325091750612
VIETMSE,2       ,"NGUYEN, THU BA HOAI",65.0,3.9323076923076923,0.21562623809780895
VIETMSE,1       ,"NGUYEN, THU BA HOAI",78.0,3.9756410256410253,0.12525450750464076
MATH   ,70      ,"NGUYEN, TUNG",38.0,3.4210526315789473,0.794440516383714
MATH   ,134     ,"NGUYEN, TUNG",192.0,3.3755208333333333,0.8010245649995005
MATH   ,170E    ,"NGUYEN, TUNG",84.0,3.185714285714286,0.9558270984738143
ASIA AM,141BX   ,"NGUYEN-VO, THU-HUONG",15.0,4.0,0.0
VIETMSE,CM155   ,"NGUYEN-VO, THU-HUONG",48.0,3.720833333333333,0.39997829802239127
VIETMSE,40      ,"NGUYEN-VO, THU-HUONG",143.0,3.93076923076923,0.2455850070680437
ASIA AM,104B    ,"NGUYEN-VO, THU-HUONG",32.0,4.0,0.0
ASIA AM,200D    ,"NGUYEN-VO, THU-HUONG",11.0,4.0,0.0
ASIA AM,200C    ,"NGUYEN-VO, THU-HUONG",14.0,4.0,0.0
ASIA AM,134     ,"NGUYEN-VO, THU-HUONG",181.0,3.949723756906077,0.14513255872255287
PHYSICS,1C      ,"NI, NI",347.0,3.4455331412103742,0.55008664858163
PHYSICS,115A    ,"NI, NI",127.0,3.3196850393700785,0.787204699796996
EPS SCI,C109    ,"NI, PENG",35.0,3.557142857142857,0.6067645880455801
EPS SCI,103A    ,"NI, PENG",18.0,3.5833333333333335,0.5315072906367324
EPS SCI,C107    ,"NI, PENG",38.0,3.5631578947368423,0.5064952083898561
EPIDEM ,200C    ,"NIANOGO, ROCH ARNAUD KIBSA",108.0,3.653703703703704,0.3586047876004813
EPIDEM ,206     ,"NIANOGO, ROCH ARNAUD KIBSA",14.0,3.9785714285714286,0.07726181304565687
MGMTEX ,405     ,"NICKELSBURG, GERALD",61.0,3.4409836065573773,0.41026862418853105
MGMT   ,201A    ,"NICKELSBURG, GERALD",41.0,3.7560975609756095,0.40487804878048783
MGMT   ,201B    ,"NICKELSBURG, GERALD",24.0,3.7916666666666665,0.33530665897884515
MGMT   ,205A    ,"NICKELSBURG, GERALD",221.0,3.7316742081447964,0.38062986940015175
MGMTMSA,433     ,"NIELSON, DARREN ANDREW",24.0,3.4708333333333337,0.43730154228962986
PHYSICS,5C      ,"NIEMANN, CHRISTOPH",900.0,3.3103333333333333,0.7816036932700187
PHYSICS,5B      ,"NIEMANN, CHRISTOPH",748.0,3.2300802139037437,0.803146548640077
PHYSICS,180E    ,"NIEMANN, CHRISTOPH",25.0,3.708,0.38462449219985984
NURSING,161     ,"NIEMI, CHARLENE ANNE",210.0,3.822380952380952,0.29459261235855155
NURSING,461     ,"NIEMI, CHARLENE ANNE",205.0,3.953658536585366,0.12036035522568687
MATH   ,115A    ,"NIENHAUS, JAN",147.0,3.017687074829931,0.8871494271877036
MATH   ,180     ,"NIENHAUS, JAN",35.0,2.9371428571428573,1.1701247099068945
MATH   ,33A     ,"NIENHAUS, JAN",660.0,3.4212121212121214,0.7608637737974642
ASIA AM,131B    ,"NIIYA, BRIAN TAKESHI",18.0,3.75,0.49018137232842474
EPIDEM ,407     ,"NISHI, AKIHIRO",50.0,3.9939999999999998,0.041999999999999975
EPIDEM ,217     ,"NISHI, AKIHIRO",34.0,3.9735294117647055,0.08509103612640838
EPIDEM ,407A    ,"NISHI, AKIHIRO",31.0,3.9612903225806453,0.10057069205238636
LAW    ,730     ,"NISHIMOTO, JEANNE",10.0,4.0,0.0
GENDER ,205     ,"NOBLE, SAFIYA U",15.0,4.0,0.0
CLUSTER,10B     ,"NOBLE, SAFIYA U",162.0,3.905555555555555,0.2067532673992044
JAPAN  ,6       ,"NOGAMI, YOKO",52.0,3.53076923076923,0.5179614113702286
JAPAN  ,101A    ,"NOGAMI, YOKO",30.0,3.1733333333333333,0.624464214791813
JAPAN  ,101B    ,"NOGAMI, YOKO",8.0,3.5500000000000003,0.406201920231798
JAPAN  ,5       ,"NOGAMI, YOKO",46.0,3.4999999999999996,0.5154145650959464
JAPAN  ,4       ,"NOGAMI, YOKO",43.0,3.2395348837209297,0.8260692957260096
EE BIOL,250     ,"NONACS, PETER NICHOLAS",11.0,4.0,0.0
EE BIOL,C126    ,"NONACS, PETER NICHOLAS",51.0,3.5784313725490198,0.46328482980297025
EE BIOL,196     ,"NONACS, PETER NICHOLAS",11.0,4.0,0.0
EE BIOL,17      ,"NONACS, PETER NICHOLAS",10.0,3.97,0.08999999999999996
HIST   ,M133C   ,"NORBERG, MARY KATHRYN",186.0,3.5956989247311824,0.5531753846004683
GENDER ,M133C   ,"NORBERG, MARY KATHRYN",34.0,3.5500000000000003,0.4809610477073634
HIST   ,97C     ,"NORBERG, MARY KATHRYN",18.0,3.6277777777777778,0.6225445593650801
ENVIRON,185C    ,"NORDBY, CULLY",61.0,4.0,0.0
MECH&AE,101     ,"NORDENDALE, NIKOLAS",70.0,3.5114285714285716,0.875302863037027
FILM TV,211     ,"NORIEGA, CHON A",12.0,3.9499999999999997,0.11180339887498941
FILM TV,207     ,"NORIEGA, CHON A",16.0,4.0,0.0
FILM TV,106C    ,"NORIEGA, CHON A",115.0,3.6756521739130434,0.6128467152627299
FILM TV,114     ,"NORIEGA, CHON A",139.0,3.7561151079136694,0.47470022466492556
FILM TV,203     ,"NORIEGA, CHON A",13.0,4.0,0.0
FILM TV,222     ,"NORIEGA, CHON A",10.0,3.97,0.08999999999999996
PHILOS ,C108    ,"NORMORE, CALVIN G",38.0,3.7605263157894733,0.3224409155865945
PHILOS ,282     ,"NORMORE, CALVIN G",11.0,3.8181818181818183,0.2690663379445226
PHILOS ,189     ,"NORMORE, CALVIN G",13.0,3.8461538461538463,0.36080121229411
PHILOS ,100B    ,"NORMORE, CALVIN G",554.0,3.643682310469314,0.6601920846269274
PHILOS ,C156    ,"NORMORE, CALVIN G",62.0,3.5983870967741938,0.6481964893963595
PHILOS ,191     ,"NORMORE, CALVIN G",22.0,4.0,0.0
PHILOS ,100C    ,"NORMORE, CALVIN G",171.0,3.8502923976608185,0.307864607023922
ENGL   ,179     ,"NORTH, MICHAEL A",28.0,3.3107142857142855,0.8160616598352487
ENGL   ,183C    ,"NORTH, MICHAEL A",14.0,3.7214285714285715,0.6201135511553756
ENGL   ,91C     ,"NORTH, MICHAEL A",126.0,3.5873015873015874,0.6323280401144179
MGMT   ,167     ,"NORTHROP, GAYLE SCHECK",199.0,3.5552763819095476,0.4401459317101316
MGMT   ,274B    ,"NORTHROP, GAYLE SCHECK",20.0,3.9850000000000003,0.06538348415311006
MGMT   ,298D    ,"NORTHROP, GAYLE SCHECK",40.0,3.7950000000000004,0.3625948151863179
MGMT   ,458B    ,"NORTHROP, GAYLE SCHECK",64.0,3.7140625,0.3301832765204047
MGMT   ,296     ,"NORTHROP, GAYLE SCHECK",146.0,3.813698630136986,0.3257510052100895
MGMTEX ,421     ,"NORTHROP, GAYLE SCHECK",50.0,3.7540000000000004,0.3250907565588416
MGMT   ,298E    ,"NORTHROP, GAYLE SCHECK",16.0,3.9625,0.09921567416492208
MGMT   ,295F    ,"NORTHROP, GAYLE SCHECK",108.0,3.575925925925926,0.41962734136867524
PHYSCI ,187B    ,"NOVITCH, BENNETT G",22.0,3.8045454545454542,0.3007222710367835
NEURO  ,201     ,"NOVITCH, BENNETT G",15.0,3.893333333333333,0.19821424996424675
COM SCI,251A    ,"NOWATZKI, ANTHONY JOHN",141.0,3.8567375886524826,0.2620987211928418
COM SCI,33      ,"NOWATZKI, ANTHONY JOHN",645.0,3.282635658914729,0.9157921291672697
COM SCI,259     ,"NOWATZKI, ANTHONY JOHN",129.0,3.95968992248062,0.18698728549610877
MGMT   ,275     ,"NULL, BRADLEY WILLIAM",67.0,3.3119402985074626,0.5842516295099103
FILM TV,287C    ,"NUNAN, THOMAS AMBROSE",14.0,4.0,0.0
FILM TV,290C    ,"NUNAN, THOMAS AMBROSE",29.0,4.0,0.0
FILM TV,292A    ,"NUNAN, THOMAS AMBROSE",78.0,4.0,0.0
FILM TV,290A    ,"NUNAN, THOMAS AMBROSE",29.0,4.0,0.0
FILM TV,290C    ,"NUNAN, THOMAS AMBROSE, III",13.0,4.0,0.0
FILM TV,292A    ,"NUNAN, THOMAS AMBROSE, III",12.0,3.8666666666666667,0.2838231060987733
MATH   ,115B    ,"NURBEKYAN, LEVON",33.0,3.3242424242424238,0.5825910271080824
MATH   ,131A    ,"NURBEKYAN, LEVON",22.0,3.2318181818181815,0.596494580967813
MATH   ,131AH   ,"NURBEKYAN, LEVON",21.0,3.528571428571429,0.44308749769345207
MATH   ,167     ,"NURBEKYAN, LEVON",33.0,3.6545454545454543,0.5773979821163788
AERO ST,130A    ,"NUUHIWA, KEKAIKUIMAULOA",13.0,4.0,0.0
AERO ST,130B    ,"NUUHIWA, KEKAIKUIMAULOA",17.0,4.0,0.0
AERO ST,130C    ,"NUUHIWA, KEKAIKUIMAULOA",15.0,4.0,0.0
COM HLT,227     ,"NWANKWO, EZINNE",23.0,4.0,0.0
DESMA  ,7       ,"O GRADY, DAVID K",49.0,3.810204081632653,0.6465749314844774
DESMA  ,8       ,"O GRADY, DAVID K",53.0,3.9037735849056605,0.22650941431636104
HIST   ,3D      ,"O'BRIEN, ELIZABETH",209.0,3.7985645933014354,0.7361141000658414
HIST   ,191I    ,"O'BRIEN, ELIZABETH",14.0,3.75,0.35405810661124937
HIST   ,179A    ,"O'BRIEN, ELIZABETH",75.0,3.8226666666666667,0.5493203881969874
HIST   ,187I    ,"O'BRIEN, ELIZABETH",23.0,3.9565217391304346,0.15273189626304606
THEATER,138     ,"O'CONNOR, THOMAS KEVIN",13.0,3.730769230769231,0.2892553181071256
THEATER,117     ,"O'CONNOR, THOMAS KEVIN",15.0,3.78,0.2712931993250108
THEATER,13      ,"O'CONNOR, THOMAS KEVIN",66.0,3.6212121212121215,0.4759409027215241
THEATER,102A    ,"O'CONNOR, THOMAS KEVIN",31.0,3.148387096774193,1.213332113602052
THEATER,172     ,"O'CONNOR, THOMAS KEVIN",10.0,4.0,0.0
THEATER,180     ,"O'CONNOR, THOMAS KEVIN",17.0,3.8823529411764706,0.32218973970892123
NEUROSC,M101C   ,"O'DELL, THOMAS J",201.0,3.7442786069651737,0.4501847072445547
MCD BIO,M175C   ,"O'DELL, THOMAS J",10.0,3.84,0.30397368307141326
NEURO  ,M220    ,"O'DELL, THOMAS J",15.0,3.5799999999999996,0.530659966456864
NEURO  ,M202    ,"O'DELL, THOMAS J",46.0,3.9195652173913045,0.26343843866088185
GJ STDS,176D    ,"O'FARRILL, ARTURO",134.0,3.9873134328358204,0.14630862993239072
GJ STDS,127A    ,"O'FARRILL, ARTURO",18.0,3.8000000000000003,0.25819888974716115
GJ STDS,188     ,"O'FARRILL, ARTURO",13.0,3.9076923076923076,0.13846153846153839
GJ STDS,101     ,"O'FARRILL, ARTURO",42.0,3.9476190476190474,0.20957791509205126
GJ STDS,127C    ,"O'FARRILL, ARTURO",32.0,3.9625000000000004,0.09921567416492208
FILM TV,C454B   ,"O'FLINN, ALEXANDER BENJAMIN",24.0,4.0,0.0
ANTHRO ,119     ,"O'GRADY, CAITLIN",56.0,3.7410714285714284,0.5171269482556918
ANTHRO ,CM110Q  ,"O'GRADY, CAITLIN",57.0,3.6596491228070174,0.623757614058315
ENGR   ,2       ,"O'NEAL, AUDREY POOL",95.0,3.9768421052631573,0.0967390756285308
POL SCI,125A    ,"O'NEILL, BARRY",555.0,3.41963963963964,0.6076033674383253
POL SCI,171D    ,"O'NEILL, BARRY",72.0,4.0,0.0
POL SCI,30      ,"O'NEILL, BARRY",657.0,3.461339421613394,0.5293199757193714
LAW    ,702     ,"O'NEILL, KERRY",12.0,4.0,0.0
LAW    ,762     ,"O'NEILL, KERRY",28.0,4.0,0.0
LAW    ,790     ,"O'NEILL, KERRY",12.0,4.0,0.0
CLUSTER,M1B     ,"O'SHEA, JANET M",531.0,3.896045197740113,0.40561430687550754
DANCE  ,12      ,"O'SHEA, JANET M",17.0,3.9823529411764707,0.0705882352941176
MIMG   ,C185A   ,"O'SULLIVAN, TIMOTHY E",213.0,3.1563380281690137,0.8049259834224513
MOL BIO,254C    ,"O'SULLIVAN, TIMOTHY EDWARD",11.0,3.972727272727273,0.0862439361864103
MIMG   ,C185A   ,"O'SULLIVAN, TIMOTHY EDWARD",101.0,3.1643564356435645,0.8069726041475764
KOREA  ,180C    ,"OAK, SUNG-DEUK",18.0,3.5388888888888888,0.9129554503484755
KOREA  ,172     ,"OAK, SUNG-DEUK",92.0,3.5869565217391304,0.5892547598642579
KOREA  ,153     ,"OAK, SUNG-DEUK",77.0,3.8376623376623376,0.3589446873566292
RELIGN ,M60C    ,"OAK, SUNG-DEUK",9.0,3.111111111111111,0.9700451815874287
KOREA  ,M60     ,"OAK, SUNG-DEUK",64.0,3.365625,0.8378206009492725
GJ STDS,176B    ,"OBA, HITOMI MARGARET",59.0,4.0,0.0
MUSC   ,20A     ,"OBA, HITOMI MARGARET",37.0,3.675675675675676,0.4148626639610605
MUSC   ,20B     ,"OBA, HITOMI MARGARET",54.0,3.4555555555555553,0.8189122565639235
MUSC   ,20C     ,"OBA, HITOMI MARGARET",50.0,3.63,0.8572630868059117
MUSC   ,21A     ,"OBA, HITOMI MARGARET",45.0,3.7377777777777776,0.4615379550487883
MUSC   ,21B     ,"OBA, HITOMI MARGARET",43.0,3.5465116279069773,0.6844956850762812
GJ STDS,176A    ,"OBA, HITOMI MARGARET",138.0,3.9739130434782606,0.1838810058777722
MUSC   ,21C     ,"OBA, HITOMI MARGARET",44.0,3.3840909090909093,0.8675836825811051
ECON   ,201A    ,"OBARA, ICHIRO",30.0,3.65,0.307408522978788
ECON   ,142     ,"OBARA, ICHIRO",179.0,3.1776536312849157,0.8049102608821718
SOC WLF,203C    ,"OCHOA, AYAKO MIYASHITA",133.0,3.9804511278195496,0.09845318464324654
PUB PLC,M215    ,"OCHOA, AYAKO MIYASHITA",9.0,4.0,0.0
SOC WLF,M290M   ,"OCHOA, AYAKO MIYASHITA",27.0,3.974074074074074,0.13219680220425742
SOC WLF,290E    ,"OCHOA, AYAKO MIYASHITA",107.0,3.921495327102804,0.42493056879438673
URBN PL,219     ,"ODBERT, CHELINA MONIQUE",14.0,3.85,0.28722813232690153
MATH   ,170S    ,"ODHIAMBO, COLLINS OJWANG",29.0,3.527586206896552,0.6575275275339602
MATH   ,170E    ,"ODHIAMBO, COLLINS OJWANG",41.0,3.497560975609756,0.49950600224819625
STATS  ,100B    ,"ODHIAMBO, COLLINS OJWANG",68.0,3.302941176470588,0.7715474496931655
STATS  ,10      ,"ODHIAMBO, COLLINS OJWANG",130.0,3.4576923076923074,0.8236751959373105
AF AMER,106B    ,"ODINGA, SOBUKWE OKPARA",59.0,3.9559322033898305,0.2624985465274872
AF AMER,241     ,"ODINGA, SOBUKWE OKPARA",23.0,3.9565217391304346,0.20393111999232302
AF AMER,2B      ,"ODINGA, SOBUKWE OKPARA",247.0,3.7971659919028338,0.8307550250934046
LAW    ,291     ,"OH, JASON S",129.0,3.5519379844961243,0.3580959066013181
LAW    ,780     ,"OH, JASON S",22.0,4.0,0.0
LAW    ,543     ,"OH, JASON S",37.0,3.87027027027027,0.2689970007517565
LAW    ,220     ,"OH, JASON S",247.0,3.5133603238866393,0.35212432780407843
ECON   ,202A    ,"OHANIAN, LEE",19.0,3.9,0.23841582427170785
ECON   ,202C    ,"OHANIAN, LEE",23.0,4.0,0.0
ECON   ,1       ,"OHANIAN, LEE",1584.0,2.9469696969696964,0.9035233553302211
CHEM   ,14BL    ,"OHASHI, MASAO",234.0,3.6824786324786323,0.616018933529243
FILM TV,298A    ,"OKIMURA, LYNN CHIEKO",14.0,3.9285714285714284,0.1905952009160905
FILM TV,C481C   ,"OKIMURA, LYNN CHIEKO",12.0,4.0,0.0
GEOG   ,212     ,"OKIN, GREGORY STEWART",10.0,3.8699999999999997,0.22383029285599393
GEOG   ,M102L   ,"OKIN, GREGORY STEWART",26.0,3.319230769230769,0.7421482491178155
GEOG   ,M102    ,"OKIN, GREGORY STEWART",104.0,2.894230769230769,1.2007070771870634
ENVIRON,M102    ,"OKIN, GREGORY STEWART",21.0,3.2571428571428576,1.0125740083811057
GEOG   ,411     ,"OKIN, GREGORY STEWART",41.0,3.4682926829268297,0.8420181981667745
GEOG   ,1       ,"OKIN, GREGORY STEWART",131.0,3.0923664122137406,0.8462416525109006
EE BIOL,M127    ,"OKIN, GREGORY STEWART",37.0,2.4594594594594597,1.2690621051527946
NURSING,441     ,"OKUHARA, CAROL",11.0,3.972727272727273,0.0862439361864103
NEURO  ,M202    ,"OLCESE, RICCARDO",46.0,3.9195652173913045,0.26343843866088185
BIOINFO,202     ,"OLDE LOOHUIS, LOES MARLEIN",35.0,4.0,0.0
NEURO  ,240     ,"OLDE LOOHUIS, LOES MARLEIN",15.0,4.0,0.0
GENDER ,101W    ,"OLDHAM, EBONY",16.0,3.9,0.2524876234590519
FILM TV,188A    ,"OLIVAS, DANIEL LUIS",61.0,3.7819672131147537,0.6717991983170615
THEATER,126A    ,"OLIVIERI, JOSEPH MICHAEL",27.0,4.0,0.0
THEATER,120A    ,"OLIVIERI, JOSEPH MICHAEL, III",42.0,3.4976190476190476,0.9228548085871505
THEATER,126B    ,"OLIVIERI, JOSEPH MICHAEL, III",10.0,4.0,0.0
THEATER,126A    ,"OLIVIERI, JOSEPH MICHAEL, III",11.0,3.8181818181818183,0.2690663379445226
LAW    ,376     ,"OLSEN, FRANCES ELISABETH",24.0,3.5833333333333335,0.42295258468165076
ART    ,150     ,"OLSON, ALEXANDRA K",12.0,4.0,0.0
ART    ,133     ,"OLSON, ALEXANDRA K",30.0,3.94,0.11999999999999991
ART    ,130     ,"OLSON, ALEXANDRA K",14.0,4.0,0.0
EDUC   ,105C    ,"OMWAMI, EDITH S",96.0,3.6510416666666665,0.7128281103678191
EDUC   ,109C    ,"OMWAMI, EDITH S",21.0,3.7476190476190476,0.2805081233337742
EDUC   ,147     ,"OMWAMI, EDITH S",24.0,3.5041666666666664,1.1167210807637789
EDUC   ,299B    ,"OMWAMI, EDITH S",22.0,3.9863636363636363,0.06248966856757959
EDUC   ,204B    ,"OMWAMI, EDITH S",31.0,3.896774193548387,0.2912529894269861
EDUC   ,299A    ,"OMWAMI, EDITH S",12.0,4.0,0.0
SOC SC ,410     ,"ONG, PAUL M",23.0,3.904347826086956,0.17810173172403515
PHYSICS,1C      ,"ONG, RENE A",112.0,3.4276785714285714,0.6292299462478737
PHYSICS,180F    ,"ONG, RENE A",21.0,3.7952380952380955,0.4561497148505923
PHYSICS,17      ,"ONG, RENE A",43.0,3.2581395348837208,0.7028951948538423
PHYSICS,126     ,"ONG, RENE A",34.0,3.4411764705882355,0.6097818544648587
PHYSICS,1CH     ,"ONG, RENE A",73.0,3.412328767123288,0.7199591323027656
MAT SCI,298     ,"ONO, KANJI",39.0,3.8692307692307693,0.2553568103491974
MAT SCI,243A    ,"ONO, KANJI",34.0,3.7470588235294118,0.33888684049021356
STATS  ,102A    ,"ONYAMBU, SAMUEL ONYANCHA",37.0,3.7756756756756755,0.4504684681081225
STATS  ,13      ,"ONYAMBU, SAMUEL ONYANCHA",307.0,3.481758957654723,0.8663410086112278
LING   ,105     ,"OPERSTEIN, NATALIE",13.0,3.5846153846153848,1.064710978367191
LING   ,165A    ,"OPERSTEIN, NATALIE",9.0,3.2222222222222223,1.0304020550550783
MIMG   ,CM156   ,"OPHOFF, ROEL A",58.0,3.0103448275862066,0.8281032867388758
MCD BIO,CM156   ,"OPHOFF, ROEL A",76.0,3.235526315789474,0.8400664051710156
HUM GEN,236B    ,"OPHOFF, ROEL A",12.0,3.891666666666666,0.2099933861392359
ART    ,274     ,"OPIE, CATHERINE SUE",51.0,3.994117647058823,0.041594516540385124
MATH   ,115A    ,"OPIE, MORGAN PECK",192.0,3.3874999999999997,0.7350949485157229
MATH   ,115AH   ,"OPIE, MORGAN PECK",39.0,3.605128205128205,0.5633911598064532
EDUC   ,470A    ,"ORANGE, TONIKIAA",23.0,4.0,0.0
EDUC   ,473     ,"ORANGE, TONIKIAA",24.0,3.7833333333333337,0.28674417556808757
EDUC   ,229     ,"ORANGE, TONIKIAA",99.0,3.996969696969697,0.029998469504883815
EDUC   ,411     ,"ORANGE, TONIKIAA",111.0,3.9702702702702704,0.1641766761998642
EDUC   ,420A    ,"ORANGE, TONIKIAA",122.0,3.9901639344262296,0.05342351061246005
EE BIOL,151B    ,"ORDWAY, ELSA",35.0,3.7542857142857144,0.5915320820392015
EE BIOL,168     ,"ORDWAY, ELSA MARIANNE",39.0,3.78974358974359,0.5217302927340375
EE BIOL,297     ,"ORDWAY, ELSA MARIANNE",8.0,4.0,0.0
EDUC   ,409     ,"ORELLANA, MARJORIE E",13.0,4.0,0.0
EDUC   ,296I    ,"ORELLANA, MARJORIE E",53.0,4.0,0.0
EDUC   ,145     ,"ORELLANA, MARJORIE E",78.0,3.7435897435897436,0.36815191387479956
EDUC   ,208B    ,"ORELLANA, MARJORIE E",12.0,4.0,0.0
EDUC   ,287     ,"ORELLANA, MARJORIE E",11.0,3.9181818181818184,0.1336085314245369
EDUC   ,407     ,"ORELLANA, MARJORIE E",13.0,4.0,0.0
URBN PL,207     ,"ORLANDO, ANTHONY WILLIAMS",51.0,3.507843137254902,0.6703359231787321
POL SCI,191C    ,"ORREN, KAREN J",30.0,3.623333333333334,0.5333437498982767
POL SCI,147A    ,"ORREN, KAREN J",192.0,3.2234374999999997,0.8716140775942164
POL SCI,145E    ,"ORREN, KAREN J",103.0,3.4446601941747574,0.7385012578411576
THEATER,27      ,"ORTH, THOMAS J",65.0,3.913846153846154,0.5068384428006539
CLUSTER,20A     ,"ORTIZ, VILMA",436.0,3.9422018348623853,0.25942546895319935
SOCIOL ,235B    ,"ORTIZ, VILMA",34.0,3.8823529411764706,0.6758308995927093
CLUSTER,20B     ,"ORTIZ, VILMA",422.0,3.951184834123223,0.27612075618736875
MGMT   ,298D    ,"OSBORNE, ALFRED E, JR",44.0,3.6409090909090907,0.38513172588218664
ECON   ,1       ,"OSEI TWUMASI, OLIVIA IRENA",614.0,2.9848534201954395,1.045113600427125
ECON   ,111     ,"OSEI TWUMASI, OLIVIA IRENA",428.0,3.4296728971962613,0.5606929003632688
ECON   ,112     ,"OSEI TWUMASI, OLIVIA IRENA",214.0,3.171495327102804,0.5172542601123091
ECON   ,137     ,"OSEI TWUMASI, OLIVIA IRENA",807.0,3.404460966542751,0.6422774886232013
ECON   ,150     ,"OSEI TWUMASI, OLIVIA IRENA",502.0,3.114741035856574,0.6583979656292566
ECON   ,2       ,"OSEI TWUMASI, OLIVIA IRENA",214.0,3.3799065420560748,0.6406173939811658
ECON   ,5       ,"OSEI TWUMASI, OLIVIA IRENA",186.0,3.0865591397849457,0.762693295962923
ECON   ,151     ,"OSEI TWUMASI, OLIVIA IRENA",170.0,3.208823529411764,0.819241990773402
MATH   ,285J    ,"OSHER, STANLEY J",16.0,3.8687500000000004,0.14882351124738313
MATH   ,269B    ,"OSHER, STANLEY J",12.0,4.0,0.0
ARCH&UD,131     ,"OSMAN, MICHAEL",106.0,3.8056603773584903,0.5292982518140812
ARCH&UD,496     ,"OSMAN, MICHAEL",32.0,4.0,0.0
ARCH&UD,289     ,"OSMAN, MICHAEL",245.0,3.6093877551020412,0.42516939319674335
CLUSTER,2A      ,"OSMAN, MICHAEL",152.0,3.8585526315789473,0.2639388084354742
ARCH&UD,M201    ,"OSMAN, MICHAEL",182.0,3.6582417582417586,0.40763750705418184
URBN PL,M256    ,"OSMAN, TANER",27.0,3.9074074074074074,0.17197313727768737
URBN PL,M150    ,"OSMAN, TANER",223.0,3.5080717488789235,0.6015133040438794
URBN PL,220A    ,"OSMAN, TANER",210.0,3.6614285714285715,0.4536495995630035
URBN PL,M250    ,"OSMAN, TANER",22.0,3.8090909090909095,0.14431370787625034
URBN PL,239     ,"OSMAN, TANER",40.0,3.9325,0.1252746981636754
ARCH&UD,289     ,"OSPITAL GRESLEBIN, VALERIA MARIA",13.0,3.8846153846153846,0.14595127662315588
ARCH&UD,122     ,"OSPITAL GRESLEBIN, VALERIA MARIA",24.0,3.158333333333333,0.5007633062524539
COM SCI,289A    ,"OSTROVSKY, RAFAIL",21.0,4.0,0.0
COM SCI,183     ,"OSTROVSKY, RAFAIL",148.0,3.3398648648648646,0.6354121736220859
COM SCI,M282B   ,"OSTROVSKY, RAFAIL",23.0,4.0,0.0
COM SCI,180     ,"OSTROVSKY, RAFAIL",195.0,3.826153846153846,0.3786386910798248
COM SCI,M282A   ,"OSTROVSKY, RAFAIL",99.0,3.506060606060606,0.46315086483740125
MATH   ,M209A   ,"OSTROVSKY, RAFAIL",22.0,3.513636363636363,0.8646047202705116
THEATER,131C    ,"OSWALD, SYLVAN MARDER",25.0,3.744,0.26993332510084783
THEATER,131B    ,"OSWALD, SYLVAN MARDER",26.0,3.6999999999999997,0.4104406637524339
THEATER,130     ,"OSWALD, SYLVAN MARDER",17.0,3.7,0.3307744922237541
THEATER,231     ,"OSWALD, SYLVAN MARDER",11.0,3.6999999999999997,0.3908033683673578
THEATER,106     ,"OSWALD, SYLVAN MARDER",280.0,3.7035714285714287,0.5899649764768988
THEATER,104D    ,"OSWALD, SYLVAN MARDER",47.0,3.704255319148936,0.5061147152819192
THEATER,102D    ,"OSWALD, SYLVAN MARDER",19.0,3.478947368421052,0.8965307094681089
COM HLT,211A    ,"OTINIANO VERISSIMO, ANGIE",50.0,3.988,0.058787753826796234
MUSCLG ,12W     ,"OTT, CIERA C",18.0,3.5555555555555554,1.1061556160475705
CHEM   ,14B     ,"OW, FRANKLIN P",194.0,3.6190721649484536,0.5830042748410529
CHEM   ,20A     ,"OW, FRANKLIN P",336.0,3.263392857142857,0.7952233366715761
CHEM   ,17      ,"OW, FRANKLIN P",25.0,3.8,0.20591260281974
CHEM   ,14CL    ,"OW, FRANKLIN P",914.0,3.860612691466083,0.40825997972177946
CHEM   ,30C     ,"OW, FRANKLIN P",145.0,3.48551724137931,0.7501704919177468
CHEM   ,14C     ,"OW, FRANKLIN P",908.0,3.387444933920705,0.6952773923076103
CHEM   ,30B     ,"OW, FRANKLIN P",727.0,3.3057771664374136,0.7235436788193985
CHEM   ,30A     ,"OW, FRANKLIN P",139.0,3.064028776978417,0.8303598244260174
CHEM   ,14BL    ,"OW, FRANKLIN P",961.0,3.746826222684703,0.5803698451042537
CHEM   ,14A     ,"OW, FRANKLIN P",675.0,3.288148148148148,0.8312464404247352
CHEM   ,14D     ,"OW, FRANKLIN P",1136.0,3.407658450704226,0.7431040788990954
THEATER,15      ,"OYETIMEIN, MALIKA",40.0,3.8525000000000005,0.5656799006505359
THEATER,163B    ,"OYETIMEIN, MALIKA",13.0,4.0,0.0
THEATER,121     ,"OYETIMEIN, MALIKA",10.0,4.0,0.0
EC ENGR,176     ,"OZCAN, AYDOGAN",76.0,3.943421052631579,0.16884711732946736
EC ENGR,194     ,"OZCAN, AYDOGAN",279.0,3.9978494623655916,0.02530882214180605
ARCH&UD,403C    ,"OZEL, GUVENC",10.0,3.7600000000000002,0.11999999999999993
ARCH&UD,401     ,"OZEL, GUVENC",20.0,3.79,0.13747727084867511
ECON   ,113     ,"OZLER, SULE",287.0,3.3000000000000003,0.6634825236835177
ECON   ,107     ,"OZLER, SULE",232.0,3.150862068965518,0.7427808524512013
COM LIT,2BW     ,"PACK, ETHAN REID",175.0,3.5634285714285716,0.5823398264496322
FILM TV,188A    ,"PACK, ETHAN REID",34.0,3.594117647058824,0.8170755514316929
POL SCI,218     ,"PAGDEN, ANTHONY R",36.0,4.0,0.0
POL SCI,111B    ,"PAGDEN, ANTHONY R",174.0,3.8431034482758624,0.43580236569129865
POL SCI,118     ,"PAGDEN, ANTHONY R",346.0,3.8170520231213882,0.3022525886595487
ENGCOMP,3       ,"PAGE, GABRIEL B",199.0,3.7929648241206033,0.2961236224411734
ENGCOMP,5W      ,"PAGE, GABRIEL B",78.0,3.7666666666666666,0.34143988721471397
ENGCOMP,3D      ,"PAGE, GABRIEL B",192.0,3.7552083333333335,0.4436754143108325
EPS SCI,101     ,"PAIGE, DAVID A",186.0,3.0978494623655917,0.7705574709572921
EPS SCI,10      ,"PAIGE, DAVID A",306.0,3.672549019607843,0.5234669860703488
EPS SCI,227     ,"PAIGE, DAVID A",10.0,4.0,0.0
STATS  ,202A    ,"PAIK SCHOENBERG, FREDERIC ROLAND",143.0,3.9153846153846152,0.36129287894822704
STATS  ,221     ,"PAIK SCHOENBERG, FREDERIC ROLAND",32.0,3.94375,0.1170937124699699
STATS  ,13      ,"PAIK SCHOENBERG, FREDERIC ROLAND",721.0,3.4015256588072114,0.9009536646963028
STATS  ,M222    ,"PAIK SCHOENBERG, FREDERIC ROLAND",14.0,3.957142857142857,0.1049781318335647
STATS  ,416     ,"PAIK SCHOENBERG, FREDERIC ROLAND",15.0,3.753333333333333,0.296348143611905
STATS  ,100A    ,"PAIK SCHOENBERG, FREDERIC ROLAND",138.0,3.3521739130434787,0.8845876294082342
STATS  ,404     ,"PAIK SCHOENBERG, FREDERIC ROLAND",68.0,3.9867647058823534,0.061606941369568825
HUM GEN,236A    ,"PAJUKANTA, PAIVI ELISABETH",25.0,3.9,0.2190890230020664
HUM GEN,236B    ,"PAJUKANTA, PAIVI ELISABETH",12.0,3.891666666666666,0.2099933861392359
MATH   ,184     ,"PAK, IGOR",14.0,3.057142857142857,1.0097484026898453
MATH   ,206A    ,"PAK, IGOR",12.0,4.0,0.0
MATH   ,206B    ,"PAK, IGOR",27.0,4.0,0.0
MATH   ,218A    ,"PAK, IGOR",14.0,3.957142857142857,0.1049781318335647
MATH   ,285N    ,"PAK, IGOR",11.0,4.0,0.0
MATH   ,182     ,"PAK, IGOR",25.0,3.184,0.6521840231100422
SOC WLF,231E    ,"PALENCIA, HECTOR",149.0,3.9328859060402683,0.18553132589567892
SOC WLF,210A    ,"PALENCIA, HECTOR",110.0,3.9436363636363643,0.15047033699054968
SOC WLF,402C    ,"PALENCIA, HECTOR",97.0,3.970103092783505,0.16939245498211447
SOC WLF,401C    ,"PALENCIA, HECTOR",35.0,3.942857142857143,0.24294116193692927
MATH   ,170E    ,"PALMER, AARON Z",41.0,4.0,0.0
MATH   ,131A    ,"PALMER, AARON Z",27.0,3.185185185185185,0.5816347993204338
MATH   ,33B     ,"PALMER, AARON Z",204.0,3.385294117647059,0.7316241747664253
MATH   ,170E    ,"PALMER, AARON ZEFF",71.0,3.1070422535211266,0.9037206261039006
MATH   ,171     ,"PALMER, AARON ZEFF",148.0,3.527702702702703,0.599754560829627
MATH   ,170A    ,"PALMER, AARON ZEFF",28.0,3.132142857142857,0.9358165156805089
MATH   ,33B     ,"PALMER, AARON ZEFF",181.0,3.7701657458563536,0.6136517585859295
HUM GEN,401     ,"PALMER, CHRISTINA",30.0,4.0,0.0
HUM GEN,410     ,"PALMER, CHRISTINA GERMAINE",10.0,3.7700000000000005,0.2685144316419511
HUM GEN,401     ,"PALMER, CHRISTINA GERMAINE",10.0,3.97,0.08999999999999996
COM SCI,238B    ,"PALSBERG, JENS",48.0,3.5541666666666667,0.46231227421396554
COM SCI,239     ,"PALSBERG, JENS",50.0,3.616,0.5061067081159861
COM SCI,132     ,"PALSBERG, JENS",455.0,3.286593406593407,0.9842810951360599
COM SCI,M238    ,"PALSBERG, JENS",136.0,3.5330882352941173,0.4647983666347135
QNT SCI,M205    ,"PALSBERG, JENS",58.0,3.444827586206897,0.5052047771203356
COM SCI,238     ,"PALSBERG, JENS",63.0,3.4968253968253964,0.376689107619859
EC ENGR,115C    ,"PAMARTI, SUDHAKAR",168.0,2.9029761904761906,0.9076674445573649
EC ENGR,212A    ,"PAMARTI, SUDHAKAR",155.0,3.312258064516129,0.5034507355046021
EC ENGR,215E    ,"PAMARTI, SUDHAKAR",107.0,3.463551401869158,0.6885434339545763
EC ENGR,100     ,"PAMARTI, SUDHAKAR",105.0,2.7076190476190476,1.1806935200163575
EC ENGR,115A    ,"PAMARTI, SUDHAKAR",74.0,2.6621621621621627,1.0873601435640086
EC ENGR,10      ,"PAMARTI, SUDHAKAR",143.0,2.767832167832168,1.003044414623046
EC ENGR,11L     ,"PAMARTI, SUDHAKAR",153.0,3.6104575163398693,0.7443173297799971
MGMTMSA,404     ,"PANAGEAS, STAVROS",118.0,3.3355932203389833,0.5840428100934322
MGMTMFE,403     ,"PANAGEAS, STAVROS",354.0,3.527118644067796,0.4746680702175334
MGMT   ,232D    ,"PANAGEAS, STAVROS",35.0,3.6971428571428575,0.4038993610759381
MGMTPHD,237     ,"PANAGEAS, STAVROS",14.0,3.507142857142857,0.3972481874709809
CLUSTER,10B     ,"PANAGIA, DAVIDE",158.0,3.8253164556962025,0.466733424696807
POL SCI,116B    ,"PANAGIA, DAVIDE",157.0,3.6369426751592355,0.6272258834070653
CLUSTER,10A     ,"PANAGIA, DAVIDE",174.0,3.810919540229885,0.3000886159691356
POL SCI,10      ,"PANAGIA, DAVIDE",229.0,3.8043668122270744,0.39624676482788224
POL SCI,113B    ,"PANAGIA, DAVIDE",167.0,3.5479041916167664,0.5700969896843001
POL SCI,111C    ,"PANAGIA, DAVIDE",316.0,3.6522151898734174,0.7144716764701933
CHEM   ,14CL    ,"PANG, JOHNNY",38.0,3.5289473684210524,0.6373910205042039
CHEM   ,14BL    ,"PANG, JOHNNY",1123.0,3.47613535173642,0.7680046815878245
CHEM   ,30AL    ,"PANG, JOHNNY",410.0,3.5858536585365854,0.5609181306713872
CHEM   ,20L     ,"PANG, JOHNNY",1626.0,3.4896678966789665,0.6616011833950615
CHEM   ,14BL    ,"PANG, JOHNNY W",83.0,3.746987951807229,0.5517414597518098
CHEM   ,14CL    ,"PANG, JOHNNY W",427.0,3.533255269320843,0.6484132590483518
CHEM   ,30AL    ,"PANG, JOHNNY W",225.0,3.6044444444444443,0.5981287693225916
CHEM   ,20L     ,"PANG, JOHNNY W",467.0,3.5158458244111346,0.6371825378243353
CLUSTER,M71A    ,"PANOFSKY, AARON L",764.0,3.854581151832461,0.37352496284002473
PUB PLC,205     ,"PANOFSKY, AARON L",37.0,3.705405405405405,0.6685789471853195
PUB PLC,291A    ,"PANOFSKY, AARON L",17.0,3.905882352941177,0.18933502281683626
CLASSIC,51A     ,"PAPADOPOULOS, JOHN K",1128.0,3.7624113475177303,0.4017760229744818
CLASSIC,M153K   ,"PAPADOPOULOS, JOHN K",48.0,3.814583333333333,0.42719510732477056
CLASSIC,152A    ,"PAPADOPOULOS, JOHN K",40.0,3.8274999999999992,0.31621788374473697
PSYCH  ,10      ,"PAQUETTE-SMITH, MELISSA",3236.0,3.420395550061805,0.7760621920078347
PSYCH  ,130     ,"PAQUETTE-SMITH, MELISSA",48.0,3.4166666666666665,0.6995037923811104
GLBL ST,1       ,"PARASHER, TEJAS",422.0,3.716113744075829,0.5480478637819278
POL SCI,218     ,"PARASHER, TEJAS",13.0,4.0,0.0
POL SCI,113A    ,"PARASHER, TEJAS",411.0,3.7866180048661806,0.5691937334052829
GLBL ST,160     ,"PARASHER, TEJAS",58.0,3.4293103448275857,0.6496706382228203
GLBL ST,191     ,"PARASHER, TEJAS",62.0,3.6274193548387097,0.4447432586077086
SEASIAN,C120    ,"PAREDES, OONA",124.0,3.874193548387097,0.24622012435175977
FILIPNO,170     ,"PAREDES, OONA",98.0,3.833673469387755,0.3187808016493594
SEASIAN,50      ,"PAREDES, OONA",141.0,3.8163120567375888,0.4236993637563584
SEASIAN,C150    ,"PAREDES, OONA",43.0,3.7511627906976748,0.38360110884679555
FILM TV,113     ,"PAREDES, VERONICA ANDREA",146.0,3.6746575342465753,0.4703265615484944
FILM TV,114     ,"PAREDES, VERONICA ANDREA",187.0,3.890909090909091,0.252839970256023
FILM TV,206B    ,"PAREDES, VERONICA ANDREA",15.0,4.0,0.0
FILM TV,298A    ,"PAREDES, VERONICA ANDREA",10.0,4.0,0.0
FILM TV,51      ,"PAREDES, VERONICA ANDREA",345.0,3.7272463768115944,0.6115882958709173
MUSCLG ,7       ,"PARK, HYEONJIN",70.0,3.9299999999999997,0.24222185816195152
KOREA  ,179     ,"PARK, HYUN SUK",35.0,3.82,0.33278049393384995
KOREA  ,C150    ,"PARK, HYUN SUK",73.0,3.506849315068493,0.911618877214624
KOREA  ,75      ,"PARK, HYUN SUK",170.0,3.669411764705883,0.8237680326562191
EDUC   ,491     ,"PARK, JAIME JISUN",24.0,3.9875000000000003,0.05994789404140896
EDUC   ,405A    ,"PARK, JAIME JISUN",43.0,3.9767441860465116,0.11378725416488436
EDUC   ,420A    ,"PARK, JAIME JISUN",25.0,3.8960000000000004,0.3168343415730056
EDUC   ,490A    ,"PARK, JAIME JISUN",25.0,3.8960000000000004,0.3526811591225139
EDUC   ,498A    ,"PARK, JAIME JISUN",25.0,3.864,0.31733893552477926
EDUC   ,405C    ,"PARK, JAIME JISUN",39.0,3.992307692307692,0.04741856925360749
EDUC   ,405B    ,"PARK, JAIME JISUN",38.0,3.96578947368421,0.12830128150788322
EDUC   ,498B    ,"PARK, JAIME JISUN",25.0,3.892,0.308441242378512
EDUC   ,320A    ,"PARK, JAIME JISUN",43.0,3.948837209302326,0.170324031847447
EDUC   ,320B    ,"PARK, JAIME JISUN",42.0,3.895238095238095,0.2609071910819566
EDUC   ,498C    ,"PARK, JAIME JISUN",25.0,3.96,0.1469693845669907
LAW    ,506     ,"PARK, JAMES",57.0,3.8807017543859645,0.2219835591282334
LAW    ,230     ,"PARK, JAMES",135.0,3.513333333333333,0.3448671241700684
LAW    ,236     ,"PARK, JAMES",134.0,3.513432835820895,0.3411549839895548
LAW    ,145     ,"PARK, JAMES",176.0,3.453409090909091,0.3783783771319283
LAW    ,413     ,"PARK, JIN S",43.0,3.5674418604651157,0.42575292006676346
BIOENGR,CM145   ,"PARK, JUN",17.0,3.570588235294118,0.600749243844084
CH ENGR,104B    ,"PARK, JUN",35.0,3.8371428571428576,0.28694022701174376
CH ENGR,104D    ,"PARK, JUN",35.0,3.6857142857142855,0.4297127659547594
BIOENGR,CM245   ,"PARK, JUN",38.0,3.8000000000000003,0.3402785236893603
CH ENGR,CM145   ,"PARK, JUN",76.0,3.676315789473684,0.4784482651053001
LAW    ,311     ,"PARK, K-SUE",96.0,3.4583333333333335,0.420977698010503
LAW    ,493     ,"PARK, K-SUE",30.0,3.606666666666667,0.35584016386886724
ASIA AM,M169    ,"PARK, KYEYOUNG ROSE",57.0,2.987719298245614,1.326526948752994
AF AMER,M159P   ,"PARK, KYEYOUNG ROSE",70.0,3.1857142857142855,0.9479731331765104
ANTHRO ,M144P   ,"PARK, KYEYOUNG ROSE",178.0,3.2758426966292142,0.9870115022595879
ASIA AM,132A    ,"PARK, KYEYOUNG ROSE",50.0,3.016,1.0785842572557787
ASIA AM,200B    ,"PARK, KYEYOUNG ROSE",11.0,3.9454545454545453,0.11570838237598043
ANTHRO ,203C    ,"PARK, KYEYOUNG ROSE",8.0,3.925,0.12990381056766573
MGMT   ,105     ,"PARK, PAUL SEONG HA",27.0,3.5185185185185186,0.4480716188099737
MGMT   ,109     ,"PARK, PAUL SEONG HA",47.0,3.4744680851063827,0.4728672545977373
MGMT   ,180     ,"PARK, PAUL SEONG HA",20.0,3.5450000000000004,0.30079062485390073
MGMTEX ,440     ,"PARK, PAUL SEONG HA",165.0,3.515151515151515,0.47066761875679236
MGMTGEX,445C    ,"PARK, PAUL SEONG HA",35.0,3.7,0.3861901826080735
PSYCH  ,225     ,"PARKINSON, CAROLYN M",15.0,4.0,0.0
PSYCH  ,137A    ,"PARKINSON, CAROLYN M",586.0,3.6244027303754267,0.5642673841466097
PSYCH  ,135     ,"PARKINSON, CAROLYN M",926.0,3.7965442764578836,0.4817051938976081
LAW    ,489     ,"PARSON, EDWARD",51.0,3.554901960784314,0.32073061538184067
LAW    ,438     ,"PARSON, EDWARD",33.0,3.5606060606060606,0.3161696839581211
PORTGSE,M142C   ,"PASSOS, JOSE LUIZ",12.0,3.9499999999999997,0.11180339887498941
PORTGSE,46      ,"PASSOS, JOSE LUIZ",52.0,3.9826923076923078,0.06994820569028154
PORTGSE,141C    ,"PASSOS, JOSE LUIZ ITHAMAR",29.0,3.927586206896552,0.12837593426887087
PORTGSE,46      ,"PASSOS, JOSE LUIZ ITHAMAR",56.0,3.976785714285714,0.13756955569115292
MSC IND,112C    ,"PASTERNAK, NATASHA JASMINE",83.0,3.9686746987951804,0.25266183449991236
MSC IND,112B    ,"PASTERNAK, NATASHA JASMINE",57.0,3.8228070175438598,0.5812924329305629
MSC IND,114     ,"PASTERNAK, NATASHA JASMINE",28.0,3.882142857142857,0.2964715975658804
ENGCOMP,131B    ,"PATCHIGONDLA, JADA",63.0,3.742857142857143,0.3259731636214253
ENGCOMP,2       ,"PATCHIGONDLA, JADA",371.0,3.2735849056603774,0.8451241668218257
ENGCOMP,50      ,"PATCHIGONDLA, JADA",22.0,2.2772727272727273,1.5629028406321994
ENGCOMP,3D      ,"PATCHIGONDLA, JADA",43.0,3.506976744186046,0.4228339323456528
ENGCOMP,3       ,"PATCHIGONDLA, JADA",19.0,3.5421052631578944,0.6352088669950549
LAW    ,529     ,"PATEL, SUNITA",12.0,3.975,0.08291561975888495
LAW    ,145     ,"PATEL, SUNITA",40.0,3.465,0.36506848672543624
SPAN   ,135     ,"PATINO LOIRA, JAVIER",175.0,3.9640000000000004,0.14188929286091823
SPAN   ,42      ,"PATINO LOIRA, JAVIER",446.0,3.8782511210762327,0.5362614228338819
MGMT   ,596     ,"PATT, SHAWN SHYAMA",24.0,3.6916666666666664,0.5656240408217773
MGMT   ,457D    ,"PATT, SHAWN SHYAMA",13.0,3.43076923076923,0.6649287010761326
MGMT   ,159     ,"PATT, SHAWN SHYAMA",445.0,3.499325842696629,0.4972052178507359
MGMT   ,168     ,"PATT, SHAWN SHYAMA",224.0,3.4901785714285714,0.502042225996652
EDUC   ,171     ,"PATTERSON, JUSTYN",41.0,3.9024390243902447,0.1630319508982283
C&EE   ,116XP   ,"PATTERSON, REGAN",27.0,3.903703703703704,0.3060882001688057
CLUSTER,2B      ,"PATTERSON, REGAN",146.0,3.844520547945206,0.3353654359130935
C&EE   ,109EW   ,"PATTERSON, REGAN",22.0,3.7818181818181817,0.3485507184123784
C&EE   ,188     ,"PATTERSON, REGAN",87.0,3.9298850574712643,0.13905670928585384
C&EE   ,C183    ,"PATTERSON, REGAN",21.0,3.9714285714285715,0.08806305718527103
SOC WLF,402C    ,"PATTERSON, RESHEDA MARIE",15.0,4.0,0.0
COM SCI,30      ,"PATTICHIS, REBECCA",52.0,3.6096153846153842,0.658161663383647
SOC WLF,231A    ,"PATTON, QI'SHANNA",39.0,3.866666666666667,0.2692185589416756
SOC WLF,210B    ,"PATTON, QI'SHANNA",29.0,3.975862068965517,0.1277259253617389
COM SCI,118     ,"PAU, GIOVANNI",123.0,3.644715447154472,0.5890882098885345
PHYSICS,5B      ,"PAU, JACQUELINE TZE-HO",396.0,3.378787878787879,0.7161587667877952
MSC IND,2       ,"PAUL, JUSTIN",162.0,3.8845679012345675,0.2611869836939635
MSC IND,117     ,"PAUL, JUSTIN",35.0,3.7857142857142856,0.4071804493923387
AF AMER,184A    ,"PAUL, KETEMA NNAMDI",32.0,3.98125,0.07261843774138903
PHYSCI ,270A    ,"PAUL, KETEMA NNAMDI",80.0,3.9875,0.08422440263961509
AF AMER,188A    ,"PAUL, KETEMA NNAMDI",14.0,4.0,0.0
NEUROSC,CM123   ,"PAUL, KETEMA NNAMDI",38.0,3.9421052631578943,0.219606800473948
AF AMER,184B    ,"PAUL, KETEMA NNAMDI",31.0,4.0,0.0
PHYSCI ,CM123   ,"PAUL, KETEMA NNAMDI",42.0,3.9785714285714286,0.07726181304565687
AF AMER,184C    ,"PAUL, KETEMA NNAMDI",31.0,4.0,0.0
HIST   ,148     ,"PAUL, TAWNY",248.0,3.7419354838709675,0.5611906659769071
HIST   ,195     ,"PAUL, TAWNY",11.0,3.909090909090909,0.28747978728803447
HIST   ,136B    ,"PAUL, TAWNY",54.0,3.9,0.24267032964268392
HIST   ,C191D   ,"PAUL, TAWNY",31.0,3.7129032258064516,0.728561080966635
ARCH&UD,431     ,"PAULL, MARTIN",150.0,3.5880000000000005,0.5156122574183045
ARCH&UD,432     ,"PAULL, MARTIN",130.0,3.7315384615384617,0.37045390357581093
ARCH&UD,433     ,"PAULL, MARTIN",132.0,3.73030303030303,0.4251451434758726
A&O SCI,121     ,"PAULSON, SUZANNE E",66.0,3.321212121212121,0.7896134749692891
A&O SCI,M203A   ,"PAULSON, SUZANNE E",27.0,3.6074074074074076,0.35996494266126855
A&O SCI,1L      ,"PAULSON, SUZANNE E",21.0,3.8761904761904757,0.22018339088946465
A&O SCI,1       ,"PAULSON, SUZANNE E",85.0,3.481176470588235,0.7855300372655185
ARCH&UD,413     ,"PAYNE, JASON K",20.0,3.63,0.3579106033634657
ARCH&UD,143     ,"PAYNE, JASON K",22.0,3.763636363636364,0.2916184533153717
ARCH&UD,289     ,"PAYNE, JASON K",17.0,4.0,0.0
POL SCI,40      ,"PAYSON, JULIA",286.0,3.799300699300699,0.3860317214938573
POL SCI,140A    ,"PAYSON, JULIA",179.0,3.5145251396648045,0.6254483738586348
POL SCI,268     ,"PAYSON, JULIA",12.0,3.975,0.08291561975888495
LAW    ,658     ,"PEAKE, JESSICA SALLY",58.0,3.6965517241379318,0.5088748634339865
INF STD,M244    ,"PEARLSTEIN, ELLEN J",33.0,3.724242424242425,0.37499923477118124
INF STD,432     ,"PEARLSTEIN, ELLEN J",71.0,3.767605633802818,0.317904515688313
LAW    ,962     ,"PEARSON, HARRIET P",12.0,3.608333333333333,0.38828325857405815
LAW    ,306     ,"PEDRAZA FARINA, LAURA",21.0,3.4761904761904763,0.4081371873755452
LAW    ,304     ,"PEDRAZA FARINA, LAURA",17.0,3.3705882352941177,0.9099222370668004
LAW    ,538     ,"PEDRAZA FARINA, LAURA",16.0,3.925,0.12990381056766573
MAT SCI,104     ,"PEI, QIBING",45.0,3.308888888888889,0.5969635098553054
MAT SCI,252     ,"PEI, QIBING",90.0,3.5444444444444443,0.5951864527862231
MAT SCI,251     ,"PEI, QIBING",13.0,3.661538461538462,0.5595856455222528
ENGCOMP,3       ,"PEITZMAN, FAYE C",22.0,3.540909090909091,0.44482794519504537
MGMTMFE,410     ,"PELEG, EHUD",43.0,3.9651162790697674,0.09616778199132707
EDUC   ,498A    ,"PELIKHOVA, JULIA",107.0,3.8897196261682243,0.2720412899664116
EDUC   ,498B    ,"PELIKHOVA, JULIA",112.0,3.9267857142857143,0.18467255909212024
EDUC   ,498C    ,"PELIKHOVA, JULIA",88.0,3.8431818181818183,0.3353408898370346
EDUC   ,475     ,"PELIKHOVA, JULIA",96.0,3.9093749999999994,0.24540702796578584
BIOINFO,275A    ,"PELLEGRINI, MATTEO",140.0,3.957857142857143,0.3486848468875291
BIOINFO,229     ,"PELLEGRINI, MATTEO",20.0,3.91,0.13747727084867511
C&S BIO,199     ,"PELLEGRINI, MATTEO",19.0,3.3684210526315788,1.4585691011106334
MCD BIO,187AL   ,"PELLEGRINI, MATTEO",227.0,3.930396475770925,0.3459027919595
C&S BIO,M187    ,"PELLEGRINI, MATTEO",271.0,3.847970479704796,0.4939351129526215
BIOINFO,275B    ,"PELLEGRINI, MATTEO",68.0,3.9323529411764704,0.4830787222628567
HLT POL,437     ,"PELLICCIONI, LORI S",12.0,3.8666666666666667,0.21343747458109494
EPS SCI,119     ,"PELTZER, GILLES F",17.0,3.5000000000000004,0.5911106196862669
EPS SCI,150     ,"PELTZER, GILLES F",153.0,3.5758169934640525,0.5659194778389385
EPS SCI,8       ,"PELTZER, GILLES F",128.0,3.1117187499999996,0.9727233912569583
GENDER ,104     ,"PENA, CLAUDIA LINNETTE",69.0,3.981159420289855,0.09672216645486137
GENDER ,185     ,"PENA, CLAUDIA LINNETTE",267.0,3.9726591760299628,0.14155916147876832
GENDER ,145     ,"PENA, CLAUDIA LINNETTE",10.0,3.91,0.13747727084867511
ASIA AM,M129    ,"PENAIA, CORINA",98.0,3.7816326530612248,0.7227141217597179
COM SCI,269     ,"PENG, NANYUN",50.0,3.9939999999999998,0.041999999999999975
COM SCI,162     ,"PENG, NANYUN",329.0,3.6945288753799383,0.4349130925856138
COM SCI,188     ,"PENG, NANYUN",158.0,3.584177215189873,0.4755439459651901
COM SCI,263     ,"PENG, NANYUN",254.0,3.7645669291338586,0.45731630003357254
C&EE   ,247     ,"PENG, YI",26.0,3.615384615384616,0.5216042617896827
C&EE   ,142     ,"PENG, YI",210.0,3.4985714285714287,0.7445982343601446
HIST   ,1C      ,"PENNY, H GLENN",106.0,3.6801886792452825,0.6351971631692443
HIST   ,125C    ,"PENNY, H GLENN",147.0,3.325170068027211,0.813144023140663
HIST   ,125B    ,"PENNY, H GLENN",48.0,3.5916666666666663,0.6454434306910423
HIST   ,187C    ,"PENNY, H GLENN",15.0,3.6466666666666665,0.516225618202825
HIST   ,132     ,"PENNY, H GLENN",33.0,3.521212121212122,0.6442084999192635
LBR STD,188     ,"PEREZ GONZALEZ, ILIANA",47.0,3.795744680851064,0.658482280350456
CCAS   ,M156A   ,"PEREZ GONZALEZ, ILIANA",10.0,3.88,0.1469693845669906
LBR STD,191A    ,"PEREZ GONZALEZ, ILIANA",21.0,3.6380952380952385,0.88451019024316
ASIA AM,M166A   ,"PEREZ GONZALEZ, ILIANA",21.0,3.761904761904762,0.8676603408708855
LBR STD,191B    ,"PEREZ GONZALEZ, ILIANA",20.0,3.5200000000000005,1.195240561560726
LBR STD,M166B   ,"PEREZ GONZALEZ, ILIANA",12.0,4.0,0.0
LBR STD,M166A   ,"PEREZ GONZALEZ, ILIANA",124.0,3.829032258064516,0.6185015964133552
MGMTEX ,405     ,"PEREZ TRUGLIA, RICARDO NICOLAS",87.0,3.45632183908046,0.4010621385126524
PSYCH  ,M136C   ,"PEREZ, EFREN OSVALDO",235.0,3.8408510638297875,0.4934801717857332
POL SCI,289A    ,"PEREZ, EFREN OSVALDO",10.0,3.78,0.21354156504062624
POL SCI,M183    ,"PEREZ, EFREN OSVALDO",267.0,3.830337078651686,0.49810227753679853
PSYCH  ,M138    ,"PEREZ, EFREN OSVALDO",193.0,3.8056994818652856,0.46047807197147944
POL SCI,M141A   ,"PEREZ, EFREN OSVALDO",441.0,3.7773242630385493,0.608282297049132
EDUC   ,320B    ,"PEREZ, ELISA",42.0,3.9857142857142858,0.06388765649999395
EDUC   ,320A    ,"PEREZ, ELISA",66.0,3.995454545454545,0.03664662612862975
HIST   ,187E    ,"PEREZ-MONTESINOS, FERNANDO",34.0,3.911764705882353,0.236101555769288
HIST   ,200I    ,"PEREZ-MONTESINOS, FERNANDO",10.0,3.97,0.08999999999999996
HIST   ,201I    ,"PEREZ-MONTESINOS, FERNANDO",10.0,4.0,0.0
HIST   ,161     ,"PEREZ-MONTESINOS, FERNANDO",352.0,3.816477272727272,0.5374192112070243
HIST   ,8B      ,"PEREZ-MONTESINOS, FERNANDO",388.0,3.627577319587629,0.6587533577066023
HIST   ,8C      ,"PEREZ-MONTESINOS, FERNANDO",609.0,3.6819376026272588,0.6925848322055206
HIST   ,191E    ,"PEREZ-MONTESINOS, FERNANDO",46.0,3.758695652173913,0.553870211981315
ENGL   ,M105C   ,"PEREZ-TORRES, RAFAEL",184.0,3.822282608695652,0.32486319281409615
ENGL   ,100     ,"PEREZ-TORRES, RAFAEL",120.0,3.948333333333333,0.2741603342733753
ENGL   ,M191B   ,"PEREZ-TORRES, RAFAEL",23.0,3.869565217391304,0.39500664012987413
ENGL   ,174B    ,"PEREZ-TORRES, RAFAEL",102.0,3.767647058823529,0.5085854594364383
ENGL   ,M261    ,"PEREZ-TORRES, RAFAEL",10.0,3.6,1.2
CCAS   ,M105C   ,"PEREZ-TORRES, RAFAEL",70.0,3.7385714285714284,0.40401303272573386
ENGL   ,177     ,"PEREZ-TORRES, RAFAEL",65.0,3.8369230769230764,0.2798731749968908
LING   ,209A    ,"PERKINS, LAUREL L",9.0,4.0,0.0
LING   ,185A    ,"PERKINS, LAUREL L",115.0,3.3313043478260873,1.0603826395009537
ART    ,273     ,"PERLMAN, HIRSCH",50.0,4.0,0.0
ART    ,145A    ,"PERLMAN, HIRSCH",42.0,3.9928571428571424,0.0457366016959489
COMPTNG,16A     ,"PERLMUTTER, MICHAEL AARON",242.0,3.9433884297520665,0.21430669965967447
MOL BIO,254C    ,"PERNAS, LENA",21.0,3.7190476190476187,0.30334492016443787
SOC WLF,210B    ,"PERRIGO, JUDITH LORENA",190.0,3.905263157894736,0.2964237440069205
SOC WLF,231N    ,"PERRIGO, JUDITH LORENA",35.0,3.908571428571429,0.30554067166388227
POL SCI,137A    ,"PERRY, JOE",718.0,3.857660167130919,0.49017203091329653
POL SCI,129     ,"PERRY, JOE",109.0,3.9211009174311924,0.5375911946525591
POL SCI,139     ,"PERRY, JOE",368.0,3.9195652173913045,0.41368942625944144
POL SCI,126     ,"PERRY, JOE",269.0,3.946096654275093,0.38767441925147184
POL SCI,20      ,"PERRY, JOSEPH BRIAN",38.0,4.0,0.0
POL SCI,139     ,"PERRY, JOSEPH BRIAN",106.0,3.827358490566038,0.4554767394321683
POL SCI,137A    ,"PERRY, JOSEPH BRIAN",96.0,3.7427083333333333,0.6642264911889786
AF AMER,201A    ,"PERRY, KESTON",10.0,3.6399999999999997,0.32310988842807026
AF AMER,188A    ,"PERRY, KESTON",33.0,3.3121212121212125,0.7606845305411379
ANTHRO ,128P    ,"PERRY, SUSAN EMILY",598.0,3.0384615384615383,0.8384523334157656
ANTHRO ,129     ,"PERRY, SUSAN EMILY",83.0,3.1939759036144575,0.8115654065187342
NAV SCI,102C    ,"PERRY, TRACY",10.0,3.97,0.08999999999999996
WL ARTS,24      ,"PERSAUD, DAVIDA LARISSA",52.0,3.8653846153846154,0.6145306574891791
WL ARTS,20      ,"PERSAUD, DAVIDA LARISSA",60.0,3.6450000000000005,0.49207892320914
WL ARTS,1       ,"PERSAUD, DAVIDA LARISSA",41.0,3.7219512195121944,0.5479505920053382
ARTS ED,20      ,"PERSAUD, DAVIDA LARISSA",104.0,3.7394230769230767,0.6826726703567904
DESMA  ,21      ,"PERSON, IMAN SHARI",11.0,3.8181818181818183,0.5749595745760689
LAW    ,688     ,"PERUZZI, ARIANA",11.0,4.0,0.0
PHILOS ,166     ,"PERUZZI, ARIANA",41.0,3.707317073170732,0.40568535440865694
CCAS   ,188     ,"PESCADOR, OCTAVIO",16.0,4.0,0.0
HNRS   ,144     ,"PESCADOR, OCTAVIO",68.0,4.0,0.0
CCAS   ,166     ,"PESCADOR, OCTAVIO",152.0,3.867763157894736,0.5679605682296193
HIST   ,204A    ,"PESTANA, CARLA G",19.0,3.9473684210526314,0.166602018856257
HIST   ,14      ,"PESTANA, CARLA G",107.0,3.5626168224299066,0.848365483363076
HIST   ,13A     ,"PESTANA, CARLA G",158.0,3.7487341772151903,0.6480484180391595
POL SCI,220B    ,"PETERS, MARGARET ETHERIDGE",13.0,4.0,0.0
GLBL ST,199A    ,"PETERS, MARGARET ETHERIDGE",2.0,4.0,0.0
GLBL ST,102     ,"PETERS, MARGARET ETHERIDGE",330.0,3.561515151515152,0.5342262669654929
POL SCI,139     ,"PETERS, MARGARET ETHERIDGE",290.0,3.410344827586207,0.5909342851534322
MATH   ,226C    ,"PETERSEN, PETER",18.0,4.0,0.0
MATH   ,225A    ,"PETERSEN, PETER",24.0,4.0,0.0
MATH   ,226A    ,"PETERSEN, PETER",31.0,4.0,0.0
MATH   ,225B    ,"PETERSEN, PETER",51.0,4.0,0.0
MATH   ,120A    ,"PETERSEN, PETER",87.0,3.7126436781609202,0.5472616465789981
CH ENGR,260     ,"PETERSON, JOSEPH DANIEL",31.0,3.729032258064516,0.3204770117940592
CH ENGR,103     ,"PETERSON, JOSEPH DANIEL",52.0,2.848076923076923,0.7153510124448816
CH ENGR,106     ,"PETERSON, JOSEPH DANIEL",163.0,3.3901840490797546,0.6908885293525772
CH ENGR,101B    ,"PETERSON, JOSEPH DANIEL",221.0,3.368325791855204,0.7165726638293216
PUB PLC,202     ,"PETERSON, MARK ALEX",99.0,3.536363636363636,0.6277190624028783
PUB PLC,298D    ,"PETERSON, MARK ALEX",20.0,4.0,0.0
PUB AFF,134     ,"PETERSON, MARK ALEX",248.0,3.677822580645161,0.43749665525702275
PUB PLC,291A    ,"PETERSON, MARK ALEX",38.0,3.4078947368421053,0.4087088649492309
PUB PLC,298C    ,"PETERSON, MARK ALEX",20.0,3.91,0.13747727084867511
COMM   ,156     ,"PETERSON, STEVEN",68.0,3.5044117647058823,0.5539786106322718
COMM   ,157     ,"PETERSON, STEVEN",79.0,2.8835443037974686,1.0578734795192122
COMM   ,166     ,"PETERSON, STEVEN",32.0,3.484375,0.7254780212901009
COMM   ,109     ,"PETERSON, STEVEN",111.0,3.4,0.7159697009040346
COMM   ,150     ,"PETERSON, STEVEN",282.0,3.4861702127659577,0.5411311498908784
COMM   ,156     ,"PETERSON, STEVEN M",28.0,3.064285714285714,0.8054343485324663
COMM   ,157     ,"PETERSON, STEVEN M",19.0,3.426315789473684,0.5219821586617869
COMM   ,109     ,"PETERSON, STEVEN M",49.0,3.579591836734694,0.45309799446303267
COMM   ,166     ,"PETERSON, STEVEN M",15.0,3.1600000000000006,0.7454752399196993
COMM   ,150     ,"PETERSON, STEVEN M",72.0,3.4069444444444446,0.49450491203292546
LAW    ,306     ,"PETHERBRIDGE, LEE",20.0,3.54,0.440908153700972
ASTR   ,271     ,"PETIGURA, ERIK A",10.0,3.5799999999999996,0.342928563989645
CLUSTER,70B     ,"PETIGURA, ERIK A",532.0,3.803383458646617,0.4787866670118734
ASTR   ,143     ,"PETIGURA, ERIK A",13.0,3.33076923076923,0.5253344947373499
CLUSTER,70A     ,"PETIGURA, ERIK A",555.0,3.723783783783784,0.5285473106135856
CHEM   ,153B    ,"PETROVIC, STEFAN",81.0,3.451851851851852,0.6114365014750729
PHYSICS,262     ,"PETTA, JASON R",17.0,3.905882352941177,0.24607647839237515
PHYSICS,1B      ,"PETTA, JASON R",175.0,3.0754285714285716,0.8619060036823467
PHYSICS,10      ,"PETTA, JASON R",246.0,3.1191056910569106,0.8942003814373676
PHYSICS,1BH     ,"PETTA, JASON R",119.0,3.502521008403361,0.6034163501061715
LIFESCI,7L      ,"PFLUEGL, GASTON MATTHIAS UDO",2113.0,3.8760056791292006,0.38965168710105175
LIFESCI,192B    ,"PFLUEGL, GASTON MATTHIAS UDO",156.0,3.9403846153846156,0.3800773953157176
LIFESCI,23L     ,"PFLUEGL, GASTON MATTHIAS UDO",6460.0,3.894876160990711,0.33629293974189606
LIFESCI,192C    ,"PFLUEGL, GASTON MATTHIAS UDO",101.0,4.0,0.0
LIFESCI,192D    ,"PFLUEGL, GASTON MATTHIAS UDO",26.0,4.0,0.0
LIFESCI,107     ,"PHAM, HUNG DINH",4721.0,3.71522982418979,0.6236928675046911
LIFESCI,7A      ,"PHAM, HUNG DINH",1858.0,3.5333692142088267,0.679418761878881
LIFESCI,7C      ,"PHAM, HUNG DINH",307.0,3.3342019543973946,0.7533873116127666
LIFESCI,7B      ,"PHAM, HUNG DINH",1321.0,3.721801665404996,0.4729248563834066
CHEM   ,30BL    ,"PHAM, HUNG VIET",84.0,3.7190476190476187,0.3114773516478673
CHEM   ,30A     ,"PHAM, HUNG VIET",682.0,2.9727272727272727,1.0686499878760944
CHEM   ,14D     ,"PHAM, HUNG VIET",2956.0,3.2146481732070367,0.8799402839292603
CHEM   ,30B     ,"PHAM, HUNG VIET",473.0,2.8638477801268496,1.0908341911780468
CHEM   ,14C     ,"PHAM, HUNG VIET",1062.0,3.1368173258003766,0.8145050618752125
LIFESCI,7B      ,"PHELAN, JOHN PATRICK",564.0,3.6695035460992904,0.5696450633634733
LIFESCI,15      ,"PHELAN, JOHN PATRICK",3248.0,3.386637931034483,0.7157319288876367
PHYSCI ,192A    ,"PHELPS, PATRICIA EMORY",29.0,4.0,0.0
PHYSCI ,107     ,"PHELPS, PATRICIA EMORY",492.0,3.369308943089431,0.7250827889942161
PHYSCI ,192B    ,"PHELPS, PATRICIA EMORY",103.0,3.9320388349514563,0.48795463584967236
PHYSCI ,146     ,"PHELPS, PATRICIA EMORY",136.0,3.6374999999999997,0.6334937554824784
HIST   ,113A    ,"PHILLIPS, DAVID DANIEL",140.0,3.0564285714285715,0.8046481675051449
HIST   ,1A      ,"PHILLIPS, DAVID DANIEL",317.0,3.3268138801261835,0.8187897547724177
HIST   ,113B    ,"PHILLIPS, DAVID DANIEL",100.0,2.4549999999999996,1.1986137826672945
HIST   ,191A    ,"PHILLIPS, DAVID DANIEL",26.0,3.3999999999999995,0.6300183147521007
PUB PLC,225     ,"PHILLIPS, MEREDITH",10.0,4.0,0.0
PUB AFF,M117DX  ,"PHILLIPS, MEREDITH",11.0,4.0,0.0
PUB AFF,M117D   ,"PHILLIPS, MEREDITH",37.0,3.983783783783784,0.06783729944870878
PUB AFF,60      ,"PHILLIPS, MEREDITH",407.0,3.5194103194103197,0.8186653285012564
WL ARTS,120     ,"PHIPPS, ELENA J",27.0,3.837037037037037,0.2995653000576473
WL ARTS,133     ,"PHIPPS, ELENA J",38.0,3.7868421052631582,0.3172007936470284
POL SCI,111C    ,"PIANO, NATASHA",113.0,3.4371681415929203,0.6412370083923297
POL SCI,112A    ,"PIANO, NATASHA",12.0,3.25,1.0404326023342405
POL SCI,10      ,"PIANO, NATASHA",493.0,3.6659229208924953,0.6535710999575982
URBN PL,262     ,"PIERCE, GREGORY S",44.0,3.775,0.6431898489701013
MGMT   ,169     ,"PIERCE, MATTHEW DALTON",109.0,3.9201834862385323,0.18162357307382493
MGMT   ,160     ,"PIERCE, MATTHEW DALTON",156.0,3.492948717948718,0.43472835306648083
AF AMER,1       ,"PIERRE, JEMIMA",322.0,3.7680124223602482,0.5929202599239578
NURSING,205A    ,"PIETERS, HUIBRIE C",10.0,3.97,0.08999999999999996
FILM TV,122M    ,"PIKE, KELLY RENEE",69.0,3.6159420289855073,0.7865947870143827
FILM TV,72      ,"PIKE, KELLY RENEE",48.0,3.8499999999999996,0.324037034920393
FILM TV,178     ,"PIKE, KELLY RENEE",41.0,3.992682926829268,0.04627723405124455
NURSING,237B    ,"PIKE, NANCY A",28.0,3.864285714285714,0.2056597149841138
POL SCI,139     ,"PIKE, STUART WILLIAM",658.0,3.7711246200607897,0.5959480299310126
POL SCI,120A    ,"PIKE, STUART WILLIAM",703.0,3.6352773826458034,0.5545430126968016
ART    ,1B      ,"PILLER, ALICIA",17.0,3.9,0.27865221840769444
MECH&AE,C136    ,"PILON, LAURENT G",77.0,3.2688311688311686,0.5793547105072553
MECH&AE,231B    ,"PILON, LAURENT G",25.0,3.716,0.3986778147828143
MECH&AE,C236    ,"PILON, LAURENT G",16.0,3.6375,0.43571062644833436
MECH&AE,105A    ,"PILON, LAURENT G",105.0,2.3704761904761904,1.3573029145382614
RUSSN  ,90A     ,"PILSHCHIKOV, IGOR",301.0,3.7518272425249166,0.6028489808757204
COM SCI,C121    ,"PIMENTEL, HAROLD JOSEPH",277.0,3.8169675090252704,0.5477563449059899
COM SCI,CM221   ,"PIMENTEL, HAROLD JOSEPH",36.0,3.9000000000000004,0.3659083066683358
BIOINFO,M221    ,"PIMENTEL, HAROLD JOSEPH",13.0,3.923076923076923,0.1967186438852988
COM SCI,C221    ,"PIMENTEL, HAROLD JOSEPH",38.0,3.9157894736842103,0.37312782894244423
COM SCI,CM121   ,"PIMENTEL, HAROLD JOSEPH",253.0,3.863636363636364,0.39405390045556865
ENVIRON,200A    ,"PINCETL, STEPHANIE S",20.0,3.9850000000000003,0.06538348415311006
ENVIRON,297B    ,"PINCETL, STEPHANIE S",10.0,3.88,0.1469693845669906
ENVIRON,155     ,"PINCETL, STEPHANIE S",298.0,3.886577181208054,0.457254385328475
BIOINFO,201     ,"PING, PEIPEI",110.0,3.9627272727272724,0.12199783225279112
FILM TV,282A    ,"PINKNEY, ROSE CATHERINE",25.0,3.924,0.21218859535799747
EE BIOL,129     ,"PINTER-WOLLMAN, NOA",305.0,3.7140983606557376,0.4360379628877281
EE BIOL,188     ,"PINTER-WOLLMAN, NOA",28.0,3.871428571428571,0.3216665785485058
LIFESCI,7B      ,"PIRES, DEBRA B",3970.0,3.5402267002518895,0.6080537966658389
LIFESCI,7A      ,"PIRES, DEBRA B",1687.0,3.3107883817427384,0.7761576249922431
PSYCH  ,M117A   ,"PIRI, NATIK",32.0,3.0843750000000005,0.793374665196085
PHYSCI ,M180A   ,"PIRI, NATIK",20.0,3.345,0.7426136276691939
MCD BIO,M175A   ,"PIRI, NATIK",34.0,2.9588235294117653,0.9165528921738502
NEUROSC,M101A   ,"PIRI, NATIK",422.0,3.2021327014218013,0.7460291097720647
IRANIAN,M178    ,"PIRNAZAR, NAHID",10.0,3.9,0.21908902300206648
HIST   ,M178    ,"PIRNAZAR, NAHID",25.0,3.44,0.7386474125047755
GENDER ,M162    ,"PLACEK, KAROLINA",25.0,3.7960000000000003,0.3328423050034355
SOCIOL ,132     ,"PLACEK, KAROLINA",355.0,3.385352112676056,0.8508551307252323
SOCIOL ,145     ,"PLACEK, KAROLINA",290.0,3.3855172413793104,0.8715407925914948
SOCIOL ,M162    ,"PLACEK, KAROLINA",109.0,3.6055045871559632,0.6560704345697744
SOCIOL ,180A    ,"PLACEK, KAROLINA",511.0,3.3401174168297456,0.9467294541753267
MOL BIO,254B    ,"PLATH, KATHRIN",20.0,3.88,0.1469693845669906
HNRS   ,138     ,"PODDAR, NAMRATA",54.0,3.8870370370370373,0.16221418887601144
PSYCH  ,M166    ,"POE, GINA ROCHELLE",41.0,3.7341463414634153,0.4331449124364062
NEUROSC,M187    ,"POE, GINA ROCHELLE",46.0,3.686956521739131,0.47849796494600366
PHYSCI ,M106    ,"POE, GINA ROCHELLE",44.0,3.7681818181818185,0.36104188076928345
PHYSCI ,194A    ,"POE, GINA ROCHELLE",101.0,4.0,0.0
PHYSCI ,CM123   ,"POE, GINA ROCHELLE",42.0,3.9785714285714286,0.07726181304565687
NEUROSC,CM123   ,"POE, GINA ROCHELLE",38.0,3.9421052631578943,0.219606800473948
MUSC   ,C485E   ,"POGOSSIAN, MOVSES",10.0,4.0,0.0
MUSC   ,C175E   ,"POGOSSIAN, MOVSES",104.0,4.0,0.0
MGMTFT ,420     ,"POLIQUIN, CHRISTOPHER WILLIAM",522.0,3.400574712643678,0.42891163069653
HIST   ,M142C   ,"POLK, PATRICK",13.0,3.8923076923076922,0.252560848605877
WL ARTS,120     ,"POLK, PATRICK",100.0,3.839,0.37626984997472224
HLT POL,M233    ,"PONCE, NINEZ A",10.0,3.8699999999999997,0.22383029285599393
HLT POL,M110    ,"PONCE, NINEZ A",31.0,3.990322580645161,0.053005408790822495
HLT POL,596     ,"PONCE, NINEZ A",35.0,3.908571428571429,0.24304194649299127
LING   ,165B    ,"POOLE, ETHAN JOHN",36.0,3.316666666666667,0.9500000000000001
LING   ,200B    ,"POOLE, ETHAN JOHN",36.0,3.8055555555555554,0.6569899561402258
LING   ,120B    ,"POOLE, ETHAN JOHN",156.0,3.13525641025641,1.149292116979498
POL SCI,119     ,"POOUDOMSAK, VANESSA VASANA",133.0,3.718045112781955,0.641055823929093
MATH   ,259A    ,"POPA, SORIN",12.0,3.975,0.08291561975888495
MATH   ,115A    ,"POPA, SORIN",29.0,2.975862068965517,1.024074072083148
ENGCOMP,3       ,"POPHAM, SHELBY A",310.0,2.6806451612903226,0.9388116561389687
ENGCOMP,2       ,"POPHAM, SHELBY A",120.0,2.855,0.8587636461797856
MATH   ,168     ,"PORTER, MASON ALEXANDER",103.0,3.5980582524271845,0.7424677538713002
MATH   ,266B    ,"PORTER, MASON ALEXANDER",15.0,3.4466666666666668,0.4951318567367237
MATH   ,142     ,"PORTER, MASON ALEXANDER",42.0,3.7214285714285715,0.558712684611311
MATH   ,260     ,"PORTER, MASON ALEXANDER",13.0,3.9538461538461536,0.10824036368823294
MATH   ,M148    ,"PORTER, MASON ALEXANDER",52.0,3.7711538461538465,0.41246749916790104
MATH   ,276     ,"PORTER, MASON ALEXANDER",23.0,3.5217391304347827,0.5453012902648051
HIST   ,191I    ,"PORTER, THEODORE M",11.0,3.5818181818181825,0.47062469474708307
NEURO  ,201     ,"PORTERA-CAILLIAU, CARLOS",15.0,3.893333333333333,0.19821424996424675
NEURO  ,M220    ,"PORTERA-CAILLIAU, CARLOS",15.0,3.5799999999999996,0.530659966456864
POL SCI,241     ,"POSNER, DANIEL N",18.0,3.6611111111111114,0.2690288891734056
INTL DV,191     ,"POSNER, DANIEL N",27.0,3.4851851851851854,1.0262133572485481
INTL DV,M120    ,"POSNER, DANIEL N",257.0,3.491828793774319,0.6814748267984839
POL SCI,151A    ,"POSNER, DANIEL N",113.0,3.7230088495575226,0.5611317340255628
POL SCI,M167C   ,"POSNER, DANIEL N",734.0,3.596457765667575,0.7065003651290159
POL SCI,292B    ,"POSNER, DANIEL N",13.0,3.7923076923076926,0.13846153846153839
CLUSTER,10B     ,"POSNER, MIRIAM",162.0,3.905555555555555,0.2067532673992044
DGT HUM,187     ,"POSNER, MIRIAM",30.0,3.953333333333333,0.17461067804945063
DGT HUM,201     ,"POSNER, MIRIAM",31.0,3.9419354838709677,0.11852369723144404
INF STD,270     ,"POSNER, MIRIAM",242.0,3.9396694214876034,0.21006859912343362
DGT HUM,150     ,"POSNER, MIRIAM",23.0,3.9695652173913043,0.14275178399462615
CLUSTER,10A     ,"POSNER, MIRIAM",174.0,3.926436781609195,0.2228136534513866
COM SCI,259     ,"POTKONJAK, MIODRAG",116.0,3.9008620689655173,0.3840563198765237
COM SCI,M51A    ,"POTKONJAK, MIODRAG",182.0,3.1016483516483517,0.9577603955293494
HLT ADM,413     ,"POTTHOFF, SANDRA JEAN",251.0,3.5338645418326693,0.6443198068689142
EC ENGR,180DB   ,"POTTIE, GREGORY J",64.0,3.875,0.2091650066335189
EC ENGR,113     ,"POTTIE, GREGORY J",52.0,2.8826923076923077,1.0460035949795101
EC ENGR,180DW   ,"POTTIE, GREGORY J",35.0,3.68,0.331058907144937
EC ENGR,230B    ,"POTTIE, GREGORY J",55.0,3.447272727272727,0.6597119331274399
GLBL ST,191     ,"POTTS, SHAINA S",19.0,3.905263157894737,0.1394488557841238
GEOG   ,248     ,"POTTS, SHAINA S",8.0,4.0,0.0
GLBL ST,1       ,"POTTS, SHAINA S",296.0,3.6013513513513504,0.5664596651376897
INTL DV,191     ,"POTTS, SHAINA S",25.0,3.86,0.27999999999999997
GEOG   ,149     ,"POTTS, SHAINA S",129.0,3.4968992248062016,0.7133215225236955
HLT POL,439     ,"POURAT, NADEREH",63.0,3.8857142857142857,0.3156535889366962
IRANIAN,1C      ,"POURZANGI, BANAFSHEH",36.0,3.855555555555556,0.36548631563107836
IRANIAN,1B      ,"POURZANGI, BANAFSHEH",51.0,3.7882352941176474,0.6201350450091035
IRANIAN,187     ,"POURZANGI, BANAFSHEH",33.0,3.9030303030303033,0.31380832644847556
IRANIAN,1A      ,"POURZANGI, BANAFSHEH",62.0,3.9483870967741934,0.1478250224179303
PHYSICS,5B      ,"POWELL, IAN EMMANUEL",357.0,3.345098039215686,0.8357956700970747
PHYSICS,1B      ,"POWELL, IAN EMMANUEL",40.0,3.2324999999999995,0.7534545440834504
LAW    ,358     ,"POWER, JOHN J",109.0,3.4660550458715593,0.34884348465531906
LAW    ,234     ,"POWER, JOHN J",134.0,3.487313432835821,0.36064238742915916
EDUC   ,477     ,"POWERS, ERIN M",48.0,3.6312499999999996,0.3916611258473325
MAT SCI,151     ,"POZUELO, MARTA",79.0,3.3405063291139236,0.7155628018403861
MAT SCI,131L    ,"POZUELO, MARTA",152.0,3.5828947368421056,0.39466446704922215
MAT SCI,140B    ,"POZUELO, MARTA",136.0,3.6,0.44704914850212013
MAT SCI,104     ,"POZUELO, MARTA",107.0,3.1738317757009344,0.8177169549603073
MAT SCI,140A    ,"POZUELO, MARTA",136.0,3.4808823529411765,0.4325904709664029
COM LIT,290     ,"PRABHU, ANJALI",10.0,3.8099999999999996,0.2211334438749598
COM LIT,100     ,"PRABHU, ANJALI",57.0,3.5666666666666664,0.6642059851004618
MGMT   ,298D    ,"PRAKASH, ABHIJAY",25.0,3.548,0.29680970334542645
ANTHRO ,129     ,"PRALL, SEAN PAGE",25.0,3.4759999999999995,0.8382266996463428
ANTHRO ,1       ,"PRALL, SEAN PAGE",254.0,2.777165354330709,1.232703256714542
COM HLT,211A    ,"PRELIP, MICHAEL L",60.0,3.578333333333333,0.3381773039233842
COM HLT,211B    ,"PRELIP, MICHAEL L",60.0,3.5649999999999995,0.31980462785894775
HNRS   ,87W     ,"PRESCOTT-JOHNSON, TARA L",45.0,3.7688888888888887,0.6452638468865007
ENGCOMP,3DX     ,"PRESCOTT-JOHNSON, TARA L",41.0,3.836585365853659,0.2227938974959851
HNRS   ,50      ,"PRESCOTT-JOHNSON, TARA L",38.0,4.0,0.0
ENGCOMP,3       ,"PRESCOTT-JOHNSON, TARA L",326.0,3.664110429447854,0.5382603539777314
GERMAN ,59      ,"PRESNER, TODD S",209.0,3.850717703349282,0.35609788681989707
CLUSTER,10B     ,"PRESNER, TODD S",158.0,3.8253164556962025,0.466733424696807
CLUSTER,10A     ,"PRESNER, TODD S",348.0,3.8686781609195395,0.27052838864578416
CLUSTER,10CW    ,"PRESNER, TODD S",17.0,3.9588235294117644,0.16470588235294123
ELTS   ,200     ,"PRESNER, TODD S",7.0,3.914285714285714,0.1355261854357876
MAT SCI,C111    ,"PRIKHODKO, SERGEY",46.0,3.5304347826086957,0.45724580261338804
MAT SCI,C211    ,"PRIKHODKO, SERGEY",93.0,3.564516129032258,0.5494171224771186
MAT SCI,111L    ,"PRIKHODKO, SERGEY",20.0,4.0,0.0
MAT SCI,105     ,"PRIKHODKO, SERGEY",27.0,3.4074074074074074,0.5656369244625926
NEUROSC,102     ,"PRINS, MAYUMI L",290.0,3.0644827586206893,1.1261533129132524
NEUROSC,140     ,"PRINS, MAYUMI L",50.0,3.988,0.058787753826796234
POL SCI,40      ,"PRIVETT, CHASE ALLEN",50.0,3.1340000000000003,0.8985788780068225
POL SCI,140A    ,"PRIVETT, CHASE ALLEN",76.0,3.4039473684210524,0.6264857686193267
POL SCI,30      ,"PRIVETT, CHASE ALLEN",105.0,3.241904761904762,1.1715501291944017
GENDER ,M136    ,"PROVENZANO, CATHERINE ANN",51.0,3.9470588235294115,0.19438484284539184
MUSCLG ,1       ,"PROVENZANO, CATHERINE ANN",30.0,3.8,0.30000000000000004
MUSCLG ,125C    ,"PROVENZANO, CATHERINE ANN",81.0,3.450617283950617,0.6917723626140132
MUSCLG ,127     ,"PROVENZANO, CATHERINE ANN",24.0,3.829166666666666,0.4168124744880951
MSC IND,185     ,"PROVENZANO, CATHERINE ANN",44.0,3.6636363636363636,0.870499049420114
MUSCLG ,M136    ,"PROVENZANO, CATHERINE ANN",165.0,3.8884848484848487,0.5025276787921733
MIMG   ,185A    ,"PUIG SAUS, CRISTINA",139.0,2.932374100719424,0.8904946347850872
MIMG   ,180B    ,"PUIG SAUS, CRISTINA",10.0,4.0,0.0
MIMG   ,180A    ,"PUIG SAUS, CRISTINA",10.0,4.0,0.0
LAW    ,282     ,"PURDY, WILLIAM CHARLES",18.0,3.688888888888889,0.3478327964999674
EDUC   ,143     ,"PURDY, WILLIAM CHARLES",121.0,3.9867768595041326,0.07814179605667974
EDUC   ,452A    ,"PURDY, WILLIAM CHARLES",28.0,4.0,0.0
EDUC   ,209A    ,"PURDY, WILLIAM CHARLES",41.0,4.0,0.0
EDUC   ,106A    ,"PURDY, WILLIAM CHARLES",196.0,3.901020408163265,0.4208821876844368
EDUC   ,106B    ,"PURDY, WILLIAM CHARLES",116.0,3.9801724137931034,0.13275582173493722
EDUC   ,181     ,"PURDY, WILLIAM CHARLES",68.0,3.9323529411764704,0.48307872226285664
EDUC   ,100     ,"PURDY, WILLIAM CHARLES",61.0,3.962295081967213,0.2561786866310499
SCAND  ,50W     ,"PURDY, WILLIAM CHARLES",117.0,3.899145299145299,0.5305207450603986
EDUC   ,10      ,"PURDY, WILLIAM CHARLES",328.0,3.9908536585365852,0.09519814021948778
EDUC   ,101C    ,"PURDY, WILLIAM CHARLES",135.0,3.9214814814814822,0.4449527956961336
EDUC   ,442B    ,"PURDY, WILLIAM CHARLES",48.0,4.0,0.0
EDUC   ,106C    ,"PURDY, WILLIAM CHARLES",37.0,3.8675675675675674,0.6497625570697029
PHYSICS,115B    ,"PUTTERMAN, SETH J",58.0,3.0293103448275853,0.8466991935603477
PHYSICS,32      ,"PUTTERMAN, SETH J",27.0,3.0407407407407407,1.0636273572106252
PHYSICS,110A    ,"PUTTERMAN, SETH J",34.0,3.2823529411764705,0.6801689185676358
PHYSICS,112     ,"PUTTERMAN, SETH J",29.0,3.5241379310344825,0.5893627022200617
PHYSICS,115C    ,"PUTTERMAN, SETH J",19.0,3.021052631578948,1.0928374210324536
PHYSICS,220     ,"PUTTERMAN, SETH J",60.0,3.506666666666667,0.5910066741491917
PHYSICS,17      ,"PUTTERMAN, SETH J",77.0,2.9493506493506496,1.0136245080298716
MOL BIO,254B    ,"PYLE, APRIL DAWN",10.0,3.85,0.1499999999999999
MIMG   ,170     ,"PYLE, APRIL DAWN",164.0,3.7585365853658543,0.47317073170731716
SOCIOL ,M238    ,"QUADLIN, NATASHA MICHAELA",13.0,3.9538461538461536,0.10824036368823294
SOCIOL ,M162    ,"QUADLIN, NATASHA MICHAELA",650.0,3.557230769230768,0.615780949295115
SOCIOL ,189     ,"QUADLIN, NATASHA MICHAELA",25.0,4.0,0.0
GENDER ,M162    ,"QUADLIN, NATASHA MICHAELA",130.0,3.589230769230769,0.614221978647178
SOCIOL ,202B    ,"QUADLIN, NATASHA MICHAELA",26.0,3.9384615384615387,0.20395497820865924
EDUC   ,113     ,"QUARTZ, KAREN",202.0,3.8029702970297032,0.4046647421918286
ENV HLT,253     ,"QUE HEE, SHANE S",15.0,3.8,0.4
ENV HLT,C200C   ,"QUE HEE, SHANE S",25.0,3.864,0.22428553230201895
ENV HLT,C257    ,"QUE HEE, SHANE S",71.0,3.8154929577464793,0.2424336048639051
ENV HLT,252E    ,"QUE HEE, SHANE S",12.0,3.758333333333333,0.3094574104604524
ART    ,150     ,"QUEENLAND, MICHAEL",12.0,3.7416666666666667,0.3226410113767657
SPAN   ,160     ,"QUICOLI, ANTONIO C",85.0,3.5505882352941183,0.6669727094534749
SPAN   ,5       ,"QUICOLI, ANTONIO C",58.0,3.9068965517241376,0.25654338139939126
SPAN   ,4       ,"QUICOLI, ANTONIO C",56.0,3.9035714285714285,0.2604695524530689
SPAN   ,191A    ,"QUICOLI, ANTONIO C",54.0,3.8870370370370364,0.22281556589707927
PHYSCI ,109     ,"QUIJADA, PEARL JENNINE",42.0,3.9761904761904763,0.1524553389864964
PHYSCI ,111B    ,"QUIJADA, PEARL JENNINE",456.0,3.7629385964912276,0.35430826564843515
CHEM   ,156     ,"QUINLAN, MARGOT ELIZABETH",160.0,3.188125,0.7620180341533919
CHEM   ,268     ,"QUINLAN, MARGOT ELIZABETH",17.0,4.0,0.0
CHEM   ,269D    ,"QUINLAN, MARGOT ELIZABETH",47.0,3.74468085106383,0.43604045812594033
HUM GEN,411     ,"QUINN, EMILY",10.0,3.84,0.30397368307141326
EDUC   ,230A    ,"QUINONES, PATRICIA",85.0,3.98,0.11040034100544098
ASIA AM,174A    ,"QUTAMI, LOUBNA N",57.0,3.801754385964912,0.45901925506001495
ASIA AM,107     ,"QUTAMI, LOUBNA N",21.0,3.3523809523809525,1.169704499769085
ASIA AM,175B    ,"QUTAMI, LOUBNA N",20.0,3.87,0.3494281041931229
AF AMER,M124    ,"QUTAMI, LOUBNA N",18.0,3.8333333333333335,0.30368111930480995
ASIA AM,M124    ,"QUTAMI, LOUBNA N",31.0,3.8741935483870966,0.2862073937137914
ASIA AM,175A    ,"QUTAMI, LOUBNA N",28.0,3.8821428571428567,0.257811630332485
LAW    ,792     ,"RABIN, NINA A",30.0,3.98,0.07483314773547878
LAW    ,119     ,"RADD, BENJAMIN",21.0,3.766666666666667,0.2624669291337271
GLBL ST,188A    ,"RADD, BENJAMIN",20.0,3.825,0.43803538669838077
PUB PLC,291A    ,"RADING, AJWANG MBINGA FEHLMANN",18.0,3.933333333333333,0.12472191289246465
ECON   ,271A    ,"RAFEY, WILLIAM M",41.0,3.826829268292683,0.6324649379056142
ECON   ,134     ,"RAFEY, WILLIAM M",653.0,3.283154670750383,0.6298286081288631
EDUC   ,420A    ,"RAFI, FATEMEH HANI",16.0,4.0,0.0
EDUC   ,425     ,"RAFI, FATEMEH HANI",299.0,3.944147157190636,0.27295764874850653
EDUC   ,490A    ,"RAFI, FATEMEH HANI",4.0,4.0,0.0
EDUC   ,498B    ,"RAFI, FATEMEH HANI",16.0,4.0,0.0
EDUC   ,491     ,"RAFI, FATEMEH HANI",16.0,4.0,0.0
EDUC   ,405A    ,"RAFI, FATEMEH HANI",18.0,4.0,0.0
EDUC   ,405B    ,"RAFI, FATEMEH HANI",18.0,3.9833333333333334,0.06871842709362763
EDUC   ,405C    ,"RAFI, FATEMEH HANI",18.0,4.0,0.0
EDUC   ,498C    ,"RAFI, FATEMEH HANI",16.0,4.0,0.0
EDUC   ,498A    ,"RAFI, FATEMEH HANI",16.0,4.0,0.0
NAV SCI,102B    ,"RAGADIO, JOSHUA",23.0,4.0,0.0
DS BMED,200     ,"RAHMANI, ELIOR",22.0,3.7409090909090916,0.4238986702557913
EC ENGR,260B    ,"RAHMAT-SAMII, YAHYA",10.0,3.6700000000000004,0.3407345007480164
EC ENGR,260A    ,"RAHMAT-SAMII, YAHYA",80.0,3.5525000000000007,0.3660515674054682
EDUC   ,299B    ,"RAIA, FEDERICA",31.0,4.0,0.0
EDUC   ,140     ,"RAIA, FEDERICA",85.0,3.8176470588235296,0.593529120270435
EDUC   ,299A    ,"RAIA, FEDERICA",18.0,4.0,0.0
ENVIRON,277     ,"RAJAGOPAL, DEEPAK",52.0,3.9326923076923075,0.1857636565495914
ENVIRON,250     ,"RAJAGOPAL, DEEPAK",17.0,3.8176470588235296,0.19474053361466878
ENVIRON,157     ,"RAJAGOPAL, DEEPAK",86.0,3.374418604651163,0.49911224596524545
ENVIRON,C159    ,"RAJAGOPAL, DEEPAK",118.0,3.4322033898305087,0.6808371412238502
PHYSICS,188     ,"RAJAGOPAL, DEEPAK",14.0,3.4857142857142853,0.5755210593852481
MGMTFE ,410     ,"RAJARAM, KUMAR",304.0,3.3694078947368418,0.516648783218185
MGMTGEX,410     ,"RAJARAM, KUMAR",35.0,3.3685714285714288,0.4880113749092498
MGMTEX ,410     ,"RAJARAM, KUMAR",168.0,3.3773809523809524,0.47867654614328503
MGMTGEX,410B    ,"RAJARAM, KUMAR",22.0,3.4272727272727277,0.4391953574247695
CHEM   ,14A     ,"RAMACHANDRAN, ROSHINI",33.0,3.9515151515151516,0.18277525878788145
MAT SCI,202     ,"RAMAN, AASWATH PATTABHI",122.0,3.7122950819672136,0.36000406847711497
MAT SCI,221     ,"RAMAN, AASWATH PATTABHI",59.0,3.666101694915254,0.33929646528229485
MAT SCI,248     ,"RAMAN, AASWATH PATTABHI",30.0,3.6133333333333337,0.3537733109712427
MAT SCI,121     ,"RAMAN, AASWATH PATTABHI",124.0,3.4572580645161293,0.5022808280005311
COM SCI,205     ,"RAMEZANI, RAMIN",32.0,3.65625,0.47495887979908324
BIOSTAT,244     ,"RAMIREZ, CHRISTINA MICHELLE",53.0,4.0,0.0
BIOSTAT,213     ,"RAMIREZ, CHRISTINA MICHELLE",27.0,4.0,0.0
SOC WLF,231F    ,"RAMIREZ, GUILLERMO ULISES",103.0,3.968932038834951,0.11743961572844613
CCAS   ,113     ,"RAMIREZ-OROPEZA, MARTHA E",418.0,3.950956937799043,0.2695229580943064
SPAN   ,160     ,"RANERO ECHEVERRIA, RODRIGO",60.0,3.7983333333333333,0.4573443876215044
PORTGSE,M35     ,"RANERO ECHEVERRIA, RODRIGO",60.0,2.9916666666666667,1.0936622980711288
SPAN   ,M35     ,"RANERO ECHEVERRIA, RODRIGO",99.0,2.8909090909090915,1.1948619724259697
BIOMATH,259     ,"RANGANATH, VEENA K",28.0,4.0,0.0
BIOMATH,M262    ,"RANGANATH, VEENA K",9.0,4.0,0.0
MGMT   ,275     ,"RAO, ARUN",168.0,3.283928571428571,0.6360527790640507
ANTHRO ,120     ,"RASHIDI, JENNIFER S",46.0,3.882608695652174,0.35892614465331163
ANTHRO ,129     ,"RASHIDI, JENNIFER S",147.0,3.2095238095238092,0.8731313054999179
ANTHRO ,126Q    ,"RASHIDI, JENNIFER S",108.0,3.2907407407407407,1.0324850493973659
ANTHRO ,126P    ,"RASHIDI, JENNIFER S",188.0,3.2728723404255318,1.0102971148621467
FILM TV,298A    ,"RASTEGAR, ROYA ZAHRA",12.0,3.8333333333333335,0.32231799343022866
FILM TV,6A      ,"RASTEGAR, ROYA ZAHRA",230.0,3.788695652173913,0.5161336559948999
FILM TV,210     ,"RASTEGAR, ROYA ZAHRA",83.0,3.891566265060241,0.1441257978605557
MGMTMSA,435     ,"RATCLIFF, RYAN D",119.0,3.7327731092436975,0.32283128869048533
GLBL ST,160     ,"RAUSTIALA, KAL",53.0,3.4132075471698107,0.3899868095732899
LAW    ,270     ,"RAUSTIALA, KAL",91.0,3.4417582417582415,0.3730085389429861
INF STD,270     ,"RAVAL, NOOPUR A",53.0,3.828301886792453,0.5770377700893137
INF STD,272     ,"RAVAL, NOOPUR A",24.0,4.0,0.0
INF STD,30      ,"RAVAL, NOOPUR A",80.0,3.9299999999999997,0.4662081080376016
INF STD,279     ,"RAVAL, NOOPUR A",60.0,3.9949999999999997,0.03840572873934302
MGMT   ,142A    ,"RAVETCH, DAVID S",414.0,3.324396135265701,0.6965470374956748
MGMT   ,142B    ,"RAVETCH, DAVID S",164.0,3.4310975609756094,0.6811548767289362
MGMT   ,168     ,"RAVETCH, DAVID S",345.0,3.314202898550725,0.657488426739168
MGMT   ,142C    ,"RAVETCH, DAVID S",62.0,3.601612903225807,0.39164332666008467
FILM TV,215     ,"RAVETTO, KRISTINE SUZANNE",16.0,3.8312500000000003,0.14882351124738313
FILM TV,106C    ,"RAVETTO, KRISTINE SUZANNE",240.0,3.56875,0.6670070745501879
FILM TV,107     ,"RAVETTO, KRISTINE SUZANNE",201.0,3.5999999999999996,0.6019041096503083
FILM TV,298A    ,"RAVETTO, KRISTINE SUZANNE",17.0,3.9470588235294115,0.11436601232484452
FILM TV,114     ,"RAVETTO, KRISTINE SUZANNE",140.0,3.717857142857143,0.43773244553899704
ART    ,275     ,"RAWLS, WILL JAMES",10.0,4.0,0.0
DANCE  ,117B    ,"RAWLS, WILL JAMES",21.0,4.0,0.0
DANCE  ,186A    ,"RAWLS, WILL JAMES",10.0,3.8699999999999997,0.22383029285599393
ART    ,C280    ,"RAWLS, WILL JAMES",18.0,4.0,0.0
PSYCH  ,162     ,"RAY, LARA ALLISON",766.0,3.9428198433420363,0.2444034382954303
PSYCH  ,189     ,"RAY, LARA ALLISON",18.0,3.933333333333333,0.12472191289246465
GENDER ,203     ,"RAZACK, SHERENE HALIDA",13.0,4.0,0.0
GENDER ,119     ,"RAZACK, SHERENE HALIDA",31.0,3.874193548387097,0.33016881501739315
EC ENGR,215C    ,"RAZAVI, BEHZAD",98.0,3.5397959183673473,0.44988429258869905
EC ENGR,209BS   ,"RAZAVI, BEHZAD",26.0,4.0,0.0
EC ENGR,215A    ,"RAZAVI, BEHZAD",220.0,3.4977272727272726,0.4739047834762305
EC ENGR,215E    ,"RAZAVI, BEHZAD",59.0,3.5,0.473715927176844
EC ENGR,115B    ,"RAZAVI, BEHZAD",91.0,3.4197802197802196,0.5808708468391609
EC ENGR,100     ,"RAZAVI, BEHZAD",180.0,3.058333333333334,0.8402297966098983
EC ENGR,115A    ,"RAZAVI, BEHZAD",60.0,3.2199999999999998,0.8642530493630516
DESMA  ,111     ,"REAS, CASEY",23.0,3.8,0.3243723035407737
DESMA  ,113     ,"REAS, CASEY",19.0,3.689473684210526,0.5349812951399184
DESMA  ,289     ,"REAS, CASEY",11.0,4.0,0.0
DESMA  ,28      ,"REAS, CASEY",79.0,3.7886075949367095,0.44493985990205315
DESMA  ,171     ,"REAS, CASEY",46.0,3.6999999999999997,0.5229514899773834
DESMA  ,161     ,"REAS, CASEY",38.0,3.71578947368421,0.5397496085123143
DESMA  ,404     ,"REAS, CASEY",10.0,4.0,0.0
SPAN   ,11B     ,"REDA COLL, FRANCESC",10.0,3.1399999999999997,0.98812954616285
SPAN   ,11A     ,"REDA COLL, FRANCESC",16.0,3.5999999999999996,0.5244044240850758
SPAN   ,3       ,"REDA COLL, FRANCESC",101.0,3.198019801980198,0.9842301306619966
ETHNMUS,20C     ,"REES, HELEN M",74.0,3.458108108108108,0.7503164659818201
ETHNMUS,C156A   ,"REES, HELEN M",12.0,3.975,0.08291561975888495
ETHNMUS,183     ,"REES, HELEN M",14.0,3.957142857142857,0.1049781318335647
ETHNMUS,5       ,"REES, HELEN M",235.0,3.4970212765957447,0.7372978695774706
INF STD,486     ,"REESE, MEREDITH ANNE",26.0,3.976923076923077,0.0799408065031789
INF STD,289     ,"REESE, MEREDITH ANNE",25.0,4.0,0.0
PHYSICS,112     ,"REGAN, BRIAN C",67.0,3.362686567164179,0.7247924707393519
PHYSICS,115B    ,"REGAN, BRIAN C",127.0,3.2771653543307084,0.9286506150237179
PHYSICS,1C      ,"REGAN, BRIAN C",164.0,3.120731707317073,0.7211504705605952
PHYSICS,115A    ,"REGAN, BRIAN C",123.0,3.210569105691057,1.0152346044806453
PHYSICS,110A    ,"REGAN, BRIAN C",122.0,3.2393442622950817,0.7556950309775287
PHYSICS,17      ,"REGAN, BRIAN C",273.0,3.3003663003663,0.7447741338907296
LAW    ,211     ,"REICH, PETER L",276.0,3.466304347826087,0.3548659189269647
LAW    ,113     ,"REICH, PETER L",182.0,3.550549450549451,0.3404501307250258
LAW    ,941     ,"REICH, PETER L",11.0,3.6909090909090905,0.314655787270487
LAW    ,475     ,"REICH, PETER L",409.0,3.4845965770171152,0.36002227055267944
ETHNMUS,20A     ,"REIGLE, ROBERT FRANKLIN",39.0,3.5435897435897434,0.5938984078688585
ETHNMUS,183     ,"REIGLE, ROBERT FRANKLIN",20.0,3.6,0.6920982589199312
ETHNMUS,101     ,"REIGLE, ROBERT FRANKLIN",21.0,3.761904761904762,0.3484334881890804
COM SCI,136     ,"REIHER, PETER L",191.0,3.195287958115183,0.7648212985075695
COM SCI,111     ,"REIHER, PETER L",854.0,3.145901639344262,0.7492546301917814
CHEM   ,14CL    ,"REILLY, AMBER",246.0,3.975609756097561,0.11641072745152903
CHEM   ,30B     ,"REILLY, AMBER",221.0,3.0986425339366517,1.0451993093185215
CHEM   ,30A     ,"REILLY, AMBER",284.0,3.0218309859154933,0.8506514651114234
CHEM   ,30BL    ,"REILLY, AMBER JAYNE",71.0,3.3915492957746483,0.5011947637714289
CHEM   ,30B     ,"REILLY, AMBER JAYNE",66.0,2.9015151515151514,0.9716422250019785
CHEM   ,30CL    ,"REILLY, AMBER JAYNE",30.0,3.58,0.3310589071449371
CHEM   ,14C     ,"REILLY, AMBER JAYNE",63.0,2.988888888888889,0.7962433844854604
CHEM   ,14D     ,"REILLY, AMBER JAYNE",959.0,3.0402502606882167,0.7712551826501987
MGMTMFE,410     ,"REINER, ERIC S",182.0,3.5115384615384615,0.3442284670559643
MGMTMFE,406     ,"REINER, ERIC S",276.0,3.492391304347827,0.334674954458467
COM LIT,100     ,"REINHARD, KENNETH",18.0,3.533333333333333,0.9122621455602672
COM SCI,M151B   ,"REINMAN, GLENN D",561.0,2.9158645276292336,0.9618653943799538
ENGR   ,186W    ,"REINMAN, GLENN D",230.0,3.9413043478260867,0.18222786375558073
COM SCI,33      ,"REINMAN, GLENN D",1424.0,3.212991573033708,0.8963133198523363
HLT POL,441     ,"REISCHL, HANNAH H",43.0,3.953488372093023,0.18595928187631444
HLT ADM,417     ,"REISCHL, HANNAH H",153.0,3.871241830065359,0.2695125599106506
PSYCH  ,250A    ,"REISE, STEVEN PAUL",143.0,3.8020979020979015,0.31853434708884865
PSYCH  ,100A    ,"REISE, STEVEN PAUL",220.0,3.561818181818182,0.5614076169742394
PSYCH  ,255A    ,"REISE, STEVEN PAUL",26.0,3.9538461538461536,0.10824036368823294
CHEM   ,257     ,"REISLER, EMIL",38.0,3.6921052631578943,0.6594980463429697
ASIAN  ,30      ,"REN, YI",61.0,3.6000000000000005,0.6404404222300694
MGMT   ,298D    ,"RENE, ROBERT WILLIAM",53.0,3.5452830188679245,0.4350519542757949
CLUSTER,M71B    ,"RENSEL, MICHELLE A",501.0,3.7023952095808377,0.5295219207623706
SOC GEN,108     ,"RENSEL, MICHELLE A",59.0,3.9881355932203393,0.09035663006957181
CLUSTER,M71CW   ,"RENSEL, MICHELLE A",42.0,3.9285714285714284,0.25753937681885636
SOC GEN,M144    ,"RENSEL, MICHELLE A",235.0,3.9463829787234044,0.3127396138855052
SOC GEN,102     ,"RENSEL, MICHELLE A",1033.0,3.8787028073572114,0.3829263459339383
CLUSTER,M71A    ,"RENSEL, MICHELLE A",759.0,3.85441370223979,0.3705970578830731
PSYCH  ,290     ,"REPETTI, RENA L",23.0,3.856521739130435,0.27792098807820675
MUSCLG ,126     ,"REPLOGLE, HOLLEY D",20.0,3.835,0.32599846625406076
MUSCLG ,177     ,"REPLOGLE, HOLLEY D",46.0,3.965217391304348,0.15634047475100174
MUSCLG ,7       ,"REPLOGLE, HOLLEY D",1195.0,3.7585774058577406,0.6898423697152548
MUSCLG ,160     ,"REPLOGLE, HOLLEY D",11.0,3.6363636363636362,1.1499191491521379
MUSCLG ,9       ,"REPLOGLE, HOLLEY D",91.0,3.726373626373626,0.798189595042495
MUSCLG ,60      ,"REPLOGLE, HOLLEY D",215.0,3.8125581395348838,0.5282533440092961
PHILOS ,C133B   ,"RESCORLA, MICHAEL ARTHUR",48.0,3.314583333333333,0.8599877865734813
PHILOS ,7       ,"RESCORLA, MICHAEL ARTHUR",498.0,2.9405622489959837,0.7147058857692267
CHEM   ,20B     ,"RESLAN, RANDA",689.0,3.042525399129173,1.047080401362077
CHEM   ,17      ,"RESLAN, RANDA",153.0,3.6196078431372545,0.654402768536241
CHEM   ,14A     ,"RESLAN, RANDA",694.0,3.2935158501440926,1.038648549234332
LAW    ,230     ,"RESTREPO, FERNAN",229.0,3.477729257641921,0.34271214202023137
LAW    ,115     ,"RESTREPO, FERNAN",22.0,3.859090909090909,0.1874690057027389
LAW    ,520     ,"RESTREPO, FERNAN",35.0,3.974285714285714,0.08398250546685176
LAW    ,575     ,"RESTREPO, FERNAN",20.0,4.0,0.0
LAW    ,236     ,"RESTREPO, FERNAN",239.0,3.4882845188284524,0.3640037510308341
LING   ,222     ,"RETT, JESSICA L",11.0,3.909090909090909,0.28747978728803447
LING   ,120C    ,"RETT, JESSICA L",124.0,3.4653225806451613,0.7418421224569315
LING   ,200C    ,"RETT, JESSICA L",10.0,4.0,0.0
HUM GEN,236A    ,"REUE, KAREN",25.0,3.9,0.2190890230020664
MCD BIO,CM156   ,"REUE, KAREN",68.0,2.980882352941176,0.8672568913366641
MIMG   ,CM156   ,"REUE, KAREN",58.0,3.043103448275862,0.6607498532794381
NURSING,204     ,"REZK-HANNA, MARY",206.0,3.8674757281553402,0.2520988342424683
MUSC   ,106A    ,"RHIE, KAY KYURIM",12.0,3.783333333333333,0.2544056253745625
MUSC   ,253     ,"RHIE, KAY KYURIM",10.0,3.9299999999999997,0.21000000000000005
MUSC   ,106B    ,"RHIE, KAY KYURIM",12.0,3.516666666666666,0.3312434485725299
PSYCH  ,133G    ,"RHINEHART, LAURA",21.0,3.6809523809523808,0.9194299722778797
ENGCOMP,3       ,"RHODD-LEE, HOLLAND M",41.0,3.860975609756098,0.27926562997985055
ECON   ,103     ,"RIBEIRO ANTUNES PINTO, RODRIGO",523.0,3.00095602294455,0.9856421672258286
ECON   ,103L    ,"RIBEIRO ANTUNES PINTO, RODRIGO",523.0,3.005927342256214,0.9939699889277908
SOCIOL ,132     ,"RIBET, ELIZABETH RACHEL",140.0,3.866428571428572,0.47713590670729
GENDER ,185     ,"RIBET, ELIZABETH RACHEL",214.0,3.8584112149532706,0.4702348777452143
SOCIOL ,M174    ,"RIBET, ELIZABETH RACHEL",115.0,3.757391304347826,0.582656714439049
SOCIOL ,145     ,"RIBET, ELIZABETH RACHEL",138.0,3.8492753623188403,0.41323158696480167
SOCIOL ,M120    ,"RIBET, ELIZABETH RACHEL",12.0,3.658333333333333,0.5376776192312847
DIS STD,191     ,"RIBET, ELIZABETH RACHEL",10.0,4.0,0.0
SOCIOL ,180B    ,"RIBET, ELIZABETH RACHEL",133.0,3.808270676691729,0.5094660499556736
DIS STD,M149    ,"RIBET, ELIZABETH RACHEL",12.0,3.8333333333333335,0.3726779962499649
CLUSTER,20CW    ,"RIBET, ELIZABETH RACHEL",22.0,4.0,0.0
GENDER ,M174    ,"RIBET, ELIZABETH RACHEL",28.0,3.867857142857143,0.32738528135666023
CLUSTER,73CW    ,"RIBET, ELIZABETH RACHEL",23.0,4.0,0.0
ARCH&UD,221     ,"RICCIARDI, GARRETT",31.0,3.6870967741935483,0.24328655012857817
ARCH&UD,401     ,"RICCIARDI, GARRETT",11.0,3.8545454545454545,0.21893808325076902
ARCH&UD,412     ,"RICCIARDI, GARRETT",11.0,3.8636363636363638,0.14937887931959065
ARCH&UD,413     ,"RICCIARDI, GARRETT",10.0,3.78,0.21354156504062624
PUB HLT,195CE   ,"RICE, LINDSAY NICOLE",17.0,4.0,0.0
HLT POL,227A    ,"RICE, THOMAS H",33.0,4.0,0.0
HLT POL,M236    ,"RICE, THOMAS H",39.0,3.717948717948718,0.5367861603893452
ASTR   ,3       ,"RICH, MICHAEL",187.0,3.0545454545454542,0.95945516057455
ASTR   ,5       ,"RICH, MICHAEL",727.0,3.491884456671252,0.6499625619250771
FILM TV,C454B   ,"RICHARDSON, NANCY",24.0,4.0,0.0
CLASSIC,161     ,"RICHLIN, AMY ELLEN",15.0,3.6466666666666665,0.5655282682786266
MUSC   ,15      ,"RICHMAN, WENDY MICHELLE",1141.0,3.920245398773006,0.38667817354148315
MUSC   ,261D    ,"RICHMAN, WENDY MICHELLE",52.0,3.9134615384615383,0.2253449033011108
MUSC   ,114A    ,"RICHMAN, WENDY MICHELLE",13.0,3.976923076923077,0.0799408065031789
MUSC   ,202     ,"RICHMAN, WENDY MICHELLE",114.0,3.8429824561403505,0.3760294170663122
MUSC   ,203     ,"RICHMAN, WENDY MICHELLE",12.0,3.608333333333333,0.6849067251985648
EDUC   ,231D    ,"RICKLES, JORDAN",19.0,3.857894736842105,0.2581631256511731
EDUC   ,152     ,"RICKLES, JORDAN",13.0,3.5384615384615383,0.7011402378526671
GEOG   ,150     ,"RIGBY, DAVID",63.0,3.444444444444445,0.6303885870818919
GEOG   ,413     ,"RIGBY, DAVID",35.0,3.522857142857143,0.6828870286347157
GEOG   ,150     ,"RIGBY, DAVID L",50.0,3.48,0.49517673612559787
GEOG   ,413     ,"RIGBY, DAVID L",18.0,3.6500000000000004,0.35000000000000003
THEATER,C151B   ,"RIGG, ROBERT",10.0,3.8699999999999997,0.22383029285599393
THEATER,443A    ,"RIGG, ROBERT",12.0,3.783333333333333,0.2544056253745625
MCD BIO,138     ,"RIGUEUR, DIANA",391.0,3.9616368286445014,0.17667396264994326
MCD BIO,180A    ,"RIGUEUR, DIANA",115.0,4.0,0.0
MCD BIO,144     ,"RIGUEUR, DIANA",443.0,3.969751693002257,0.24251630782814687
MCD BIO,180B    ,"RIGUEUR, DIANA",115.0,4.0,0.0
MCD BIO,165A    ,"RIGUEUR, DIANA",357.0,3.9739495798319324,0.12398304632946548
MCD BIO,191     ,"RIGUEUR, DIANA",58.0,4.0,0.0
LAW    ,267     ,"RILEY, ANGELA R",65.0,3.616923076923077,0.3510727431828298
LAW    ,311     ,"RILEY, ANGELA R",142.0,3.4915492957746475,0.34793008803705944
LAW    ,130     ,"RILEY, ANGELA R",89.0,3.451685393258427,0.36936397187493447
LAW    ,301     ,"RILEY, ANGELA R",88.0,3.5772727272727276,0.36640987752393833
COM HLT,CM470   ,"RILEY, KEVIN",48.0,3.6333333333333333,0.356682242650545
EE BIOL,297     ,"RILEY, SETH DUNMORE",10.0,4.0,0.0
EPIDEM ,220     ,"RIMOIN, ANNE W",176.0,3.8943181818181825,0.23152555059542002
EPIDEM ,420     ,"RIMOIN, ANNE W",41.0,4.0,0.0
EPIDEM ,221     ,"RIMOIN, ANNE W",64.0,3.975,0.10606601717798213
PSYCH  ,M116A   ,"RINGACH, DARIO L",221.0,2.797737556561086,1.0172469028904356
EDUC   ,263     ,"RIOS AGUILAR, CECILIA",22.0,4.0,0.0
EDUC   ,118     ,"RIOS AGUILAR, CECILIA",259.0,3.875675675675676,0.38342470558421593
EDUC   ,250C    ,"RIOS AGUILAR, CECILIA",31.0,3.980645161290323,0.07370103005674745
ART    ,11D     ,"RIOS, MARCO TULIO",52.0,4.0,0.0
ART    ,150     ,"RIOS, MARCO TULIO",13.0,4.0,0.0
PSYCH  ,124K    ,"RISSMAN, JESSE A",63.0,3.90952380952381,0.23483481916072288
PHYSCI ,M106    ,"RISSMAN, JESSE A",44.0,3.7681818181818185,0.36104188076928345
PSYCH  ,120A    ,"RISSMAN, JESSE A",1413.0,3.4643312101910824,0.7447776629018614
NEUROSC,M187    ,"RISSMAN, JESSE A",46.0,3.686956521739131,0.47849796494600366
PSYCH  ,M166    ,"RISSMAN, JESSE A",37.0,3.824324324324324,0.39892111623213783
NEURO  ,M220    ,"RISSMAN, JESSE A",15.0,3.5799999999999996,0.530659966456864
PSYCH  ,127A    ,"RITH-NAJARIAN, LESLIE ROSE",459.0,3.237472766884532,0.9347042550803591
PSYCH  ,126     ,"RITH-NAJARIAN, LESLIE ROSE",109.0,3.4541284403669725,0.6997420376702322
CESC   ,191AX   ,"RITTER, ZACHARY S",11.0,4.0,0.0
CESC   ,191BX   ,"RITTER, ZACHARY S",11.0,4.0,0.0
SOC WLF,252     ,"RITTERBUSCH, AMY ELIZABETH",79.0,4.0,0.0
PUB AFF,116     ,"RITTERBUSCH, AMY ELIZABETH",222.0,3.981531531531532,0.09805034741082837
PUB AFF,10      ,"RITTERBUSCH, AMY ELIZABETH",514.0,3.9826848249027234,0.19575204150698458
PUB AFF,112     ,"RITTERBUSCH, AMY ELIZABETH",95.0,4.0,0.0
EPIDEM ,200B    ,"RITZ, BEATE R",235.0,3.3889361702127654,0.5716390545542841
EPIDEM ,260     ,"RITZ, BEATE R",24.0,3.975,0.08291561975888495
CHEM   ,14C     ,"RIU, MARTIN-LOUIS YOOJIN",1242.0,3.4058776167471816,0.690834341996633
SOC SC ,404     ,"RIVAS, MARIELA JANET",24.0,3.9166666666666665,0.24267032964268398
SOC SC ,403     ,"RIVAS, MARIELA JANET",35.0,3.7228571428571424,0.482307379337353
SOC SC ,402     ,"RIVAS, MARIELA JANET",25.0,3.86,0.3555277766926235
PSYCH  ,100A    ,"RIVAS, MARIELA JANET",223.0,3.3753363228699547,0.9385475606799197
MIL SCI,11      ,"RIVERA, CAROL JHOANNA",13.0,3.6923076923076925,1.065877420042386
HIST   ,161     ,"RIVERA, ENRIQUE SALVADOR",79.0,3.553164556962025,0.9459889263994443
AF AMER,M154C   ,"RIVERA, ENRIQUE SALVADOR",32.0,3.534375,0.5924574747397487
LBR STD,101     ,"RIVERA-SALGADO, GASPAR",102.0,3.8058823529411763,0.5272614281456116
LBR STD,126     ,"RIVERA-SALGADO, GASPAR",103.0,3.6679611650485433,0.6355509179960588
ARCH&UD,401     ,"ROBERGE, HEATHER LYNN",20.0,3.7700000000000005,0.2685144316419511
ARCH&UD,403C    ,"ROBERGE, HEATHER LYNN",11.0,3.809090909090909,0.3117532399905864
ARCH&UD,143     ,"ROBERGE, HEATHER LYNN",24.0,3.529166666666667,0.36796644623600616
ARCH&UD,289     ,"ROBERGE, HEATHER LYNN",12.0,3.9250000000000003,0.12990381056766573
ARCH&UD,412     ,"ROBERGE, HEATHER LYNN",11.0,3.4818181818181824,0.36386356538526365
AF AMER,M115    ,"ROBERSON, KENDRICK BILAL",28.0,3.6999999999999997,0.6335839103296196
LBR STD,M115    ,"ROBERSON, KENDRICK BILAL",73.0,3.7876712328767117,0.6097260120089989
EC ENGR,230B    ,"ROBERTS, IAN",21.0,3.9000000000000004,0.14142135623730942
EC ENGR,132A    ,"ROBERTS, IAN",160.0,3.39375,0.6277626442374539
EC ENGR,239AS   ,"ROBERTS, IAN",52.0,3.859615384615385,0.20963302678051415
EDUC   ,92F     ,"ROBERTS, JOANN SIMONE",25.0,4.0,0.0
MATH   ,94      ,"ROBERTS, JOANN SIMONE",26.0,4.0,0.0
HIST   ,101     ,"ROBERTS, MICHAEL T",22.0,3.8499999999999996,0.24633679826980417
LAW    ,508     ,"ROBERTS, MICHAEL T",83.0,3.8722891566265063,0.22988381193736754
COM HLT,M217    ,"ROBERTS, MICHAEL T",14.0,3.8000000000000003,0.19999999999999998
CLUSTER,10B     ,"ROBERTS, SARAH T",162.0,3.905555555555555,0.2067532673992044
GENDER ,185     ,"ROBERTS, SARAH T",44.0,3.8659090909090907,0.6119800879923901
GENDER ,187     ,"ROBERTS, SARAH T",25.0,3.96,0.19595917942265426
POL SCI,151B    ,"ROBERTS, TYSON",270.0,3.207037037037037,0.830164262258959
POL SCI,151A    ,"ROBERTS, TYSON",69.0,3.272463768115942,0.9163386593079673
POL SCI,124A    ,"ROBERTS, TYSON",698.0,3.142120343839541,0.842497363715122
POL SCI,169     ,"ROBERTS, TYSON",288.0,3.353125,0.6810357397519198
POL SCI,20      ,"ROBERTS, TYSON",117.0,3.688888888888889,0.609017392391644
POL SCI,6       ,"ROBERTS, TYSON",644.0,3.1385093167701865,1.186142142236847
MATH   ,184     ,"ROBICHAUX, COLLEEN ELIZABETH",29.0,2.8241379310344823,1.0444121172363916
MATH   ,61      ,"ROBICHAUX, COLLEEN ELIZABETH",342.0,3.015789473684211,0.9395699166072158
MATH   ,180     ,"ROBICHAUX, COLLEEN ELIZABETH",54.0,2.985185185185185,0.8813725422879021
CLUSTER,70B     ,"ROBIN, AMANDA NICOLE",247.0,3.7647773279352226,0.5623244224512819
CLUSTER,70CW    ,"ROBIN, AMANDA NICOLE",21.0,3.9857142857142858,0.06388765649999395
HIST   ,176B    ,"ROBINSON, GEOFFREY",203.0,3.4940886699507385,0.7780641203582591
PUB PLC,204     ,"ROBINSON, LAURA ONDINE",67.0,3.683582089552239,0.2909567413737954
PSYCH  ,150     ,"ROBLES, THEODORE FRANCISCO",611.0,3.6484451718494277,0.7134962933177452
PSYCH  ,217     ,"ROBLES, THEODORE FRANCISCO",10.0,4.0,0.0
LBR STD,179B    ,"ROCCO, RAYMOND A",48.0,3.6062499999999993,0.4579875589649425
LBR STD,179A    ,"ROCCO, RAYMOND A",32.0,3.778125,0.27241326027746887
NURSING,461     ,"ROCES, BARBARA",70.0,4.0,0.0
NURSING,168     ,"ROCES, BARBARA",59.0,3.796610169491526,0.26359065702875856
NURSING,161     ,"ROCES, BARBARA",59.0,3.8796610169491528,0.2129531348275111
NURSING,269     ,"ROCES, BARBARA",67.0,3.9582089552238804,0.122351650936831
NURSING,162C    ,"ROCES, BARBARA",51.0,3.703921568627451,0.37045853109394644
MGMTFT ,402     ,"RODILITZ, SCOTT RYAN",568.0,3.4003521126760563,0.4813418918624618
MGMT   ,274B    ,"RODILITZ, SCOTT RYAN",20.0,3.8600000000000003,0.1907878402833891
ENGCOMP,3       ,"RODRIGUEZ DRISSI, SUSANNAH",21.0,3.857142857142857,0.2498979383505129
ENGCOMP,3D      ,"RODRIGUEZ DRISSI, SUSANNAH",495.0,3.8068686868686865,0.4622226636997256
ENGCOMP,100W    ,"RODRIGUEZ DRISSI, SUSANNAH",79.0,3.959493670886076,0.13266402538302685
THEATER,72      ,"RODRIGUEZ, GABRIEL TIMOTHY",17.0,3.9588235294117644,0.16470588235294123
SPAN   ,170     ,"RODRIGUEZ, JIMENA NELIDA",103.0,3.8368932038834958,0.2591960278005803
SPAN   ,135     ,"RODRIGUEZ, JIMENA NELIDA",165.0,3.8618181818181823,0.29407744337117137
SPAN   ,119     ,"RODRIGUEZ, JIMENA NELIDA",245.0,3.781224489795919,0.43814838905195275
CHEM   ,230A    ,"RODRIGUEZ, JOSE ALFONSO",19.0,3.426315789473684,0.5514021412087914
CHEM   ,269A    ,"RODRIGUEZ, JOSE ALFONSO",39.0,3.88974358974359,0.16763035003775537
CHEM   ,156     ,"RODRIGUEZ, JOSE ALFONSO",246.0,3.614634146341463,0.45961859883495026
CHEM   ,257     ,"RODRIGUEZ, JOSE ALFONSO",18.0,3.511111111111111,0.8943581738933662
FILM TV,131     ,"ROGERS, DANIEL CHRISTOPHER",11.0,3.8909090909090907,0.14431370787625034
FILM TV,37      ,"ROGERS, DANIEL CHRISTOPHER",24.0,3.9458333333333333,0.2597742075127723
EDUC   ,440C    ,"ROGERS, JOHN S",119.0,4.0,0.0
EDUC   ,448A    ,"ROGERS, JOHN S",44.0,4.0,0.0
EDUC   ,229     ,"ROGERS, JOHN S",12.0,4.0,0.0
POL SCI,164B    ,"ROGOWSKI, RONALD L",28.0,3.6357142857142857,0.47750414038166483
EDUC   ,224     ,"ROHANNA, KRISTEN",78.0,4.0,0.0
EDUC   ,411     ,"ROHANNA, KRISTEN",83.0,4.0,0.0
EDUC   ,224     ,"ROHANNA, KRISTEN LEE",27.0,4.0,0.0
ECON   ,103     ,"ROJAS, RANDALL R",501.0,3.0668662674650697,0.8070423318692659
ECON   ,187     ,"ROJAS, RANDALL R",60.0,4.0,0.0
ECON   ,106VL   ,"ROJAS, RANDALL R",92.0,2.965217391304348,0.7589229757859511
ECON   ,106V    ,"ROJAS, RANDALL R",92.0,2.965217391304348,0.7589229757859511
ECON   ,104L    ,"ROJAS, RANDALL R",1149.0,3.0236727589208003,0.8635628129462862
ECON   ,441C    ,"ROJAS, RANDALL R",40.0,4.0,0.0
ECON   ,103L    ,"ROJAS, RANDALL R",501.0,3.0668662674650697,0.8070423318692659
ECON   ,430     ,"ROJAS, RANDALL R",512.0,3.3001953125,0.7169951137232579
ECON   ,1       ,"ROJAS, RANDALL R",1978.0,2.9290192113245705,1.1262683665105806
ECON   ,412     ,"ROJAS, RANDALL R",166.0,3.7813253012048196,0.3588142153915839
ECON   ,144     ,"ROJAS, RANDALL R",303.0,3.4504950495049505,0.728933906067235
ECON   ,41      ,"ROJAS, RANDALL R",298.0,2.4429530201342287,1.3539529515859583
ECON   ,104     ,"ROJAS, RANDALL R",1150.0,3.0256521739130435,0.8591367056627328
PHYSICS,5A      ,"ROMBES III, NICHOLAS DEMETRIOS",477.0,3.3888888888888884,0.8363230785034869
PHYSICS,5C      ,"ROMBES III, NICHOLAS DEMETRIOS",354.0,3.742090395480226,0.5295847779406025
PHYSICS,1C      ,"ROMBES III, NICHOLAS DEMETRIOS",124.0,3.591129032258065,0.6155265378800068
PHYSICS,1B      ,"ROMBES III, NICHOLAS DEMETRIOS",150.0,3.464,0.8121806038888969
EDUC   ,261F    ,"ROMERO, ANA LILIA",30.0,3.886666666666667,0.17461067804945057
NEUROSC,C177    ,"ROMERO, RAFAEL",90.0,3.7155555555555555,0.4054931458829171
NEUROSC,191H    ,"ROMERO, RAFAEL",64.0,3.9671875,0.0936327391661164
NEUROSC,192CX   ,"ROMERO, RAFAEL",31.0,4.0,0.0
NEUROSC,20      ,"ROMERO, RAFAEL",133.0,3.572932330827068,0.8075888013789025
CCAS   ,189     ,"ROMERO, ROBERT C",15.0,4.0,0.0
CCAS   ,191     ,"ROMERO, ROBERT C",20.0,3.585,0.8889741278574984
CCAS   ,282     ,"ROMERO, ROBERT C",13.0,3.869230769230769,0.3122735866182222
CCAS   ,178     ,"ROMERO, ROBERT C",159.0,3.6591194968553458,0.6751858664649022
CCAS   ,89      ,"ROMERO, ROBERT C",18.0,3.9499999999999997,0.11180339887498941
CCAS   ,150     ,"ROMERO, ROBERT C",38.0,3.4157894736842107,0.9529804537094948
CCAS   ,143     ,"ROMERO, ROBERT C",143.0,3.630769230769231,0.7867104895055167
CCAS   ,101     ,"ROMERO, ROBERT C",211.0,3.7,0.7435026620872354
CCAS   ,188     ,"ROMERO, ROBERT C",20.0,3.6300000000000003,0.3702701716314724
CCAS   ,10A     ,"ROMERO, ROBERT C",505.0,3.783168316831683,0.5370379537319984
MATH   ,272B    ,"ROPER, MARCUS LEIGH",30.0,3.75,0.33241540277189324
MATH   ,266B    ,"ROPER, MARCUS LEIGH",44.0,3.7431818181818186,0.46971835239695753
MATH   ,136     ,"ROPER, MARCUS LEIGH",43.0,3.3627906976744186,0.7865211172120197
MATH   ,168     ,"ROPER, MARCUS LEIGH",20.0,3.4050000000000002,0.6538157232737677
MATH   ,33B     ,"ROPER, MARCUS LEIGH",208.0,2.621153846153846,1.186719223233912
MATH   ,170E    ,"ROPER, MARCUS LEIGH",182.0,2.912637362637363,1.0004969481309867
MATH   ,266A    ,"ROPER, MARCUS LEIGH",30.0,3.79,0.5405861016834721
COM SCI,144     ,"ROSARIO, RYAN ROBERT",282.0,3.3886524822695034,0.7406717478726156
MGMTMSA,405     ,"ROSARIO, RYAN ROBERT",132.0,3.399242424242424,0.5770216387047516
MGMTMSA,402     ,"ROSARIO, RYAN ROBERT",249.0,3.28995983935743,0.7084257665134824
COM SCI,143     ,"ROSARIO, RYAN ROBERT",556.0,3.5793165467625903,0.4282559164961699
COM SCI,134     ,"ROSARIO, RYAN ROBERT",102.0,3.6098039215686275,0.6582075785458639
THEATER,14A     ,"ROSE, RICHARD S",247.0,3.7522267206477733,0.43002812874593177
MECH&AE,162D    ,"ROSEN, JACOB",54.0,3.4870370370370374,0.4857397170320047
MECH&AE,C163B   ,"ROSEN, JACOB",37.0,3.7162162162162162,0.5459994621883866
MECH&AE,C263B   ,"ROSEN, JACOB",172.0,3.9709302325581404,0.1165055933079564
MECH&AE,162E    ,"ROSEN, JACOB",54.0,3.5240740740740737,0.8153470483958635
LAW    ,782     ,"ROSEN, PETER KURT",31.0,3.92258064516129,0.13127090289919865
HLT POL,243     ,"ROSENAU, KASHIA LINDA AXTHELM",28.0,4.0,0.0
ART HIS,143     ,"ROSENBLUM, BETH T",79.0,3.40253164556962,0.7341532078135066
ART HIS,144     ,"ROSENBLUM, BETH T",111.0,3.2999999999999994,0.7910535795796425
ART HIS,C142B   ,"ROSENBLUM, BETH T",120.0,3.395,0.7697239765006675
ART HIS,185     ,"ROSENBLUM, BETH T",30.0,3.5133333333333336,0.8040453276332677
EDUC   ,206A    ,"ROSENFELD, KIMBERLY NICOLE",38.0,3.9815789473684213,0.11205088871601986
EDUC   ,270     ,"ROSENFELD, KIMBERLY NICOLE",23.0,3.8869565217391306,0.2997163119932884
HLT POL,M287    ,"ROSENSTOCK, LINDA",54.0,3.896296296296296,0.39438792848467197
PHYSICS,1C      ,"ROSENZWEIG, JAMES",136.0,3.736764705882353,0.5872178701211497
PHYSICS,250     ,"ROSENZWEIG, JAMES",7.0,3.914285714285714,0.1355261854357876
PHYSICS,105B    ,"ROSENZWEIG, JAMES",61.0,3.527868852459016,0.6571501182243595
FILM TV,122M    ,"ROSMAN, MARK E",83.0,3.9060240963855426,0.3175013129999837
FILM TV,163     ,"ROSMAN, MARK E",16.0,3.94375,0.1170937124699699
FILM TV,298A    ,"ROSMAN, MARK E",111.0,3.9378378378378383,0.1936161587953764
FILM TV,423A    ,"ROSMAN, MARK E",17.0,3.923529411764706,0.18320484120467576
C&EE   ,108     ,"ROSNER, FABIAN",231.0,2.769264069264069,0.99255186195266
C&EE   ,91      ,"ROSNER, FABIAN",91.0,3.173626373626374,0.7826181987525703
POL SCI,M152    ,"ROSS, MICHAEL L",645.0,3.436589147286821,0.7160361345132872
POL SCI,195CE   ,"ROSS, MICHAEL L",22.0,3.9863636363636363,0.06248966856757959
POL SCI,240B    ,"ROSS, MICHAEL L",29.0,3.837931034482759,0.27719505531670885
POL SCI,140C    ,"ROSS, MICHAEL L",114.0,4.0,0.0
POL SCI,140A    ,"ROSS, MICHAEL L",114.0,4.0,0.0
INTL DV,M150    ,"ROSS, MICHAEL L",173.0,3.4884393063583814,0.7886363390169235
QNT SCI,411     ,"ROSS, RICHARD STEWART",58.0,3.7172413793103454,0.4051980916294726
QNT SCI,412     ,"ROSS, RICHARD STEWART",58.0,3.81551724137931,0.29815624470142993
QNT SCI,410     ,"ROSS, RICHARD STEWART",58.0,3.653448275862069,0.46394690437940667
SOCIOL ,20      ,"ROSSI, GIOVANNI",454.0,2.595594713656388,1.026210673670955
SOCIOL ,89      ,"ROSSI, GIOVANNI",41.0,3.804878048780487,0.4455477415563329
MGMTMFE,402     ,"ROSSI, PETER E",78.0,3.269230769230769,0.4933682486711566
MGMTMSA,400     ,"ROSSI, PETER E",409.0,3.3973105134474326,0.541723775832915
MGMTPHD,201A    ,"ROSSI, PETER E",26.0,3.446153846153846,0.4609611774331888
SOCIOL ,M176    ,"ROSSMAN, GABRIEL",392.0,3.076530612244898,1.0427887473078474
SOCIOL ,210B    ,"ROSSMAN, GABRIEL",10.0,3.7700000000000005,0.3950949253027682
COMM   ,M147    ,"ROSSMAN, GABRIEL",108.0,3.5231481481481475,0.7147398492641922
SOCIOL ,210A    ,"ROSSMAN, GABRIEL",24.0,3.733333333333333,0.3880148908940939
SOCIOL ,173     ,"ROSSMAN, GABRIEL",316.0,2.7389240506329116,1.26033855479895
SOCIOL ,212B    ,"ROSSMAN, GABRIEL",15.0,3.98,0.07483314773547878
SOCIOL ,111     ,"ROSSMAN, GABRIEL",31.0,2.574193548387097,1.127648922125712
ENGR   ,216     ,"ROSTAMIAN, FARHAD DAVID",93.0,3.521505376344086,0.3531271854599698
ENGR   ,210     ,"ROSTAMIAN, FARHAD DAVID",214.0,3.5425233644859815,0.33266860234595497
MGMT   ,163     ,"ROSTAMIAN, FARHAD DAVID",108.0,3.527777777777778,0.37486623128527424
ENGR   ,188     ,"ROSTAMIAN, FARHAD DAVID",19.0,3.836842105263158,0.19251938061233556
ENGR   ,200     ,"ROSTAMIAN, FARHAD DAVID",63.0,3.5380952380952375,0.3387317951195951
FILM TV,488A    ,"ROTBLATT, STEVEN",17.0,3.923529411764706,0.24139158269039046
COM HLT,211A    ,"ROTH, SARAH ELIZABETH",56.0,3.608928571428571,0.3382078744301064
CLUSTER,48A     ,"ROTHBERG, MICHAEL",259.0,3.877606177606178,0.3262641930528094
CLUSTER,48B     ,"ROTHBERG, MICHAEL",247.0,3.8311740890688255,0.35088067059420625
COM LIT,290     ,"ROTHBERG, MICHAEL",10.0,4.0,0.0
THEATER,148     ,"ROTHENBERG, LEON",10.0,4.0,0.0
MATH   ,131A    ,"ROUQUIER, RAPHAEL ALEXIS",20.0,2.6700000000000004,1.0714942836991712
MATH   ,216A    ,"ROUQUIER, RAPHAEL ALEXIS",13.0,4.0,0.0
MATH   ,110C    ,"ROUQUIER, RAPHAEL ALEXIS",15.0,3.0533333333333332,0.8365537772446086
MATH   ,229A    ,"ROUQUIER, RAPHAEL ALEXIS",47.0,3.872340425531915,0.6397147395052302
PHILOS ,31      ,"ROUSH, SHERRILYN",128.0,3.4320312500000005,0.9119804680054489
PHILOS ,173     ,"ROUSH, SHERRILYN",98.0,3.638775510204082,0.6780272484231968
DANCE  ,117A    ,"ROUSSEVE, DAVID JOHN",34.0,3.911764705882353,0.506873174694532
DANCE  ,67A     ,"ROUSSEVE, DAVID JOHN",36.0,3.952777777777778,0.16580797312137102
DANCE  ,15      ,"ROUSSEVE, DAVID JOHN",18.0,3.9833333333333334,0.06871842709362763
PHYSICS,1B      ,"ROVIGE, LUCAS PIERRE",72.0,3.190277777777778,0.7000316901997728
PHYSCI ,289B    ,"ROWAT, AMY CATHERINE",73.0,3.8876712328767127,0.36600217286556597
FOOD ST,181     ,"ROWAT, AMY CATHERINE",37.0,3.621621621621621,0.7853851302232229
PHYSCI ,289A    ,"ROWAT, AMY CATHERINE",78.0,3.923076923076923,0.3419113233825391
PUB AFF,136     ,"ROWE, BRADLEY THOMAS",30.0,3.6400000000000006,0.7391887445030533
NURSING,464     ,"ROWE, TAKIYAH JAMILA",272.0,3.8448529411764705,0.24639156215892252
NURSING,165     ,"ROWE, TAKIYAH JAMILA",154.0,3.746753246753246,0.32276581337196536
PUB AFF,110     ,"ROY, ANANYA",507.0,3.724852071005917,0.5679591894132061
ART    ,145A    ,"ROY, DAID",11.0,3.6181818181818186,0.462833529503922
ART    ,145     ,"ROY, DAID",14.0,3.9285714285714284,0.2575393768188564
ART    ,145     ,"ROY, DAVID ALEXANDER",31.0,3.8806451612903223,0.21009883210237132
ART    ,1B      ,"ROY, DAVID ALEXANDER",39.0,3.9153846153846152,0.2684604364094638
PHYSICS,105B    ,"ROY, RAHUL",12.0,3.0083333333333333,1.2932248665856823
PHYSICS,242A    ,"ROY, RAHUL",10.0,4.0,0.0
PHYSICS,170N    ,"ROY, RAHUL",21.0,3.6380952380952376,0.6469534394641295
PHYSICS,180N    ,"ROY, RAHUL",18.0,3.466666666666667,0.99498743710662
PHYSICS,241A    ,"ROY, RAHUL",20.0,3.785,0.870789871323731
EC ENGR,232E    ,"ROYCHOWDHURY, VWANI P",612.0,3.9173202614379092,0.18057825249943202
EC ENGR,131A    ,"ROYCHOWDHURY, VWANI P",236.0,3.475847457627119,0.5111980382962586
EC ENGR,219     ,"ROYCHOWDHURY, VWANI P",897.0,3.8690078037904123,0.3093460880126905
EDUC   ,498C    ,"ROYSTER, MARKEITH ARENTHEO",26.0,4.0,0.0
EDUC   ,498A    ,"ROYSTER, MARKEITH ARENTHEO",61.0,4.0,0.0
EDUC   ,498B    ,"ROYSTER, MARKEITH ARENTHEO",61.0,4.0,0.0
FILM TV,402A    ,"ROZEMA, PATRICIA",10.0,3.7,0.0
FILM TV,134     ,"ROZENBLATT, DAPHNE CLAIRE",10.0,3.8,0.3435112807463534
FILM TV,430     ,"ROZENBLATT, DAPHNE CLAIRE",22.0,3.895454545454545,0.21421584850814873
PBMED  ,M209    ,"RUAN, DAN",12.0,3.9,0.14142135623730942
BIOENGR,M209    ,"RUAN, DAN",60.0,3.9583333333333335,0.12421978729476053
ECON   ,171     ,"RUBENS, MICHAEL AUGUST",21.0,3.5238095238095237,0.5051211659495665
ECON   ,106PL   ,"RUBENS, MICHAEL AUGUST",187.0,3.6005347593582893,0.4783547255376427
ECON   ,171L    ,"RUBENS, MICHAEL AUGUST",21.0,3.5238095238095237,0.5051211659495665
ECON   ,272A    ,"RUBENS, MICHAEL AUGUST",11.0,3.972727272727273,0.0862439361864103
ECON   ,106P    ,"RUBENS, MICHAEL AUGUST",187.0,3.6005347593582893,0.4783547255376427
THEATER,14C     ,"RUBIN KEND, SHOSHANA",59.0,3.6610169491525424,0.6457204488149736
THEATER,72      ,"RUBIN KEND, SHOSHANA",37.0,3.8621621621621616,0.28126293493508536
EPS SCI,9       ,"RUBIN, ALAN E",64.0,2.9734375,0.8939452911636987
EC ENGR,232B    ,"RUBIN, IZHAK",68.0,3.717647058823529,0.383459935966392
EC ENGR,132B    ,"RUBIN, IZHAK",187.0,3.694652406417112,0.5657546775012381
EC ENGR,232D    ,"RUBIN, IZHAK",40.0,3.8950000000000005,0.22798026230355997
CHEM   ,30CL    ,"RUBIN, YVES F",34.0,3.9441176470588233,0.14790930541976655
CHEM   ,136     ,"RUBIN, YVES F",173.0,3.909248554913295,0.2402455669520423
CHEM   ,30B     ,"RUBIN, YVES F",198.0,3.701010101010101,0.39529938775385887
CHEM   ,14C     ,"RUBIN, YVES F",698.0,3.8339541547277936,0.2921251216917605
CHEM   ,248     ,"RUBIN, YVES F",25.0,3.9360000000000004,0.16218507946170635
CHEM   ,236     ,"RUBIN, YVES F",64.0,3.7640625000000005,0.32228053942760804
ENGCOMP,130E    ,"RUBINSON, GREGORY J",15.0,3.8600000000000003,0.14966629547095758
ENGCOMP,3       ,"RUBINSON, GREGORY J",41.0,3.3487804878048784,0.6743097468828592
ENGCOMP,130C    ,"RUBINSON, GREGORY J",49.0,3.861224489795918,0.2746547565920117
HNRS   ,11W     ,"RUBINSON, GREGORY J",43.0,3.809302325581396,0.37714592419132226
MECH&AE,M20     ,"RUETER, MARCUS OLAVI",110.0,3.8645454545454547,0.57217072525862
C&EE   ,103     ,"RUETER, MARCUS OLAVI",50.0,3.776,0.517130544446951
C&EE   ,235B    ,"RUETER, MARCUS OLAVI",31.0,3.8806451612903223,0.2401872318578876
MECH&AE,102     ,"RUETER, MARCUS OLAVI",192.0,3.6500000000000004,0.6175387977015425
C&EE   ,M20     ,"RUETER, MARCUS OLAVI",113.0,3.809734513274336,0.5256205101280209
GJ STDS,129C    ,"RUIZ, OTMARO",17.0,4.0,0.0
HIST   ,1B      ,"RUIZ, TEOFILO F",141.0,3.731914893617021,0.7144227594930933
HIST   ,129A    ,"RUIZ, TEOFILO F",353.0,3.6359773371104818,0.6346310918288318
HIST   ,2C      ,"RUIZ, TEOFILO F",998.0,3.8428857715430866,0.48639247965659266
HIST   ,189     ,"RUIZ, TEOFILO F",34.0,3.8823529411764706,0.6758308995927093
HIST   ,89      ,"RUIZ, TEOFILO F",25.0,4.0,0.0
C&EE   ,170     ,"RUNYAN, MATTHEW T",46.0,2.9456521739130435,0.8358038363934785
ART    ,279     ,"RUPERTO, MILJOHN F",10.0,4.0,0.0
ART    ,137     ,"RUPERTO, MILJOHN F",12.0,4.0,0.0
POL SCI,149     ,"RUSH, TYE ANTHONY",60.0,3.8800000000000003,0.45232731511594565
ITALIAN,125     ,"RUSHING, ROBERT ALLEN",15.0,3.76,0.31368774282716244
ITALIAN,50B     ,"RUSHING, ROBERT ALLEN",93.0,3.438709677419354,0.925857029078164
ITALIAN,120     ,"RUSHING, ROBERT ALLEN",17.0,3.7470588235294118,0.494817431642661
ITALIAN,121     ,"RUSHING, ROBERT ALLEN",33.0,3.7393939393939393,0.32186896820063565
ELTS   ,140     ,"RUSHING, ROBERT ALLEN",27.0,3.537037037037037,0.42786995960450597
GJ STDS,M25     ,"RUSKIN, JESSE DANIEL",114.0,3.9324561403508773,0.19757104608664136
ETHNMUS,M25     ,"RUSKIN, JESSE DANIEL",581.0,3.8762478485370058,0.45637994164472934
ETHNMUS,5       ,"RUSKIN, JESSE DANIEL",131.0,3.87175572519084,0.6174652456963021
CHEM   ,14BL    ,"RUSSELL, A A",413.0,3.4353510895883774,0.7166032907068174
CHEM   ,30AL    ,"RUSSELL, A A",63.0,3.773015873015873,0.42434126323580096
CHEM   ,20L     ,"RUSSELL, A A",390.0,3.4461538461538463,0.6757507330772479
ENGL   ,270     ,"RUSSELL, DAVID JAMES",10.0,3.97,0.08999999999999996
ENGL   ,164B    ,"RUSSELL, DAVID JAMES",32.0,3.55,0.4069705149024927
ENGL   ,M101B   ,"RUSSELL, DAVID JAMES",21.0,3.6523809523809527,0.34173095462874586
ENGL   ,179     ,"RUSSELL, DAVID JAMES",36.0,3.430555555555556,0.6875154319255696
ENGL   ,118A    ,"RUSSELL, DAVID JAMES",35.0,3.4628571428571426,0.3586368750745876
ENGL   ,182E    ,"RUSSELL, DAVID JAMES",16.0,3.4875,0.5048205126577169
HLT POL,225C    ,"RYAN, GERY",16.0,4.0,0.0
MATH   ,164     ,"RYU, ERNEST KANG",31.0,3.693548387096774,0.7246514106889792
MATH   ,269A    ,"RYU, ERNEST KANG",17.0,3.8705882352941177,0.31392150739120783
MGMTFT ,403     ,"SAAVEDRA LUX, DANIEL",116.0,3.529310344827587,0.4053557912244396
DGT HUM,187     ,"SABO, NICHOLAS",54.0,3.9518518518518513,0.1950695419594621
DGT HUM,150     ,"SABO, NICHOLAS",29.0,3.8310344827586205,0.46319985131605473
DGT HUM,110     ,"SABO, NICHOLAS",29.0,3.8379310344827586,0.7364471060920422
DGT HUM,101     ,"SABO, NICHOLAS",232.0,3.889224137931034,0.3724514568278964
C&EE   ,190     ,"SABOL, THOMAS A",233.0,3.702145922746781,0.40463477432737294
C&EE   ,147     ,"SABOL, THOMAS A",63.0,3.2063492063492065,0.7184359148659061
C&EE   ,241     ,"SABOL, THOMAS A",133.0,3.281954887218045,0.42334766573720195
HLT ADM,402     ,"SABRKHANI, NAHAL SHANNON",172.0,3.7290697674418603,0.6772664411749679
EE BIOL,162     ,"SACK, LAWREN",1220.0,3.633032786885246,0.694379531201237
EE BIOL,162L    ,"SACK, LAWREN",412.0,3.877184466019417,0.4466312252957476
ECON   ,106G    ,"SADZIK, TOMASZ MAREK",284.0,3.0964788732394366,0.807832430315318
ECON   ,106GL   ,"SADZIK, TOMASZ MAREK",154.0,3.992207792207792,0.04771733265162032
ECON   ,201B    ,"SADZIK, TOMASZ MAREK",33.0,3.787878787878788,0.2793472648846428
ECON   ,211C    ,"SADZIK, TOMASZ MAREK",13.0,3.976923076923077,0.0799408065031789
MCD BIO,165A    ,"SAGASTI, ALVARO",584.0,3.5155821917808217,0.6414722498706396
EDUC   ,405B    ,"SAGUN, THEODORE RUIZ",14.0,3.792857142857143,0.5119490567768378
EDUC   ,498B    ,"SAGUN, THEODORE RUIZ",40.0,4.0,0.0
EDUC   ,491     ,"SAGUN, THEODORE RUIZ",40.0,4.0,0.0
EDUC   ,405C    ,"SAGUN, THEODORE RUIZ",13.0,3.8615384615384616,0.14955555457864284
EDUC   ,420A    ,"SAGUN, THEODORE RUIZ",40.0,3.9924999999999997,0.04683748498798796
EDUC   ,407     ,"SAGUN, THEODORE RUIZ",77.0,3.9285714285714284,0.28047137634686936
EDUC   ,127     ,"SAGUN, THEODORE RUIZ",14.0,3.892857142857143,0.1437472271249864
EDUC   ,490A    ,"SAGUN, THEODORE RUIZ",41.0,3.975609756097561,0.11641072745152903
EDUC   ,405A    ,"SAGUN, THEODORE RUIZ",14.0,4.0,0.0
EDUC   ,498C    ,"SAGUN, THEODORE RUIZ",40.0,4.0,0.0
EDUC   ,498A    ,"SAGUN, THEODORE RUIZ",41.0,4.0,0.0
SOCIOL ,189     ,"SAGUY, ABIGAIL COPE",14.0,3.857142857142857,0.2498979383505129
SOCIOL ,M162    ,"SAGUY, ABIGAIL COPE",189.0,3.1883597883597883,0.8123204450664597
SOCIOL ,203     ,"SAGUY, ABIGAIL COPE",10.0,3.8400000000000007,0.39038442591886263
GENDER ,M162    ,"SAGUY, ABIGAIL COPE",30.0,3.1733333333333333,1.1963648644493405
BIOMATH,267     ,"SAHA, ANGSHUMAN",16.0,4.0,0.0
BIOSTAT,212B    ,"SAHA, ANGSHUMAN",111.0,3.7450450450450457,0.36754327777012463
COM SCI,181     ,"SAHAI, AMIT",346.0,3.3456647398843926,0.787618230614319
A&O SCI,200C    ,"SAIDE PERALTA, PABLO",13.0,3.930769230769231,0.12639751327042287
A&O SCI,270     ,"SAIDE PERALTA, PABLO",10.0,3.9299999999999997,0.21000000000000002
A&O SCI,104     ,"SAIDE PERALTA, PABLO",222.0,3.4013513513513516,0.6754030981722665
ENVIRON,188A    ,"SAIDE PERALTA, PABLO",37.0,3.7675675675675677,0.2761257587111587
RELIGN ,M105A   ,"SAIEDI, NADER",16.0,4.0,0.0
IRANIAN,M105A   ,"SAIEDI, NADER",31.0,3.9451612903225803,0.17750730957674332
RELIGN ,M105C   ,"SAIEDI, NADER",21.0,3.8904761904761904,0.48980536649995393
RELIGN ,M105B   ,"SAIEDI, NADER",21.0,3.9857142857142858,0.06388765649999395
IRANIAN,M105C   ,"SAIEDI, NADER",14.0,4.0,0.0
IRANIAN,M105B   ,"SAIEDI, NADER",29.0,3.968965517241379,0.09136304344477078
MGMT   ,218     ,"SAKAKIBARA, MARIKO",295.0,3.5410169491525423,0.45996939808029985
MGMT   ,458B    ,"SAKAKIBARA, MARIKO",72.0,3.6041666666666665,0.33724270027517117
EDUC   ,101C    ,"SALAZAR, CINTHYA",41.0,3.6951219512195124,0.7463574045802738
EDUC   ,201     ,"SALAZAR, CINTHYA",23.0,3.756521739130435,0.5670872081975781
NURSING,20      ,"SALEM, BENISSA E",238.0,3.8462184873949585,0.263553581038817
NURSING,10      ,"SALEM, BENISSA E",241.0,3.8568464730290453,0.24907466360054856
NURSING,230B    ,"SALEM, BENISSA E",68.0,3.9955882352941177,0.036111850464143135
NURSING,260     ,"SALEM, BENISSA E",274.0,3.9576642335766428,0.11380776963279857
NURSING,250     ,"SALEM, BENISSA E",138.0,3.997826086956522,0.025444999805912215
PHILOS ,C127B   ,"SALMON, NATHAN",34.0,3.123529411764706,1.005004777140947
PHILOS ,C127C   ,"SALMON, NATHAN",32.0,3.315625,1.0897561008661527
PHYSICS,1A      ,"SALTZBERG, DAVID",299.0,2.9658862876254184,0.907626623344613
ASTR   ,3       ,"SALTZBERG, DAVID",204.0,3.278921568627451,0.8519854629878596
PHYSICS,117     ,"SALTZBERG, DAVID",13.0,3.723076923076923,0.32142434485809507
MCD BIO,187AL   ,"SALWINSKI, LUKASZ",56.0,3.889285714285714,0.5456577195814016
PHYSICS,131     ,"SAMANI, JOSHUA FRED",95.0,3.4252631578947366,0.87575151739612
PHYSICS,180N    ,"SAMANI, JOSHUA FRED",21.0,3.195238095238095,0.9771075831375701
PHYSICS,5B      ,"SAMANI, JOSHUA FRED",2369.0,3.2936682144364715,0.8865452279527554
PHYSICS,32      ,"SAMANI, JOSHUA FRED",86.0,3.059302325581396,0.9376340718986748
PHYSICS,192M    ,"SAMANI, JOSHUA FRED",320.0,3.9578125,0.26386827176405653
PHYSCI ,173     ,"SAMPATH, ALAPAKKAM P",83.0,3.618072289156627,0.5384369565882908
NEURO  ,M202    ,"SAMPATH, ALAPAKKAM P",46.0,3.9195652173913045,0.26343843866088185
NURSING,249     ,"SAMUEL-NAKAMURA, CHRISTINE",75.0,3.852,0.2118867622103844
ENGCOMP,130A    ,"SAMUELSON, MARY G",163.0,3.9779141104294484,0.18993849178034317
HNRS   ,50      ,"SAMUELSON, MARY G",147.0,3.9911564625850344,0.1068568691542377
ENGCOMP,2       ,"SAMUELSON, MARY G",31.0,3.383870967741936,0.7526712747719322
ENGCOMP,3       ,"SAMUELSON, MARY G",67.0,3.4925373134328357,0.5928210907370226
ENGCOMP,131B    ,"SAMUELSON, MARY G",106.0,3.9613207547169815,0.12405929403783598
ENGCOMP,131A    ,"SAMUELSON, MARY G",60.0,3.921666666666667,0.1835680315910758
WL ARTS,103     ,"SAN JUAN, CAROLINA DE LEON",38.0,3.7736842105263158,0.8919771682605228
CESC   ,104     ,"SAN JUAN, CAROLINA DE LEON",12.0,4.0,0.0
CESC   ,103XP   ,"SAN JUAN, CAROLINA DE LEON",13.0,3.8461538461538463,0.532938710021193
SOC WLF,211A    ,"SANATI MORGAN, MUHRIA AHMANISE",27.0,4.0,0.0
MATH   ,110AH   ,"SANCHEZ OCAL, PABLO",18.0,3.238888888888889,1.0280179899468302
MATH   ,33A     ,"SANCHEZ OCAL, PABLO",575.0,3.862782608695652,0.4993622851912783
MATH   ,31B     ,"SANCHEZ OCAL, PABLO",751.0,3.1011984021304926,0.8576816065804499
MATH   ,115A    ,"SANCHEZ OCAL, PABLO",103.0,3.3262135922330094,0.7114815889857844
STATS  ,170     ,"SANCHEZ, JUANA",29.0,3.4793103448275864,0.6466781485592498
STATS  ,100A    ,"SANCHEZ, JUANA",240.0,3.359583333333333,0.8180718141187578
STATS  ,102B    ,"SANCHEZ, JUANA",45.0,3.1377777777777776,0.9559843998933801
PHILOS ,169     ,"SANCHEZ, ROBERT ELI",44.0,3.375,1.0574680308943796
LAW    ,394     ,"SANDER, RICHARD H",14.0,3.557142857142857,0.31102201510110355
LAW    ,526     ,"SANDER, RICHARD H",23.0,3.739130434782609,0.2885332177919489
LAW    ,311     ,"SANDER, RICHARD H",77.0,3.483116883116883,0.41070183749935907
LAW    ,112     ,"SANDER, RICHARD H",92.0,3.53695652173913,0.3720441159279332
DGT HUM,150     ,"SANDERS, ASHLEY",36.0,3.9249999999999994,0.2277608394786075
DGT HUM,101     ,"SANDERS, ASHLEY",347.0,3.9115273775216135,0.47597583817879896
DGT HUM,120     ,"SANDERS, ASHLEY",105.0,3.9380952380952383,0.17258866727732255
DGT HUM,125     ,"SANDERS, ASHLEY",60.0,3.9683333333333333,0.11473399186330478
DGT HUM,199     ,"SANDERS, ASHLEY",12.0,4.0,0.0
COMM   ,163     ,"SANDERS, BARRY",69.0,3.4434782608695658,0.5441329390181334
COMM   ,182     ,"SANDERS, BARRY",76.0,3.4157894736842107,0.6314254199363756
FILM TV,291B    ,"SANDERS, CHUCK",19.0,3.7263157894736842,0.3767480035404901
GLB HLT,130     ,"SANDESARA, UTPAL NIRANJAN",72.0,3.765277777777778,0.4403785373662521
GLB HLT,160     ,"SANDESARA, UTPAL NIRANJAN",54.0,3.975925925925926,0.14002008478308095
GLB HLT,191     ,"SANDESARA, UTPAL NIRANJAN",25.0,3.972,0.13717142559585802
PSYCH  ,131     ,"SANDHOFER, CATHERINE M",147.0,3.9734693877551015,0.12580436740753012
ARCH&UD,401     ,"SANDMEIER, NATASHA SIMONE",77.0,3.6662337662337663,0.34059168897684694
ARCH&UD,403C    ,"SANDMEIER, NATASHA SIMONE",33.0,3.745454545454545,0.33673198504458435
EDUC   ,229     ,"SANDOVAL, WILLIAM A",12.0,4.0,0.0
EDUC   ,242     ,"SANDOVAL, WILLIAM A",23.0,4.0,0.0
EDUC   ,407     ,"SANDOVAL, WILLIAM A",29.0,4.0,0.0
EDUC   ,296I    ,"SANDOVAL, WILLIAM A",53.0,4.0,0.0
ASIA AM,M161    ,"SANGALANG, CINDY CRUZ",210.0,3.8380952380952373,0.3406942358747454
SOC WLF,211B    ,"SANGALANG, CINDY CRUZ",83.0,3.898795180722892,0.22467860628318148
ASIA AM,191C    ,"SANGALANG, CINDY CRUZ",40.0,3.8925000000000005,0.3459678453267009
HLT POL,M110    ,"SANGALANG, CINDY CRUZ",44.0,3.777272727272727,0.49902798079850663
BIOENGR,125     ,"SANGIORGIO, SOPHIA NICOLE",35.0,3.5371428571428574,0.4635796829553465
BIOENGR,C235    ,"SANGIORGIO, SOPHIA NICOLE",14.0,3.9285714285714284,0.1905952009160905
BIOENGR,C135    ,"SANGIORGIO, SOPHIA NICOLE",66.0,3.618181818181818,0.5068946130709328
BIOENGR,188     ,"SANGIORGIO, SOPHIA NICOLE",23.0,3.6,0.46625240412015695
COM SCI,CM124   ,"SANKARARAMAN, SRIRAM",87.0,3.6839080459770117,0.34236283878881796
COM SCI,CM224   ,"SANKARARAMAN, SRIRAM",27.0,3.7777777777777777,0.3325917677132393
COM SCI,M146    ,"SANKARARAMAN, SRIRAM",1067.0,3.4245548266166828,0.6246848604129075
DS BMED,205     ,"SANKARARAMAN, SRIRAM",47.0,3.8787234042553194,0.2649256581493341
COM SCI,M226    ,"SANKARARAMAN, SRIRAM",90.0,3.8600000000000003,0.28
COM SCI,M229S   ,"SANKARARAMAN, SRIRAM",29.0,3.9896551724137934,0.05473968229788805
BIOINFO,M224    ,"SANKARARAMAN, SRIRAM",16.0,3.70625,0.29889118003045867
HUM GEN,236A    ,"SANKARARAMAN, SRIRAM",25.0,3.9,0.2190890230020664
C&EE   ,C104    ,"SANT, GAURAV",100.0,3.2809999999999997,0.8324295766009279
HNRS   ,128     ,"SANTA ANA, OTTO",78.0,3.847435897435897,0.5795056157720769
CCAS   ,171     ,"SANTA ANA, OTTO",79.0,3.5177215189873414,0.8031204165385063
THEATER,149     ,"SANTIAGO-BRANDWEIN, PABLO",41.0,3.660975609756098,1.0424825081951836
EDUC   ,11      ,"SANTIBANEZ, LUCRECIA",221.0,3.889592760180995,0.3971964155512617
EDUC   ,299C    ,"SANTIBANEZ, LUCRECIA",18.0,4.0,0.0
EDUC   ,241     ,"SANTIBANEZ, LUCRECIA",10.0,4.0,0.0
EDUC   ,413C    ,"SANTIBANEZ, LUCRECIA",116.0,3.9525862068965516,0.11995775613950999
EDUC   ,406     ,"SANTIBANEZ, LUCRECIA",61.0,3.9311475409836065,0.20846117192146663
MGMT   ,231C    ,"SANTIKIAN, LORI NAREEN",379.0,3.5292875989445913,0.3261064286011145
MGMT   ,218     ,"SANTIKIAN, LORI NAREEN",40.0,3.6925,0.26682156959286485
MGMTEX ,439     ,"SANTIKIAN, LORI NAREEN",116.0,3.632758620689655,0.31370309432838084
ECON   ,189     ,"SANTOS DA SILVEIRA, BERNARDO",30.0,3.9699999999999998,0.08999999999999996
ECON   ,101     ,"SANTOS DA SILVEIRA, BERNARDO",1199.0,3.239032527105922,0.7889527468783379
ECON   ,203B    ,"SANTOS, ANDRES",94.0,3.6627659574468088,0.3569921754173188
SOC WLF,211B    ,"SANTOS, CARLOS E",76.0,4.0,0.0
SOC WLF,213B    ,"SANTOS, CARLOS E",134.0,4.0,0.0
SOC WLF,242     ,"SANTOS, CARLOS E",39.0,3.9743589743589745,0.15806189751202504
SOC WLF,203C    ,"SANTOS, CARLOS E",16.0,4.0,0.0
MECH&AE,C263C   ,"SANTOS, VERONICA",158.0,3.882278481012659,0.38803611135324556
MGMT   ,295A    ,"SARADA, UNKNOWN",122.0,3.5688524590163935,0.3062416187446284
MGMT   ,489     ,"SARADA, UNKNOWN",103.0,3.586407766990291,0.34077254997059303
MGMTGEX,428C    ,"SARADA, UNKNOWN",11.0,3.7636363636363637,0.25680812530591884
MGMTEX ,428B    ,"SARADA, UNKNOWN",99.0,3.8434343434343434,0.2655893451075738
MGMTFT ,428B    ,"SARADA, UNKNOWN",63.0,3.719047619047619,0.3186564766537449
MGMT   ,160     ,"SARADA, UNKNOWN",46.0,3.476086956521739,0.7065484944766771
MGMTFE ,428B    ,"SARADA, UNKNOWN",61.0,3.7688524590163937,0.29114864864654166
MGMTGEX,402     ,"SARIN, RAKESH K",49.0,3.6020408163265305,0.37552129531091405
MGMTFE ,402     ,"SARIN, RAKESH K",165.0,3.5945454545454547,0.37144346532666894
MGMTEX ,402     ,"SARIN, RAKESH K",196.0,3.5229591836734695,0.37009846782315636
MATH   ,225C    ,"SARKAR, SUCHARIT",11.0,4.0,0.0
MATH   ,235     ,"SARKAR, SUCHARIT",54.0,4.0,0.0
MATH   ,101     ,"SARKAR, SUCHARIT",7.0,3.914285714285714,0.1355261854357876
MATH   ,236     ,"SARKAR, SUCHARIT",24.0,4.0,0.0
COM SCI,M148    ,"SARRAFZADEH, MAJID",111.0,3.3603603603603602,0.7212700609141082
COM SCI,180     ,"SARRAFZADEH, MAJID",1239.0,3.001614205004035,0.8479842554493007
CH ENGR,102B    ,"SAUTET, PHILIPPE",306.0,3.787581699346405,0.4599403572357026
CH ENGR,200     ,"SAUTET, PHILIPPE",115.0,3.888695652173913,0.22679821231996342
FILM TV,482A    ,"SAUVE, CHRISTOPHER PAUL",18.0,3.9166666666666665,0.1343709624716424
ETHNMUS,174     ,"SAVAGE, ROGER WILLIAM HUGH",38.0,3.210526315789474,0.7856574429918753
ETHNMUS,175     ,"SAVAGE, ROGER WILLIAM HUGH",59.0,3.3372881355932202,0.6871454845794157
C&S BIO,M150    ,"SAVAGE, VAN MAURICE",294.0,3.6605442176870744,0.5531674806514193
BIOMATH,202     ,"SAVAGE, VAN MAURICE",25.0,3.812,0.35700980378695485
EDUC   ,209C    ,"SAX, LINDA J",11.0,3.972727272727273,0.0862439361864103
EDUC   ,498C    ,"SAX, LINDA J",35.0,4.0,0.0
EDUC   ,412     ,"SAX, LINDA J",45.0,3.993333333333333,0.0442216638714053
ARABIC ,CM106   ,"SAYEED, ASMA",11.0,3.4545454545454546,0.38697812097805023
ISLM ST,M20     ,"SAYEED, ASMA",642.0,3.6194704049844235,0.7923963221564861
RELIGN ,M20     ,"SAYEED, ASMA",351.0,3.5524216524216525,0.9037362169596628
BIOENGR,M228    ,"SAYRE, JAMES",56.0,3.9160714285714286,0.1677336171628413
LAW    ,211     ,"SCALLEN, EILEEN",213.0,3.5145539906103282,0.38944334071802406
LAW    ,790     ,"SCALLEN, EILEEN",35.0,3.9257142857142857,0.21158295521798423
LAW    ,145     ,"SCALLEN, EILEEN",162.0,3.4234567901234567,0.39323652447641394
MATH   ,131A    ,"SCAVIA, FEDERICO",54.0,2.914814814814815,1.1316011938853474
MATH   ,31B     ,"SCAVIA, FEDERICO",197.0,3.1659898477157356,0.9778307390400713
MATH   ,115A    ,"SCAVIA, FEDERICO",29.0,3.272413793103448,1.196228715221339
MATH   ,110B    ,"SCAVIA, FEDERICO",60.0,3.398333333333334,0.7807030307499916
MATH   ,32A     ,"SCAVIA, FEDERICO",383.0,3.538120104438642,0.6495699450500004
SOC SC ,420     ,"SCELZA, BROOKE ANNE",28.0,3.9678571428571425,0.09278843611976123
ANTHRO ,129     ,"SCELZA, BROOKE ANNE",386.0,3.438341968911917,0.7213482965409623
ANTHRO ,202A    ,"SCELZA, BROOKE ANNE",11.0,4.0,0.0
CHEM   ,M124    ,"SCERRI, ERIC ROBERT",16.0,3.35625,0.6509308238975936
CHEM   ,14B     ,"SCERRI, ERIC ROBERT",3184.0,3.0695979899497488,0.8911903220674658
CHEM   ,14A     ,"SCERRI, ERIC ROBERT",2143.0,3.088474101726552,0.9287358656396122
CHEM   ,20A     ,"SCERRI, ERIC ROBERT",331.0,2.8504531722054383,0.9317939557132974
PHILOS ,M124    ,"SCERRI, ERIC ROBERT",21.0,3.3714285714285714,0.5452328966273273
CHEM   ,17      ,"SCERRI, ERIC ROBERT",181.0,3.0552486187845305,0.981619796243202
CHIN   ,50      ,"SCHABERG, DAVID C",310.0,3.412258064516128,0.8468412262254145
CHIN   ,200A    ,"SCHABERG, DAVID C",12.0,3.6666666666666665,1.1055415967851332
ANTHRO ,110     ,"SCHACHNER, GREGSON T",113.0,3.729203539823009,0.6342274815825544
ANTHRO ,112S    ,"SCHACHNER, GREGSON T",39.0,3.7512820512820517,0.3908385428804591
ANTHRO ,119     ,"SCHACHNER, GREGSON T",37.0,3.7513513513513517,0.32766299564398493
ANTHRO ,2       ,"SCHACHNER, GREGSON T",639.0,3.9386541471048515,0.3338850892788399
PHYSICS,180E    ,"SCHAEFFER, DEREK B",22.0,3.6045454545454545,0.529560085634785
PHYSICS,110B    ,"SCHAEFFER, DEREK B",71.0,3.1901408450704225,0.7599397547614491
MATH   ,151A    ,"SCHAEFFER, HAYDEN KYLER",68.0,3.427941176470588,0.8263750729817997
MATH   ,266A    ,"SCHAEFFER, HAYDEN KYLER",19.0,3.7684210526315796,0.37843532657363266
MATH   ,269B    ,"SCHAEFFER, HAYDEN KYLER",10.0,3.94,0.11999999999999993
MATH   ,277     ,"SCHAEFFER, HAYDEN KYLER",24.0,4.0,0.0
MATH   ,285J    ,"SCHAEFFER, HAYDEN KYLER",9.0,4.0,0.0
EPS SCI,C106    ,"SCHAUBLE, EDWIN ARTHUR",12.0,3.2249999999999996,0.5509461558688532
EPS SCI,C113    ,"SCHAUBLE, EDWIN ARTHUR",11.0,3.4181818181818175,0.5572957135997856
EPS SCI,15      ,"SCHAUBLE, EDWIN ARTHUR",814.0,3.148894348894348,0.8562488938381313
PSYCH  ,189     ,"SCHEIN, STANLEY JAY",20.0,4.0,0.0
NEUROSC,M119N   ,"SCHEIN, STANLEY JAY",12.0,3.4916666666666667,0.7285354410657651
PSYCH  ,115     ,"SCHEIN, STANLEY JAY",267.0,3.1928838951310863,0.845026160091367
PSYCH  ,M119N   ,"SCHEIN, STANLEY JAY",26.0,3.5730769230769233,0.5516114102599711
MGMTFE ,427B    ,"SCHEINROCK, JEFF I",404.0,3.8071782178217823,0.3108164877069542
MGMTEX ,445C    ,"SCHEINROCK, JEFF I",199.0,3.8733668341708545,0.24483451719391103
MGMTFE ,428B    ,"SCHEINROCK, JEFF I",165.0,3.8393939393939394,0.283847370359915
MGMTFT ,428B    ,"SCHEINROCK, JEFF I",382.0,3.7704188481675396,0.3081601073976699
MGMTFT ,423C    ,"SCHEINROCK, JEFF I",282.0,3.8404255319148937,0.2671039119400037
MGMTEX ,428B    ,"SCHEINROCK, JEFF I",192.0,3.8093749999999997,0.27083133012079674
CHEM   ,101     ,"SCHERER, GEORGIA M",93.0,3.6548387096774193,0.4226175802622534
EPS SCI,9       ,"SCHLICHTING, HILKE ELISABETH",267.0,3.8820224719101124,0.5339195322431496
CLUSTER,M72A    ,"SCHLINGER, BARNETT",318.0,3.6663522012578618,0.44101786410237237
PHYSCI ,140     ,"SCHLINGER, BARNETT",231.0,3.4965367965367964,0.5422305600459518
PHYSCI ,C127    ,"SCHLINGER, BARNETT",96.0,3.9572916666666664,0.12969900384051614
ENGR   ,1CO     ,"SCHMIDT, JACOB J",45.0,4.0,0.0
ENGR   ,96A     ,"SCHMIDT, JACOB J",1567.0,3.9856413529036376,0.19834498775469533
ENGR   ,1BI     ,"SCHMIDT, JACOB J",47.0,3.963829787234043,0.24531831853857353
ENGR   ,1CR     ,"SCHMIDT, JACOB J",30.0,4.0,0.0
ENGR   ,1RK     ,"SCHMIDT, JACOB J",34.0,4.0,0.0
ENGR   ,96E     ,"SCHMIDT, JACOB J",90.0,3.9555555555555557,0.4192880503136268
ENGR   ,1EC     ,"SCHMIDT, JACOB J",16.0,4.0,0.0
ENGR   ,1DR     ,"SCHMIDT, JACOB J",50.0,3.9019999999999997,0.5619572937510465
ENGR   ,96R     ,"SCHMIDT, JACOB J",194.0,3.993298969072165,0.07465690112464571
ENGR   ,1PH     ,"SCHMIDT, JACOB J",16.0,3.98125,0.07261843774138903
ENGR   ,1AR     ,"SCHMIDT, JACOB J",52.0,4.0,0.0
ENGR   ,1A      ,"SCHMIDT, JACOB J",32.0,4.0,0.0
ENGR   ,1PL     ,"SCHMIDT, JACOB J",47.0,4.0,0.0
BIOENGR,120     ,"SCHMIDT, JACOB J",301.0,3.024252491694352,0.9178064214625242
BIOENGR,121     ,"SCHMIDT, JACOB J",104.0,3.9076923076923076,0.3979979483162009
ENGR   ,1GK     ,"SCHMIDT, JACOB J",56.0,4.0,0.0
ENGR   ,1UW     ,"SCHMIDT, JACOB J",46.0,3.9695652173913043,0.14275178399462615
ENGR   ,1ML     ,"SCHMIDT, JACOB J",47.0,4.0,0.0
ENGR   ,96G     ,"SCHMIDT, JACOB J",152.0,3.9934210526315788,0.08084345873318755
ENGR   ,1GD     ,"SCHMIDT, JACOB J",46.0,3.993478260869565,0.043749156081517596
CHEM   ,268     ,"SCHMITT, DANIELLE L",37.0,3.962162162162162,0.1582870320469873
CHEM   ,269B    ,"SCHMITT, DANIELLE L",74.0,4.0,0.0
CHEM   ,153C    ,"SCHMITT, DANIELLE L",319.0,3.4899686520376174,0.8230379912661759
CHEM   ,596     ,"SCHMITT, DANIELLE L",8.0,4.0,0.0
ART HIS,20      ,"SCHNELLER, DAVID",304.0,3.838815789473684,0.4870763127966034
ART HIS,M112C   ,"SCHNELLER, DAVID",55.0,3.5709090909090904,0.7245494467780969
ART HIS,C114D   ,"SCHNELLER, DAVID",96.0,3.6510416666666665,0.7838200781624285
ART HIS,185     ,"SCHNELLER, DAVID",30.0,3.876666666666666,0.1764149149653232
AN N EA,12W     ,"SCHNIEDEWIND, WILLIAM M",22.0,3.9227272727272724,0.24850794423339356
JEWISH ,170     ,"SCHNIEDEWIND, WILLIAM M",20.0,3.935,0.22422087324778664
SEMITIC,220A    ,"SCHNIEDEWIND, WILLIAM M",8.0,4.0,0.0
AN N EA,10W     ,"SCHNIEDEWIND, WILLIAM M",558.0,3.741397849462366,0.6745683734517391
SEMITIC,230     ,"SCHNIEDEWIND, WILLIAM M",8.0,4.0,0.0
EPS SCI,16      ,"SCHOPF, JAMES WILLIAM",166.0,2.9487951807228914,0.8574786485667494
PSYCH  ,85      ,"SCHORN, JULIA MARIE",266.0,3.295488721804511,0.8758982209605319
PHYSICS,5C      ,"SCHRIVER, DAVID",382.0,3.853141361256544,0.4096711437062434
PHYSICS,5A      ,"SCHRIVER, DAVID",1286.0,3.871306376360809,0.3162907167252276
MGMT   ,278A    ,"SCHUBERT, GREGOR",18.0,3.644444444444444,0.3685138655950445
MGMT   ,298D    ,"SCHUBERT, GREGOR",193.0,3.655958549222798,0.45602272275670014
LING   ,20      ,"SCHUTZE, CARSON T",114.0,3.15,1.1876004112672347
LING   ,120B    ,"SCHUTZE, CARSON T",56.0,3.0089285714285716,1.2093795318430094
LING   ,165B    ,"SCHUTZE, CARSON T",14.0,2.1214285714285714,1.4890929988364305
MAT SCI,104     ,"SCHWALBE KODA, DANIEL",83.0,3.1518072289156622,1.1094730590976085
MAT SCI,298     ,"SCHWALBE KODA, DANIEL",21.0,3.8904761904761904,0.3407341679999679
CHEM   ,C215A   ,"SCHWARTZ, BENJAMIN JOEL",19.0,3.710526315789474,0.35820420057207486
CHEM   ,C223A   ,"SCHWARTZ, BENJAMIN JOEL",74.0,3.5364864864864862,0.4578369603361194
CHEM   ,C223B   ,"SCHWARTZ, BENJAMIN JOEL",22.0,3.6090909090909093,0.3776832377789271
CHEM   ,C215B   ,"SCHWARTZ, BENJAMIN JOEL",12.0,3.608333333333333,0.38828325857405815
MUSCLG ,1       ,"SCHWARTZ, JESSICA A",22.0,3.9863636363636363,0.06248966856757959
MUSCLG ,13      ,"SCHWARTZ, JESSICA A",378.0,3.6820105820105824,0.8125954106905371
MSC IND,131     ,"SCHWARTZ, JESSICA A",43.0,3.9232558139534883,0.21548993318344886
LAW    ,145     ,"SCHWARTZ, JOANNA C",116.0,3.455172413793104,0.3705412694187376
LAW    ,908     ,"SCHWARTZ, JOANNA C",40.0,3.9550000000000005,0.10712142642814268
LAW    ,541     ,"SCHWARTZ, JOANNA C",19.0,4.0,0.0
LAW    ,838     ,"SCHWARTZ, JOANNA C",11.0,4.0,0.0
FILM TV,290B    ,"SCHWARTZ, TERI ELLEN",15.0,4.0,0.0
FILM TV,298A    ,"SCHWARTZ, TERI ELLEN",15.0,4.0,0.0
FILM TV,440     ,"SCHWARTZ, TERI ELLEN",91.0,3.96923076923077,0.12639751327042292
PUB AFF,M157    ,"SCHWARZ, KIRSTEN",32.0,3.96875,0.17399263633843817
PUB AFF,158XP   ,"SCHWARZ, KIRSTEN",19.0,3.7947368421052636,0.7351861090624937
URBN PL,C285    ,"SCHWARZ, KIRSTEN",18.0,3.9833333333333334,0.06871842709362763
NEUROSC,M101A   ,"SCHWEIZER, FELIX ERICH",215.0,3.5283720930232563,0.5674788398167859
NEURO  ,201     ,"SCHWEIZER, FELIX ERICH",15.0,3.893333333333333,0.19821424996424675
NEUROSC,M101B   ,"SCHWEIZER, FELIX ERICH",199.0,3.4391959798994973,0.6295658205429351
COM HLT,179     ,"SCORZA, D'ARTAGNAN J",475.0,3.5995789473684208,0.8181878767508414
COM HLT,487     ,"SCORZA, D'ARTAGNAN J",71.0,3.9394366197183097,0.21913972212706168
THEATER,163A    ,"SCOTT, ANGELA RENEE",15.0,4.0,0.0
THEATER,C185A   ,"SCOTT, ANGELA RENEE",32.0,4.0,0.0
THEATER,121     ,"SCOTT, ANGELA RENEE",15.0,4.0,0.0
THEATER,15      ,"SCOTT, ANGELA RENEE",27.0,4.0,0.0
THEATER,160     ,"SCOTT, ANGELA RENEE",21.0,3.9523809523809526,0.21295885499997996
FILM TV,6A      ,"SCOTT, ELLEN",202.0,3.6935643564356435,0.7444236047332136
FILM TV,213     ,"SCOTT, ELLEN",34.0,3.9735294117647055,0.08509103612640838
FILM TV,211     ,"SCOTT, ELLEN",14.0,3.957142857142857,0.1049781318335647
CLUSTER,M71A    ,"SCROGGINS, MICHAEL JASON",259.0,3.8447876447876452,0.32833065144961043
SOC GEN,180     ,"SCROGGINS, MICHAEL JASON",517.0,3.9702127659574464,0.1992310003014865
CLUSTER,M71CW   ,"SCROGGINS, MICHAEL JASON",129.0,3.89922480620155,0.5122523790572071
SOC GEN,164     ,"SCROGGINS, MICHAEL JASON",196.0,3.943877551020408,0.33793077618950795
CLUSTER,M71B    ,"SCROGGINS, MICHAEL JASON",248.0,3.6790322580645163,0.5683556067583136
SOC GEN,5       ,"SCROGGINS, MICHAEL JASON",148.0,3.85472972972973,0.6080912159816001
EPIDEM ,401     ,"SEAMANS, MARISSA J",141.0,3.800709219858156,0.37896770084505693
POL SCI,M261A   ,"SEARS, DAVID O",16.0,4.0,0.0
POL SCI,M261D   ,"SEARS, DAVID O",22.0,3.9863636363636363,0.06248966856757959
EE BIOL,184     ,"SEARS, KAREN ELIZABETH",660.0,3.7048484848484846,0.587166391223606
EE BIOL,169     ,"SEARS, KAREN ELIZABETH",190.0,3.553157894736842,0.5928215550415519
BIOMATH,M260C   ,"SEEMAN, TERESA ELLEN",30.0,3.94,0.11999999999999994
PUB PLC,C291B   ,"SEGURA, GARY M",35.0,3.3857142857142857,1.0167575514188951
PUB AFF,50      ,"SEGURA, GARY M",431.0,3.5656612529002323,0.656736970982681
PUB AFF,M191P   ,"SEGURA, GARY M",48.0,3.829166666666667,0.6448379426043588
EC ENGR,189     ,"SEHATBAKHSH, NADER",50.0,3.9,0.567097875150313
EC ENGR,M116C   ,"SEHATBAKHSH, NADER",900.0,3.7822222222222224,0.5143880458645934
EC ENGR,209AS   ,"SEHATBAKHSH, NADER",392.0,3.946683673469388,0.1719908099668009
EC ENGR,188     ,"SEHATBAKHSH, NADER",83.0,3.8939759036144577,0.4364007767793053
EC ENGR,199     ,"SEHATBAKHSH, NADER",17.0,4.0,0.0
BIOMATH,206     ,"SEHL, MARY ELIZABETH",17.0,4.0,0.0
A&O SCI,155     ,"SEIBT, ULRIKE",15.0,3.7333333333333334,0.5223876806442596
A&O SCI,1       ,"SEIBT, ULRIKE",485.0,3.178969072164948,0.9011853414598053
A&O SCI,1L      ,"SEIBT, ULRIKE",147.0,3.6258503401360542,0.8821810044093563
A&O SCI,121     ,"SEIBT, ULRIKE",18.0,4.0,0.0
A&O SCI,200D    ,"SEIBT, ULRIKE",45.0,3.802222222222222,0.4333276352901726
LAW    ,484     ,"SELBST, ANDREW DAVID",52.0,3.496153846153846,0.38876606494708094
LAW    ,495     ,"SELBST, ANDREW DAVID",54.0,3.4851851851851854,0.36332181806798364
LAW    ,140     ,"SELBST, ANDREW DAVID",125.0,3.4104,0.37025915248647134
LAW    ,504     ,"SELBST, ANDREW DAVID",43.0,3.802325581395348,0.2749108710473466
WL ARTS,100A    ,"SELLARS, PETER M",183.0,4.0,0.0
WL ARTS,100B    ,"SELLARS, PETER M",153.0,4.0,0.0
WL ARTS,C142    ,"SELLARS, PETER M",908.0,4.0,0.0
WL ARTS,220     ,"SELLARS, PETER M",15.0,4.0,0.0
ENGL   ,184     ,"SELTZER, MARK",13.0,3.869230769230769,0.3122735866182222
ENGL   ,179     ,"SELTZER, MARK",68.0,3.5999999999999996,0.5150671001404175
ENGL   ,129     ,"SELTZER, MARK",27.0,3.2259259259259263,0.8338187886410388
ENGL   ,129     ,"SELTZER, MARK I",15.0,3.3800000000000003,1.0728156101275435
ENGL   ,179     ,"SELTZER, MARK I",22.0,3.6454545454545455,0.5458332019010209
EDUC   ,243     ,"SELTZER, MICHAEL H",18.0,4.0,0.0
EDUC   ,231D    ,"SELTZER, MICHAEL H",30.0,3.99,0.05385164807134501
HUM GEN,430     ,"SENARATNE, NIROSHI",20.0,3.689999999999999,0.37269290307168446
MUSC   ,115A    ,"SENCHUK, EMILY RACHELLE",17.0,3.7764705882352945,0.3317146395263925
BIOSTAT,202A    ,"SENTURK, DAMLA",52.0,3.5442307692307695,0.748694623363394
BIOSTAT,202B    ,"SENTURK, DAMLA",18.0,3.605555555555556,0.4248819734444199
EDUC   ,414E    ,"SEPLOW, SUZANNE LYNN",45.0,4.0,0.0
MECH&AE,166A    ,"SEPULVEDA, ABDON",169.0,3.5704142011834317,0.539296446159018
MECH&AE,166C    ,"SEPULVEDA, ABDON",45.0,3.8711111111111114,0.23722677591257813
MECH&AE,171A    ,"SEPULVEDA, ABDON",30.0,3.536666666666667,0.544966869533267
MECH&AE,157W    ,"SEPULVEDA, ABDON",31.0,3.8870967741935485,0.22964479652332498
MECH&AE,157     ,"SEPULVEDA, ABDON",32.0,3.9031249999999997,0.1686052620027026
MECH&AE,166A    ,"SEPULVEDA, ABDON EDUARDO",72.0,3.4555555555555557,0.5497193447793987
MECH&AE,171A    ,"SEPULVEDA, ABDON EDUARDO",26.0,3.3307692307692305,0.9494003090085669
MECH&AE,157     ,"SEPULVEDA, ABDON EDUARDO",23.0,3.4478260869565216,0.5515744777787148
EDUC   ,230C    ,"SETOGUCHI, ERIC HIROYUKI",25.0,3.8280000000000003,0.34236822282449053
EDUC   ,35      ,"SETOGUCHI, ERIC HIROYUKI",17.0,3.6294117647058823,0.9626951786107663
DESMA  ,25      ,"SEU, MALINDA",49.0,3.7408163265306125,0.34518162468352614
DESMA  ,159     ,"SEU, MALINDA",41.0,4.0,0.0
ART HIS,C171    ,"SEVILHANO PUGLIERI, THIAGO",58.0,3.9017241379310343,0.348638425143193
ART    ,148A    ,"SEW HOY, ANNA MEGAN",14.0,3.9285714285714284,0.2575393768188564
ART    ,277     ,"SEW HOY, ANNA MEGAN",30.0,3.98,0.07483314773547878
ART    ,150     ,"SEW HOY, ANNA MEGAN",28.0,4.0,0.0
ART    ,C280    ,"SEW HOY, ANNA MEGAN",12.0,3.975,0.08291561975888495
ART    ,11E     ,"SEW HOY, ANNA MEGAN",51.0,3.8588235294117643,0.5760502669338866
SOCIOL ,147A    ,"SEXTON, JASON S",606.0,3.3666666666666667,0.8232659209985967
SOCIOL ,180A    ,"SEXTON, JASON S",84.0,3.2952380952380955,0.9681726481594028
ENVIRON,188A    ,"SEXTON, JASON S",42.0,3.9690476190476187,0.12245134162498848
ENVIRON,M133    ,"SEXTON, JASON S",65.0,3.723076923076923,0.616134158909525
SOCIOL ,M115    ,"SEXTON, JASON S",202.0,3.29950495049505,0.9139457230213169
SOCIOL ,180B    ,"SEXTON, JASON S",98.0,3.1132653061224493,1.1186396398744216
SOC GEN,M133    ,"SEXTON, JASON S",32.0,3.684375,0.5362540063952902
SOCIOL ,121     ,"SEXTON, JASON S",474.0,3.383544303797468,0.9127225993673124
MSC IND,107A    ,"SHABABI, LILY IDA",26.0,3.707692307692308,0.7873632125025698
LBR STD,M136    ,"SHADDUCK-HERNANDEZ, JANNA L",64.0,3.7625,0.5699506557588999
LBR STD,152     ,"SHADDUCK-HERNANDEZ, JANNA L",62.0,3.9064516129032256,0.3212229492775381
EDUC   ,M136    ,"SHADDUCK-HERNANDEZ, JANNA L",10.0,3.9,0.21908902300206648
MGMTFE ,411     ,"SHADDY, FRANKLIN PETER",255.0,3.5254901960784317,0.4127588372730745
MGMTFT ,411     ,"SHADDY, FRANKLIN PETER",323.0,3.4671826625387,0.4382350480580841
MGMTEX ,411     ,"SHADDY, FRANKLIN PETER",110.0,3.4936363636363637,0.5432691067178859
CHEM   ,269E    ,"SHAFAAT, HANNAH",27.0,3.696296296296296,0.35327198784179026
CHEM   ,113A    ,"SHAFAAT, HANNAH",38.0,3.0710526315789473,0.7308639065253502
EE BIOL,113A    ,"SHAFFER, BRAD",58.0,3.5155172413793103,0.8191252112904964
COM HLT,281B    ,"SHAFIR, SHIRA CHANI",66.0,3.9681818181818187,0.09237455196773438
COM HLT,400     ,"SHAFIR, SHIRA CHANI",68.0,3.9308823529411767,0.3054684699918627
COM HLT,482     ,"SHAFIR, SHIRA CHANI",69.0,3.9246376811594206,0.21292020489515315
PUB HLT,C150    ,"SHAFIR, SHIRA CHANI",1680.0,3.8587499999999997,0.3817186814732995
PUB HLT,C201    ,"SHAFIR, SHIRA CHANI",605.0,3.890909090909091,0.3666691710407838
COM HLT,120     ,"SHAFIR, SHIRA CHANI",114.0,3.8096491228070173,0.3797435187637706
EPIDEM ,100     ,"SHAFIR, SHIRA CHANI",72.0,3.927777777777778,0.16178021976178925
PUB HLT,200A    ,"SHAFIR, SHIRA CHANI",103.0,3.5970873786407767,0.4695497348844121
PUB PLC,204     ,"SHAH, MANISHA",91.0,3.5153846153846153,0.6201600426056425
PUB AFF,40      ,"SHAH, MANISHA",126.0,3.358730158730159,0.8563738466820009
MCD BIO,M130    ,"SHAH, PAVAK KIRIT",120.0,3.9316666666666666,0.30522760178084957
MOL BIO,255     ,"SHAH, PAVAK KIRIT",69.0,3.914492753623189,0.1626549315547617
C&S BIO,M130    ,"SHAH, PAVAK KIRIT",114.0,3.956140350877193,0.24388489077996217
BIOMATH,M260C   ,"SHAHEEN, MAGDA",30.0,3.94,0.11999999999999994
C&EE   ,103     ,"SHAIK, RIYAAZ UDDIEN",41.0,3.7902439024390246,0.6539951808760989
PHYSICS,192M    ,"SHAKED, SHANNA",310.0,3.943225806451613,0.29665214881834784
LIFESCI,192E    ,"SHAKED, SHANNA",225.0,3.96,0.2892134928464515
CLUSTER,M1B     ,"SHAKED, SHANNA",171.0,3.902923976608187,0.4614275966703573
LIFESCI,192D    ,"SHAKED, SHANNA",412.0,3.962135922330097,0.27514038953287945
MATH   ,M192A   ,"SHAKED, SHANNA",131.0,3.9519083969465654,0.3313979515565893
CHEM   ,M192E   ,"SHAKED, SHANNA",382.0,3.9599476439790577,0.3279206221505777
COM SCI,M192A   ,"SHAKED, SHANNA",194.0,3.957216494845361,0.2917676037076099
LIFESCI,192B    ,"SHAKED, SHANNA",689.0,3.9505079825834537,0.36206616040182715
LIFESCI,192G    ,"SHAKED, SHANNA",53.0,4.0,0.0
LIFESCI,192C    ,"SHAKED, SHANNA",497.0,3.9839034205231387,0.18738498747110854
CHEM   ,192F    ,"SHAKED, SHANNA",1083.0,3.9755309325946446,0.2349860405546415
MATH   ,192B    ,"SHAKED, SHANNA",204.0,3.9705882352941178,0.2603121185755246
PHYSICS,M192S   ,"SHAKED, SHANNA",227.0,3.933920704845815,0.34327273402315583
LIFESCI,M192A   ,"SHAKED, SHANNA",1013.0,3.9639684106614017,0.31468633529918133
COM SCI,192     ,"SHAKED, SHANNA",473.0,3.9676532769556028,0.2492063306108701
PSYCH  ,120B    ,"SHAMS, LADAN",1660.0,3.6363855421686737,0.6912108779983575
HUM GEN,404     ,"SHAMSHONI, JESSICA S",30.0,3.99,0.05385164807134501
HUM GEN,410     ,"SHAMSHONI, JESSICA S",10.0,3.8299999999999996,0.2794637722496425
HUM GEN,402     ,"SHAMSHONI, JESSICA S",40.0,3.9549999999999996,0.1071214264281427
LAW    ,796     ,"SHANKAR, ANIL",26.0,3.8153846153846156,0.23153718374296017
ENGL   ,182D    ,"SHANNON, MARY",17.0,4.0,0.0
CHEM   ,20A     ,"SHAO, HUILING",1031.0,3.5372453928225025,0.7408869412170597
CHEM   ,14C     ,"SHAO, HUILING",680.0,3.597058823529412,0.7239130976922441
CHEM   ,110A    ,"SHAO, HUILING",165.0,3.026060606060606,0.9871229679744377
SOC GEN,180     ,"SHAPIRO, NICHOLAS E",111.0,3.9792792792792793,0.19083369351259946
SOC GEN,105A    ,"SHAPIRO, NICHOLAS E",439.0,3.9551252847380414,0.22040534262000738
SOC GEN,199     ,"SHAPIRO, NICHOLAS E",30.0,3.966666666666667,0.13498971154211062
SOC GEN,150XP   ,"SHAPIRO, NICHOLAS E",107.0,3.994392523364486,0.040630028260344196
SOC GEN,196     ,"SHAPIRO, NICHOLAS E",60.0,3.9949999999999997,0.03840572873934302
ASTR   ,6       ,"SHAPLEY, ALICE EVE",189.0,3.0222222222222226,0.9062004714921683
ASTR   ,3       ,"SHAPLEY, ALICE EVE",240.0,3.1333333333333337,0.7647258041648363
ASTR   ,4       ,"SHAPLEY, ALICE EVE",64.0,3.196875,0.6823600474639471
ASTR   ,281     ,"SHAPLEY, ALICE EVE",16.0,3.8375,0.23946555075835024
EDUC   ,M137    ,"SHARE, JEFF",168.0,3.896428571428571,0.3278524742898232
EDUC   ,M135    ,"SHARE, JEFF",264.0,3.878787878787879,0.3483794306957058
EDUC   ,M121    ,"SHARE, JEFF",218.0,3.844495412844036,0.5173964218260575
EDUC   ,137     ,"SHARE, JEFF",39.0,3.8897435897435892,0.6327777070673972
EDUC   ,181     ,"SHARE, JEFF",43.0,3.776744186046512,0.7721420550416046
EDUC   ,123     ,"SHARE, JEFF",501.0,3.9271457085828345,0.3539647646550604
EDUC   ,466     ,"SHARE, JEFF",104.0,3.9278846153846154,0.1913799738183131
ARCH&UD,411     ,"SHARIF, MOHAMED",11.0,4.0,0.0
ARCH&UD,142     ,"SHARIF, MOHAMED",23.0,3.8521739130434782,0.29908493081599724
ARCH&UD,413     ,"SHARIF, MOHAMED",33.0,3.9212121212121214,0.21708478410390686
ARCH&UD,414     ,"SHARIF, MOHAMED",10.0,3.97,0.08999999999999996
ARCH&UD,415     ,"SHARIF, MOHAMED",10.0,3.9299999999999997,0.21000000000000005
ARCH&UD,401     ,"SHARIF, MOHAMED",10.0,3.97,0.08999999999999996
ARCH&UD,141     ,"SHARIF, MOHAMED",70.0,3.681428571428571,0.643937187962317
ARCH&UD,121     ,"SHARIF, MOHAMED",26.0,3.7961538461538455,0.32519907421427646
MATH   ,110C    ,"SHARIFI, ROMYAR THOMAS",15.0,3.2733333333333334,1.0240225691957292
MATH   ,207A    ,"SHARIFI, ROMYAR THOMAS",12.0,4.0,0.0
MATH   ,215A    ,"SHARIFI, ROMYAR THOMAS",14.0,3.5785714285714287,1.0276037114350562
MATH   ,205A    ,"SHARIFI, ROMYAR THOMAS",12.0,3.9166666666666665,0.20344259359556174
WL ARTS,104     ,"SHARMA, APARNA",44.0,3.8954545454545455,0.16369948277608273
WL ARTS,C184    ,"SHARMA, APARNA",45.0,3.9511111111111106,0.13601016664977203
WL ARTS,20      ,"SHARMA, APARNA",27.0,3.9666666666666663,0.09428090415820628
ENGL   ,200     ,"SHARPE, JENNY",14.0,4.0,0.0
PSYCH  ,110     ,"SHARPE, MELISSA J",268.0,3.008582089552239,1.0882175299612835
PSYCH  ,119B    ,"SHARPE, MELISSA J",119.0,3.841176470588236,0.4081958182061505
LING   ,20      ,"SHARVIT, YAEL",189.0,3.5000000000000004,0.7503085784948503
LING   ,191A    ,"SHARVIT, YAEL",14.0,3.4214285714285713,0.5016808482186537
LING   ,120C    ,"SHARVIT, YAEL",113.0,3.593805309734514,0.622908278286336
LING   ,165C    ,"SHARVIT, YAEL",66.0,3.645454545454546,0.47742421838185034
NEURO  ,222     ,"SHATTUCK, DAVID",10.0,4.0,0.0
IRANIAN,103C    ,"SHAYANI, SAHBA",10.0,4.0,0.0
IRANIAN,102C    ,"SHAYANI, SAHBA",25.0,3.96,0.1469693845669907
IRANIAN,103A    ,"SHAYANI, SAHBA",15.0,3.96,0.10198039027185564
IRANIAN,20C     ,"SHAYANI, SAHBA",53.0,3.9886792452830186,0.05716700908506833
IRANIAN,102B    ,"SHAYANI, SAHBA",31.0,3.948387096774194,0.14782502241793033
IRANIAN,102A    ,"SHAYANI, SAHBA",32.0,3.95,0.18540496217739155
IRANIAN,20B     ,"SHAYANI, SAHBA",58.0,3.932758620689655,0.21844902430266688
IRANIAN,20A     ,"SHAYANI, SAHBA",37.0,3.8864864864864868,0.489987403126642
IRANIAN,231B    ,"SHAYEGAN, M RAHIM",10.0,4.0,0.0
IRANIAN,231A    ,"SHAYEGAN, M RAHIM",8.0,4.0,0.0
HIST   ,M60W    ,"SHAYEGAN, M RAHIM",144.0,3.5659722222222223,0.6775326144716869
IRANIAN,M60W    ,"SHAYEGAN, M RAHIM",59.0,3.6186440677966107,0.6536662125122142
AN N EA,M60W    ,"SHAYEGAN, M RAHIM",155.0,3.6490322580645165,0.5625251526345414
FILM TV,C481B   ,"SHEETZ, CHARLES E",33.0,4.0,0.0
FILM TV,188A    ,"SHEETZ, CHARLES E",42.0,3.8833333333333333,0.3545061398263832
FILM TV,C181C   ,"SHEETZ, CHARLES E",25.0,4.0,0.0
FILM TV,C481C   ,"SHEETZ, CHARLES E",13.0,4.0,0.0
FILM TV,C481A   ,"SHEETZ, CHARLES E",34.0,4.0,0.0
FILM TV,C181A   ,"SHEETZ, CHARLES E",52.0,4.0,0.0
ECON   ,262A    ,"SHEM-TOV, YOTAM",16.0,4.0,0.0
ECON   ,150     ,"SHEM-TOV, YOTAM",130.0,3.330769230769231,0.6959051829585975
EDUC   ,10      ,"SHEN, CHRISTINE",25.0,3.908,0.4507061126721048
EDUC   ,130CX   ,"SHEN, CHRISTINE",10.0,4.0,0.0
CHIN   ,102B    ,"SHEN, YAN",17.0,3.905882352941177,0.18933502281683626
CHIN   ,4       ,"SHEN, YAN",72.0,3.9000000000000004,0.19364916731037082
CHIN   ,105A    ,"SHEN, YAN",44.0,3.8181818181818183,0.26906633794452256
CHIN   ,5       ,"SHEN, YAN",77.0,3.8844155844155845,0.19873949212763922
CHIN   ,6       ,"SHEN, YAN",73.0,3.8493150684931505,0.2654142730681283
ECON   ,41      ,"SHENG, SHUYANG",219.0,2.6999999999999997,0.9805878397244814
ECON   ,231A    ,"SHENG, SHUYANG",7.0,4.0,0.0
GEOG   ,181C    ,"SHENG, YONGWEI",129.0,3.5472868217054265,0.5070170431794129
GEOG   ,181B    ,"SHENG, YONGWEI",149.0,3.4879194630872488,0.6366768539318809
GEOG   ,181A    ,"SHENG, YONGWEI",116.0,3.3189655172413794,0.6125010616603676
MIL SCI,141     ,"SHEPPARD, DON",10.0,4.0,0.0
MIL SCI,143     ,"SHEPPARD, DON",10.0,3.91,0.13747727084867511
MIL SCI,142     ,"SHEPPARD, DON",10.0,4.0,0.0
GEOG   ,248     ,"SHEPPARD, ERIC STEWART",6.0,3.9499999999999997,0.11180339887498941
LAW    ,114     ,"SHERMAN, MICHELLE",48.0,3.5270833333333336,0.3100669170607461
ESL    ,25      ,"SHERRER, THOMAS A",53.0,3.339622641509434,0.9777408736936058
ENGCOMP,3       ,"SHERRER, THOMAS A",21.0,3.7476190476190476,0.3141413809994409
ESL    ,20      ,"SHERRER, THOMAS A",23.0,3.71304347826087,0.5127117571654933
POL SCI,40      ,"SHERRER, THOMAS A",57.0,3.3473684210526318,1.095301811031272
PUB AFF,10      ,"SHERRER, THOMAS A",614.0,3.6529315960912054,0.5638249478944122
PUB AFF,115     ,"SHERRER, THOMAS A",299.0,3.6123745819398,0.6829608323208272
POL SCI,141E    ,"SHERRER, THOMAS A",938.0,3.4481876332622603,0.6766608084226292
POL SCI,149     ,"SHERRER, THOMAS A",636.0,3.8915094339622636,0.38801654746411124
PUB AFF,20      ,"SHERRER, THOMAS A",289.0,3.6726643598615922,0.5478932549626676
COM SCI,285CC   ,"SHERSTOV, ALEXANDER",29.0,3.913793103448276,0.16758762593410848
COM SCI,281A    ,"SHERSTOV, ALEXANDER",24.0,3.908333333333333,0.1753963764987432
COM SCI,181     ,"SHERSTOV, ALEXANDER",603.0,2.7159203980099504,1.2162983591507512
ESL    ,22      ,"SHERWOOD, LESLIE ANNE",15.0,3.5599999999999996,0.6237520875048569
ENGCOMP,2I      ,"SHERWOOD, LESLIE ANNE",58.0,3.5137931034482754,0.6352974529663574
ENGCOMP,2       ,"SHERWOOD, LESLIE ANNE",95.0,3.3157894736842106,0.7646555178260523
ESL    ,300     ,"SHERWOOD, LESLIE ANNE",58.0,3.6448275862068966,0.35045409645452835
ESL    ,301     ,"SHERWOOD, LESLIE ANNE",69.0,3.776811594202899,0.3510418974689744
MATH   ,115A    ,"SHEVCHENKO, OLHA",33.0,3.118181818181818,1.137369252014049
LIFESCI,192B    ,"SHEVTSOV, JANE",53.0,4.0,0.0
LIFESCI,30A     ,"SHEVTSOV, JANE",1586.0,3.3636191677175287,0.884200262752457
LIFESCI,192D    ,"SHEVTSOV, JANE",22.0,4.0,0.0
LIFESCI,30B     ,"SHEVTSOV, JANE",1224.0,3.4065359477124177,0.8602266917075188
LIFESCI,40      ,"SHEVTSOV, JANE",202.0,3.4638613861386136,0.8742923251951309
LIFESCI,192C    ,"SHEVTSOV, JANE",13.0,4.0,0.0
PHYSICS,243J    ,"SHI, QIANHUI",9.0,4.0,0.0
PHYSICS,5C      ,"SHI, QIANHUI",171.0,3.470175438596491,0.8265969648629942
PHYSICS,115A    ,"SHI, QIANHUI",113.0,2.9982300884955753,1.1620078976233037
COM LIT,C153    ,"SHIDELER, ROSS P",14.0,3.8642857142857143,0.33934210057770575
LAW    ,100     ,"SHIFFRIN, SEANA",95.0,3.443157894736842,0.36610399200772037
LAW    ,201     ,"SHIFFRIN, SEANA",101.0,3.5465346534653466,0.38757033381132583
PHILOS ,153A    ,"SHIFFRIN, SEANA",64.0,3.2750000000000004,0.6279928343540235
LAW    ,555     ,"SHIFFRIN, SEANA",22.0,3.690909090909091,0.2826965782812039
PHILOS ,191     ,"SHIFFRIN, SEANA",13.0,3.876923076923077,0.20811921936105668
MGMTFT ,409     ,"SHIH, MARGARET JOAN",149.0,3.3959731543624163,0.41008743455182617
MGMT   ,298E    ,"SHIH, MARGARET JOAN",52.0,3.6538461538461537,0.33653296698811325
MGMTFE ,409     ,"SHIH, MARGARET JOAN",79.0,3.60379746835443,0.37125958640810863
MGMTFT ,401B    ,"SHIH, MARGARET JOAN",149.0,3.5697986577181213,0.40445583593227435
MGMTFE ,401     ,"SHIH, MARGARET JOAN",136.0,3.592647058823529,0.3874183695691065
MGMTEX ,409     ,"SHIH, MARGARET JOAN",137.0,3.598540145985402,0.3902058976346767
CHIN   ,C156    ,"SHIH, SHU-MEI",30.0,3.42,0.3691431519975235
COM LIT,191     ,"SHIH, SHU-MEI",14.0,3.7857142857142856,0.32919196062294037
I A STD,188     ,"SHILS, NATHANIEL",15.0,3.7333333333333334,0.5223876806442596
JAPAN  ,75      ,"SHIMA, KENNETH MASAKI",77.0,3.7636363636363637,0.6379571884241931
JAPAN  ,130A    ,"SHIMA, KENNETH MASAKI",42.0,3.8666666666666667,0.39681269820951726
JAPAN  ,155     ,"SHIMA, KENNETH MASAKI",110.0,3.891818181818182,0.29049544455255255
JAPAN  ,154     ,"SHIMA, KENNETH MASAKI",42.0,3.7857142857142856,0.4833274688830242
JAPAN  ,130B    ,"SHIMA, KENNETH MASAKI",23.0,3.756521739130435,0.6261171490304502
JAPAN  ,C159    ,"SHIMA, KENNETH MASAKI",80.0,3.88,0.276315037592962
JAPAN  ,191A    ,"SHIMAZAKI, SATOKO",25.0,3.4959999999999996,0.45031544499383985
JAPAN  ,200     ,"SHIMAZAKI, SATOKO",10.0,3.6,1.2
JAPAN  ,70      ,"SHIMAZAKI, SATOKO",378.0,3.48968253968254,0.6467455399141466
JAPAN  ,110A    ,"SHIMAZAKI, SATOKO",16.0,3.66875,0.5299985259413463
JAPAN  ,110B    ,"SHIMAZAKI, SATOKO",12.0,3.633333333333333,0.5734883511361751
MATH   ,32A     ,"SHIN, BRIAN YOUNGHO",625.0,3.4940800000000003,0.7708572848459045
MATH   ,115A    ,"SHIN, BRIAN YOUNGHO",296.0,3.208108108108108,0.8778439122409991
MATH   ,33A     ,"SHIN, BRIAN YOUNGHO",491.0,3.50040733197556,0.7279968870001325
GEOG   ,7       ,"SHIN, MICHAEL EDWARD",1277.0,3.6421299921691466,0.7307077090104378
GEOG   ,401     ,"SHIN, MICHAEL EDWARD",62.0,3.829032258064516,0.5551480757925686
GEOG   ,208     ,"SHIN, MICHAEL EDWARD",11.0,4.0,0.0
GEOG   ,180     ,"SHIN, MICHAEL EDWARD",275.0,3.3334545454545457,0.816315933005928
ENVIRON,188B    ,"SHIPE, REBECCA FE",352.0,3.9786931818181817,0.16574726502299608
A&O SCI,107     ,"SHIPE, REBECCA FE",85.0,3.5070588235294116,0.8596563246668941
COM SCI,249     ,"SHIRANI-MEHR, HOUSHMAND",33.0,3.8515151515151516,0.2629911994393592
MATH   ,132     ,"SHLYAKHTENKO, DIMITRI Y",31.0,2.841935483870968,0.8950668360513417
RUSSN  ,31      ,"SHNEYDER, VADIM",52.0,3.8750000000000004,0.28947897492404684
RUSSN  ,119     ,"SHNEYDER, VADIM",58.0,3.944827586206897,0.24152704838396494
RUSSN  ,C124T   ,"SHNEYDER, VADIM",126.0,3.9666666666666663,0.24559613253766904
RUSSN  ,90B     ,"SHNEYDER, VADIM",137.0,3.9613138686131384,0.34667306695950123
EC ENGR,102     ,"SHOARINEJAD, KAMBIZ",68.0,3.3617647058823525,0.6254479363682213
EC ENGR,180DB   ,"SHOARINEJAD, KAMBIZ",64.0,3.94375,0.1170937124699699
EC ENGR,180DW   ,"SHOARINEJAD, KAMBIZ",64.0,3.9625,0.09921567416492208
WL ARTS,1       ,"SHORTER, DAVID DELGADO",60.0,3.67,0.694334213473598
WL ARTS,51W     ,"SHORTER, DAVID DELGADO",190.0,3.7563157894736845,0.6236877637029588
WL ARTS,33      ,"SHORTER, DAVID DELGADO",85.0,3.725882352941176,0.7440988139909236
SOC SC ,400A    ,"SHORTER, DAVID DELGADO",23.0,3.9695652173913043,0.14275178399462615
WL ARTS,CM140XP ,"SHORTER, DAVID DELGADO",11.0,3.8818181818181814,0.216661368869327
SOC SC ,420     ,"SHORTER, DAVID DELGADO",23.0,3.8434782608695657,0.3842848659823365
URBN PL,C251    ,"SHOUP, DONALD C",21.0,3.604761904761905,0.5223355886019844
PUB AFF,M153    ,"SHOUP, DONALD C",68.0,3.480882352941176,0.71666247551147
ETHNMUS,168F    ,"SHREWSBERY, MILES",21.0,3.9857142857142858,0.06388765649999395
ETHNMUS,68F     ,"SHREWSBERY, MILES",13.0,3.946153846153846,0.1865285485074176
ENGL   ,151     ,"SHUGER, DEBORA K",75.0,3.1213333333333333,1.0683686421622245
ENGL   ,181B    ,"SHUGER, DEBORA K",40.0,3.5475000000000008,0.719370384433499
ENGL   ,155     ,"SHUGER, DEBORA K",51.0,3.6627450980392156,0.41442650395679703
ENGL   ,156     ,"SHUGER, DEBORA K",18.0,3.111111111111111,0.7332491534176186
ENGL   ,157     ,"SHUGER, DEBORA K",66.0,3.1272727272727274,0.9832761341163861
ENGL   ,10A     ,"SHUGER, DEBORA K",79.0,3.3468354430379743,0.8508871681492243
THEATER,21      ,"SHUSHTARI, PETER JAMES",13.0,4.0,0.0
THEATER,120B    ,"SHUSHTARI, PETER JAMES",98.0,3.9591836734693877,0.15441577500430154
THEATER,120A    ,"SHUSHTARI, PETER JAMES",91.0,3.861538461538461,0.6037919062915035
LING   ,120A    ,"SIAH, JIAN-LEAT",24.0,3.779166666666667,0.3439708886260903
MGMTFT ,402     ,"SIDDIQ, AUYON ADNAN",349.0,3.650143266475645,0.3651450739547998
MGMTFE ,402     ,"SIDDIQ, AUYON ADNAN",54.0,3.6222222222222222,0.3951870943061942
MGMTMSA,403     ,"SIDDIQ, AUYON ADNAN",412.0,3.7851941747572817,0.29600775895932996
NURSING,216C    ,"SIDHU, MANPREET KAUR",16.0,3.5062499999999996,0.324939898288899
NURSING,216B    ,"SIDHU, MANPREET KAUR",40.0,3.5075000000000003,0.38754838407610476
LAW    ,317     ,"SIDWELL, ANNE",58.0,3.601724137931034,0.3569465232382059
LIFESCI,7A      ,"SIEKHAUS, DARIA",338.0,3.561538461538462,0.6558340820628844
SOCIOL ,171     ,"SIGMON, JONATHAN P",289.0,3.5145328719723183,0.6015520926733696
SOCIOL ,101     ,"SIGMON, JONATHAN P",730.0,3.223972602739726,0.784429361961244
SOCIOL ,132     ,"SIGMON, JONATHAN P",558.0,3.0700716845878135,0.963091457833389
SOCIOL ,102     ,"SIGMON, JONATHAN P",628.0,2.9320063694267513,1.0184028584627183
SOCIOL ,1       ,"SIGMON, JONATHAN P",528.0,3.5179924242424243,0.807421860336137
ENGL   ,184     ,"SILVA, CRISTOBAL S",14.0,3.714285714285714,0.49404618473687384
ENGL   ,11      ,"SILVA, CRISTOBAL S",95.0,3.706315789473684,0.3652859085892179
ENGL   ,166B    ,"SILVA, CRISTOBAL S",58.0,3.543103448275862,0.6459721540292683
ENGL   ,135     ,"SILVA, CRISTOBAL S",67.0,3.544776119402985,0.7443886767786599
ENGL   ,166A    ,"SILVA, CRISTOBAL S",63.0,3.611111111111111,0.532174667325691
ART HIS,M127C   ,"SILVERMAN, DEBORA L",10.0,3.3899999999999997,0.4805205510693586
HIST   ,97C     ,"SILVERMAN, DEBORA L",23.0,3.547826086956522,0.8938775157886646
HIST   ,M122E   ,"SILVERMAN, DEBORA L",27.0,3.55925925925926,0.5883179156048824
PSYCH  ,246     ,"SILVERS, JENNIFER ASHLEY",35.0,3.9628571428571426,0.13327890045360688
PSYCH  ,240B    ,"SILVERS, JENNIFER ASHLEY",13.0,3.853846153846154,0.2762813076318149
PSYCH  ,130     ,"SILVERS, JENNIFER ASHLEY",936.0,3.610042735042735,0.6386798603257207
PSYCH  ,189     ,"SILVERS, JENNIFER ASHLEY",33.0,3.981818181818182,0.07158188976374369
LING   ,1       ,"SILVESTRI, GIUSEPPINA",4091.0,3.6483500366658523,0.660721212644042
LING   ,110     ,"SILVESTRI, GIUSEPPINA",59.0,3.459322033898305,0.7230159629875721
LING   ,127     ,"SILVESTRI, GIUSEPPINA",34.0,3.5,0.8741382310932428
LING   ,C140    ,"SILVESTRI, GIUSEPPINA",36.0,3.8472222222222223,0.29766322423458424
LING   ,105     ,"SILVESTRI, GIUSEPPINA",110.0,3.7618181818181817,0.7092866862600659
LING   ,165B    ,"SILVESTRI, GIUSEPPINA",80.0,3.12375,1.016273062468941
LING   ,170     ,"SILVESTRI, GIUSEPPINA",75.0,3.816,0.40531140291550316
BIOMATH,M260B   ,"SIM, MYUNG SHIN",16.0,4.0,0.0
BIOMATH,260B    ,"SIM, MYUNG SHIN",10.0,4.0,0.0
BIOMATH,170A    ,"SIM, MYUNG SHIN",46.0,3.928260869565217,0.272399198331085
LAW    ,305     ,"SIMON, JACOB MICHAEL",135.0,3.502962962962963,0.3583792199541215
LAW    ,305     ,"SIMON, JAKE",59.0,3.452542372881356,0.3609572641042478
EPIDEM ,412     ,"SIMON, PAUL A",31.0,3.7774193548387096,0.3138827369076166
ECON   ,177     ,"SIMON, WILLIAM E",123.0,3.997560975609756,0.026939904919968914
ECON   ,168     ,"SIMON, WILLIAM E",125.0,3.9631999999999996,0.1092051280847195
ECON   ,169     ,"SIMON, WILLIAM E",123.0,3.9756097560975605,0.08198895762912976
ECON   ,167     ,"SIMON, WILLIAM E",85.0,3.9788235294117653,0.07684073314262552
ECON   ,169     ,"SIMON, WILLIAM E, JR",40.0,3.9775,0.07901740314639549
ECON   ,168     ,"SIMON, WILLIAM E, JR",40.0,3.8924999999999996,0.2306377029021924
ECON   ,177     ,"SIMON, WILLIAM E, JR",40.0,4.0,0.0
CH ENGR,104A    ,"SIMONETTI, DANTE A",73.0,3.752054794520548,0.33723679296869
CH ENGR,104B    ,"SIMONETTI, DANTE A",13.0,3.8615384615384616,0.14955555457864284
CH ENGR,210     ,"SIMONETTI, DANTE A",106.0,3.6207547169811316,0.39014196282506625
ENGR   ,170     ,"SIMONIAN, RAFFI S",31.0,3.935483870967742,0.18236508419487188
ECON   ,480     ,"SIMONIAN, RAFFI S",123.0,3.9113821138211384,0.32813918622094373
POL SCI,139     ,"SIMPSON, MICHAEL O",82.0,3.926829268292683,0.19819230651788486
ENGL   ,137B    ,"SIMPSON, MONA ELIZABETH",24.0,4.0,0.0
ENGL   ,137     ,"SIMPSON, MONA ELIZABETH",48.0,3.975,0.08291561975888495
ENGL   ,174B    ,"SIMPSON, MONA ELIZABETH",60.0,3.775,0.4027509569614123
ENGL   ,179     ,"SIMPSON, MONA ELIZABETH",19.0,3.7210526315789476,0.38193268540056285
COM HLT,M216A   ,"SINGH, RACHEL",30.0,3.9133333333333336,0.2261759393824983
CLASSIC,M125    ,"SISSA, GIULIA",70.0,3.5714285714285716,0.8580947095817832
POL SCI,M112B   ,"SISSA, GIULIA",120.0,3.5683333333333334,0.5812319292292497
CLASSIC,M121    ,"SISSA, GIULIA",57.0,3.7543859649122804,0.3839180173077876
POL SCI,M111A   ,"SISSA, GIULIA",99.0,3.7060606060606065,0.5325407333627559
COM LIT,290     ,"SISSA, GIULIA",8.0,3.9625,0.09921567416492208
POL SCI,111B    ,"SISSA, GIULIA",108.0,3.6777777777777776,0.7535512631353222
POL SCI,M119A   ,"SISSA, GIULIA",18.0,4.0,0.0
ECON   ,101     ,"SITARSKI, JACK ANDREW",44.0,3.0318181818181817,0.8460530628299664
LAW    ,108B    ,"SKIBBE, SHERYL",47.0,3.5021276595744686,0.3533965054807585
NURSING,171     ,"SKRINE JEFFERS, KIA",211.0,3.9739336492890995,0.1609603152511041
HIST   ,154     ,"SLADECK, JEREMIAH J",231.0,3.4038961038961033,0.9194542271291629
HIST   ,149A    ,"SLADECK, JEREMIAH J",212.0,3.3858490566037736,0.8483545315364063
HIST   ,149B    ,"SLADECK, JEREMIAH J",107.0,3.1999999999999997,1.2271843009145835
AM IND ,C170    ,"SLADECK, JEREMIAH J",13.0,2.976923076923077,1.376815638266485
HIST   ,156     ,"SLADECK, JEREMIAH J",68.0,3.5411764705882356,0.8106343366041565
HIST   ,153     ,"SLADECK, JEREMIAH J",113.0,3.417699115044248,0.9529860001846246
AM IND ,M10     ,"SLADECK, JEREMIAH J",386.0,3.637564766839378,0.7275932909947653
WL ARTS,M23     ,"SLADECK, JEREMIAH J",18.0,3.7666666666666666,0.4459696053419883
PSYCTRY,199     ,"SLAVICH, GEORGE MICHAEL",9.0,4.0,0.0
CHEM   ,263     ,"SLETTEN, ELLEN MAY",36.0,3.9166666666666665,0.36324157862838946
CHEM   ,248     ,"SLETTEN, ELLEN MAY",15.0,4.0,0.0
CHEM   ,599     ,"SLETTEN, ELLEN MAY",10.0,3.8,0.39999999999999997
CHEM   ,C105    ,"SLETTEN, ELLEN MAY",80.0,3.02625,1.1135241072828195
CHEM   ,CM205A  ,"SLETTEN, ELLEN MAY",53.0,3.530188679245283,0.6728101881703359
LAW    ,207     ,"SLEVIN, HILLARY F",135.0,3.452592592592593,0.458956889709477
MGMT   ,298D    ,"SLOAN, HARRY E",230.0,3.504782608695652,0.3752375429119347
COM HLT,M217    ,"SLUSSER, WENDELIN M",18.0,3.933333333333333,0.12472191289246465
CLUSTER,M27B    ,"SLYOMOVICS, SUSAN",106.0,3.8594339622641507,0.2627066309420153
ARABIC ,M110    ,"SLYOMOVICS, SUSAN",15.0,3.533333333333333,0.9964381008817803
CLUSTER,M27A    ,"SLYOMOVICS, SUSAN",112.0,3.795535714285714,0.6540244087921477
ANTHRO ,135     ,"SLYOMOVICS, SUSAN",81.0,3.659259259259259,0.8737287453431742
COM LIT,M110    ,"SLYOMOVICS, SUSAN",12.0,3.533333333333333,1.1017662587358938
SOC WLF,202A    ,"SMALL, LATOYA A",148.0,3.909459459459459,0.2491438957488162
PUB AFF,80      ,"SMALL, LATOYA A",461.0,3.8629067245119306,0.42076189800620384
SOC WLF,211A    ,"SMALL, LATOYA A",24.0,3.6208333333333336,0.2272648357215775
SOC WLF,211B    ,"SMALL, LATOYA A",59.0,3.859322033898305,0.2598034746625047
SOCIOL ,1       ,"SMALL-RODRIGUEZ, DISLOREI MARIE",595.0,3.8573109243697483,0.37208406359969226
AM IND ,261     ,"SMALL-RODRIGUEZ, DISLOREI MARIE",11.0,4.0,0.0
AM IND ,202     ,"SMALL-RODRIGUEZ, DISLOREI MARIE",9.0,4.0,0.0
AM IND ,M161    ,"SMALL-RODRIGUEZ, DISLOREI MARIE",10.0,4.0,0.0
SOCIOL ,89      ,"SMALL-RODRIGUEZ, DISLOREI MARIE",41.0,4.0,0.0
COM SCI,31      ,"SMALLBERG, DAVID A",2912.0,3.162603021978022,1.0395703672442795
COM SCI,32      ,"SMALLBERG, DAVID A",2593.0,3.0939066718087163,1.0307616699756572
ART    ,1B      ,"SMALLEY-WALL, KELLY",34.0,3.7176470588235295,0.3657953367303941
LBR STD,188     ,"SMEMO, KRISTOFFER O'BRIEN",46.0,3.619565217391304,0.7182767921174384
LBR STD,M186    ,"SMEMO, KRISTOFFER O'BRIEN",28.0,3.635714285714286,0.7177416396061259
FILM TV,298A    ,"SMITH, BECKY JEAN",9.0,4.0,0.0
ART    ,149A    ,"SMITH, CAULEEN",13.0,3.8923076923076922,0.252560848605877
ART    ,149     ,"SMITH, CAULEEN",11.0,3.854545454545455,0.3750482062679321
ART    ,276     ,"SMITH, CAULEEN",15.0,4.0,0.0
ART    ,278     ,"SMITH, CAULEEN",40.0,4.0,0.0
JAPAN  ,130A    ,"SMITH, JORDAN ANTONY YAMAJI",14.0,3.7857142857142856,0.32919196062294037
JAPAN  ,C159    ,"SMITH, JORDAN ANTONY YAMAJI",35.0,3.5714285714285716,0.7097570725542763
JAPAN  ,155     ,"SMITH, JORDAN ANTONY YAMAJI",14.0,3.4642857142857144,0.431950960935453
JAPAN  ,154     ,"SMITH, JORDAN ANTONY YAMAJI",27.0,3.7037037037037037,0.2301070306223566
WL ARTS,C139    ,"SMITH, KATHERINE M",17.0,3.9823529411764707,0.0705882352941176
EPIDEM ,M403    ,"SMITH, LISA V",208.0,3.8923076923076922,0.4919920863365096
EPIDEM ,404     ,"SMITH, LISA V",117.0,4.0,0.0
CHIN   ,105B    ,"SMITH, MICHELLE MENGSONG FU",48.0,3.779166666666667,0.3372427002751711
CHIN   ,102A    ,"SMITH, MICHELLE MENGSONG FU",42.0,3.8357142857142863,0.24959150299508787
CHIN   ,100C    ,"SMITH, MICHELLE MENGSONG FU",71.0,3.8619718309859152,0.3064408116382225
CHIN   ,100B    ,"SMITH, MICHELLE MENGSONG FU",81.0,3.7382716049382716,0.5417319963417216
CHIN   ,100A    ,"SMITH, MICHELLE MENGSONG FU",82.0,3.826829268292683,0.3367885565548418
ANTHRO ,116P    ,"SMITH, MONICA L",74.0,3.151351351351351,1.1895085566241033
ANTHRO ,118R    ,"SMITH, MONICA L",40.0,3.4174999999999995,1.02929283976913
ANTHRO ,2       ,"SMITH, MONICA L",824.0,3.595752427184466,0.7136117059459162
PHILOS ,130     ,"SMITH, SHELDON RUSSELL",120.0,3.8841666666666663,0.1848403966188728
PHILOS ,131     ,"SMITH, SHELDON RUSSELL",34.0,3.738235294117647,0.48142845408366136
PHILOS ,8       ,"SMITH, SHELDON RUSSELL",598.0,3.7025083612040133,0.5675833848515315
PHILOS ,191     ,"SMITH, SHELDON RUSSELL",9.0,4.0,0.0
EE BIOL,114A    ,"SMITH, THOMAS BATES",18.0,3.1944444444444446,0.8282996118033501
ENVIRON,297A    ,"SMITH, THOMAS BATES",10.0,4.0,0.0
EE BIOL,297     ,"SMITH, THOMAS BATES",7.0,4.0,0.0
JEWISH ,M150A   ,"SMOAK, JEREMY DANIEL",65.0,3.606153846153846,0.6196467785581676
JEWISH ,M182A   ,"SMOAK, JEREMY DANIEL",19.0,3.231578947368421,0.8790261546788118
AN N EA,10W     ,"SMOAK, JEREMY DANIEL",529.0,3.5260869565217394,0.8219116451072761
HEBREW ,110B    ,"SMOAK, JEREMY DANIEL",22.0,3.8681818181818186,0.2582922299122795
HEBREW ,188FL   ,"SMOAK, JEREMY DANIEL",10.0,4.0,0.0
AN N EA,M135    ,"SMOAK, JEREMY DANIEL",48.0,3.433333333333333,0.7927623996016854
SEMITIC,130     ,"SMOAK, JEREMY DANIEL",5.0,4.0,0.0
RELIGN ,M135    ,"SMOAK, JEREMY DANIEL",10.0,3.2700000000000005,0.717007670809734
COM LIT,M101    ,"SMOAK, JEREMY DANIEL",46.0,3.3934782608695646,0.8925786225053215
HIST   ,M182A   ,"SMOAK, JEREMY DANIEL",36.0,3.1694444444444447,1.1249245516538344
HEBREW ,110A    ,"SMOAK, JEREMY DANIEL",39.0,3.8666666666666663,0.3307592922378892
HEBREW ,110C    ,"SMOAK, JEREMY DANIEL",19.0,3.5526315789473686,0.9247295030113466
AN N EA,12W     ,"SMOAK, JEREMY DANIEL",82.0,3.498780487804878,0.5681578925252965
FILM TV,298A    ,"SMUKLER, MAYA MONTANEZ",28.0,3.8321428571428577,0.3196578208787947
PSYCH  ,137J    ,"SMURDA, JULIE DREON",70.0,3.6442857142857146,0.4806649306015616
PSYCH  ,137I    ,"SMURDA, JULIE DREON",517.0,3.183752417794971,0.891788805337831
PSYCH  ,136A    ,"SMURDA, JULIE DREON",202.0,3.4801980198019797,0.6440158355442219
PSYCH  ,135     ,"SMURDA, JULIE DREON",1847.0,3.413752030319437,0.7539287815863803
ENGL   ,203     ,"SNELSON, DANIEL SCOTT",26.0,4.0,0.0
ENGL   ,116B    ,"SNELSON, DANIEL SCOTT",64.0,3.9734375,0.15025206685350456
ENGL   ,191H    ,"SNELSON, DANIEL SCOTT",32.0,4.0,0.0
ENGL   ,91D     ,"SNELSON, DANIEL SCOTT",355.0,3.916901408450704,0.2555226157918607
ENGL   ,M138    ,"SNELSON, DANIEL SCOTT",19.0,3.789473684210526,0.8931875130777442
ENGL   ,129     ,"SNELSON, DANIEL SCOTT",110.0,3.9699999999999998,0.13983756810866477
FILM TV,413C    ,"SNIPES, JONATHAN",24.0,3.8250000000000006,0.49265437512858173
FILM TV,413A    ,"SNIPES, JONATHAN",25.0,3.8320000000000003,0.3812820478333592
FILM TV,413B    ,"SNIPES, JONATHAN",25.0,3.8999999999999995,0.1766352173265569
FILM TV,412B    ,"SNIPES, JONATHAN",22.0,3.8181818181818183,0.4488737052955822
THEATER,C154G   ,"SNIPES, JONATHAN",10.0,3.54,1.1859173664298874
FILM TV,412A    ,"SNIPES, JONATHAN",22.0,3.686363636363636,0.385292633232379
THEATER,C154C   ,"SNIPES, JONATHAN",23.0,3.739130434782609,0.5010763462047454
FILM TV,412C    ,"SNIPES, JONATHAN",12.0,3.6666666666666665,0.6236095644623235
HLT POL,441     ,"SNYDER, SOPHIE",10.0,3.7,0.2898275349237889
KOREA  ,CM120   ,"SOHN, SUNG-OCK SHIN",28.0,3.457142857142857,0.5205962045225314
ASIAN  ,104     ,"SOHN, SUNG-OCK SHIN",44.0,3.525,0.7058602102142013
KOREA  ,124     ,"SOHN, SUNG-OCK SHIN",34.0,3.6588235294117646,0.7008892028990634
EC ENGR,121B    ,"SOKOLICH, MARKO",32.0,3.3687500000000004,0.49651126623672903
EC ENGR,2       ,"SOKOLICH, MARKO",292.0,3.400342465753424,0.6944248772289685
EC ENGR,221A    ,"SOKOLICH, MARKO",21.0,3.8476190476190473,0.22172279479662507
EC ENGR,221B    ,"SOKOLICH, MARKO",16.0,3.90625,0.1390537216330436
EC ENGR,121DB   ,"SOKOLICH, MARKO",43.0,3.993023255813953,0.04521446998889202
EC ENGR,128     ,"SOKOLICH, MARKO",26.0,3.7076923076923074,0.4241943285834535
EC ENGR,270     ,"SOKOLICH, MARKO",26.0,3.8115384615384613,0.7682782564214223
NURSING,225B    ,"SOKOLOW, SOPHIE",274.0,3.7313868613138688,0.40222952100088477
NURSING,225A    ,"SOKOLOW, SOPHIE",206.0,3.693203883495146,0.4264921574581038
LING   ,103     ,"SOLA-LLONCH, ELIZABETH",14.0,3.1714285714285713,0.9837454457535325
INF STD,434     ,"SOLIS, GABRIEL DANIEL",12.0,3.6666666666666665,1.1055415967851332
ENGCOMP,3       ,"SOLIS, SAMANTHA",38.0,3.973684210526316,0.16007269816574263
PHYSICS,230A    ,"SOLON, MIKHAIL PIL",14.0,3.957142857142857,0.1049781318335647
PHYSICS,127     ,"SOLON, MIKHAIL PIL",32.0,3.525,0.5640257086339239
PHYSICS,132     ,"SOLON, MIKHAIL PIL",86.0,3.248837209302326,0.7954440307509564
PHYSICS,32      ,"SOLON, MIKHAIL PIL",78.0,3.611538461538462,0.40635363190420204
PHYSICS,131     ,"SOLON, MIKHAIL PIL",35.0,3.0942857142857143,0.7159181346426449
PHYSICS,232A    ,"SOLON, MIKHAIL PIL",7.0,4.0,0.0
DIS STD,187     ,"SOLONE, CAITLIN JEAN",48.0,3.9270833333333335,0.19228839379663268
DIS STD,101W    ,"SOLONE, CAITLIN JEAN",718.0,3.8615598885793876,0.4858141558720474
CLUSTER,73B     ,"SOLONE, CAITLIN JEAN",240.0,3.7733333333333334,0.4602052682107072
DIS STD,129     ,"SOLONE, CAITLIN JEAN",26.0,3.7961538461538464,0.6073148779230965
DIS STD,191     ,"SOLONE, CAITLIN JEAN",35.0,3.877142857142857,0.425666344376313
DIS STD,1       ,"SOLONE, CAITLIN JEAN",134.0,3.8529850746268655,0.5939609387764136
EDUC   ,204D    ,"SOLORZANO, DANIEL",55.0,3.9600000000000004,0.18448946754859374
EDUC   ,299A    ,"SOLORZANO, DANIEL",10.0,4.0,0.0
EDUC   ,M102    ,"SOLORZANO, DANIEL GILBERT",44.0,4.0,0.0
EDUC   ,204D    ,"SOLORZANO, DANIEL GILBERT",21.0,3.9666666666666663,0.149071198499986
PSYCH  ,127A    ,"SOMERS, JENNIFER ANNE",46.0,3.930434782608696,0.22445059998504877
EE BIOL,C234    ,"SONG, CHULIANG",20.0,4.0,0.0
MATH   ,135     ,"SONTHALIA, RISHI SAURABH",23.0,3.182608695652174,0.8874252810741888
MATH   ,164     ,"SONTHALIA, RISHI SAURABH",62.0,3.6758064516129028,0.44238557254626465
MATH   ,270A    ,"SONTHALIA, RISHI SAURABH",29.0,4.0,0.0
MATH   ,270B    ,"SONTHALIA, RISHI SAURABH",20.0,3.935,0.22422087324778664
MATH   ,131A    ,"SONTHALIA, RISHI SAURABH",31.0,3.229032258064516,0.9038246862503514
LAW    ,209     ,"SONTHALIA, ROSHAN",50.0,3.5359999999999996,0.4555260695064554
MGMT   ,278A    ,"SONTHALIA, ROSHAN",39.0,3.5333333333333337,0.7297113350350484
MGMT   ,298D    ,"SOOD, SANJAY",166.0,3.5180722891566263,0.38154555012799013
MGMT   ,180     ,"SOOD, SANJAY",103.0,3.614563106796116,0.3755663081837547
MGMTEX ,421     ,"SOOD, SANJAY",39.0,3.5538461538461537,0.36504032362168226
MGMTEX ,428B    ,"SORENSON, OLAV JOHANN",87.0,3.7091954022988505,0.32646915818072153
MGMT   ,295A    ,"SORENSON, OLAV JOHANN",183.0,3.421311475409836,0.41886448925651154
MGMTFT ,428B    ,"SORENSON, OLAV JOHANN",83.0,3.8506024096385545,0.3055208840596716
MGMT   ,489     ,"SORENSON, OLAV JOHANN",170.0,3.524117647058823,0.33999236710341213
MGMT   ,298E    ,"SORENSON, OLAV JOHANN",208.0,3.4908653846153848,0.40235272168574804
MGMTFE ,428B    ,"SORENSON, OLAV JOHANN",72.0,3.7625000000000006,0.31066125710597814
EE BIOL,154     ,"SORK, VICTORIA",38.0,3.7921052631578953,0.35495113002939055
EE BIOL,C146    ,"SORK, VICTORIA",70.0,3.108571428571429,0.9568912249187629
COMM   ,174     ,"SOROKA, STUART NEIL",298.0,3.7063758389261743,0.4732363439853194
COMM   ,188D    ,"SOROKA, STUART NEIL",128.0,3.565625,0.44131152191507533
COMM   ,253     ,"SOROKA, STUART NEIL",12.0,3.783333333333333,0.2544056253745625
COMM   ,173     ,"SOROKA, STUART NEIL",212.0,3.5160377358490567,0.6388575877642295
CLUSTER,80A     ,"SOROOSH, ARTIN",315.0,3.573968253968254,0.625100727584851
CLUSTER,80CW    ,"SOROOSH, ARTIN",56.0,3.935714285714286,0.219925775976295
MIMG   ,180A    ,"SOROOSH, ARTIN",52.0,4.0,0.0
CLUSTER,80BX    ,"SOROOSH, ARTIN",299.0,3.6595317725752516,0.5631977929708406
MIMG   ,101     ,"SOROOSH, ARTIN",272.0,3.2036764705882352,0.7583755945358099
MIMG   ,180B    ,"SOROOSH, ARTIN",46.0,4.0,0.0
LIFESCI,7C      ,"SOROOSH, ARTIN",181.0,3.338121546961326,0.6858754994136688
SOC GEN,180     ,"SOSA, ENRIQUE",131.0,3.990076335877863,0.09067597023144502
DANCE  ,C106A   ,"SOULY, WILFRIED G",39.0,3.8205128205128207,0.6583504978662678
DANCE  ,6       ,"SOULY, WILFRIED G",75.0,3.984,0.06740919818541083
DANCE  ,56      ,"SOULY, WILFRIED G",14.0,3.9785714285714286,0.07726181304565687
MSC IND,132     ,"SPALDING, LAUREN ASHLEY",37.0,3.9567567567567563,0.21503053276666034
MSC IND,126     ,"SPALDING, LAUREN ASHLEY",66.0,3.9166666666666665,0.23841861157098104
MGMT   ,298D    ,"SPARKS, BRAD",35.0,3.748571428571429,0.3228192139541251
STATS  ,13      ,"SPARKS, JOSHUA HARRISON",558.0,3.3482078853046597,0.9407283915161105
MECH&AE,C250P   ,"SPEARRIN, RAYMOND M",34.0,3.485294117647059,0.38050458213301647
MECH&AE,250S    ,"SPEARRIN, RAYMOND M",12.0,3.5416666666666665,0.5722154800034298
MECH&AE,157A    ,"SPEARRIN, RAYMOND M",33.0,3.7636363636363637,0.6004130809439406
MECH&AE,250C    ,"SPEARRIN, RAYMOND M",66.0,3.5500000000000003,0.39167472590032015
ENGR   ,96R     ,"SPEARRIN, RAYMOND M",104.0,4.0,0.0
MECH&AE,150C    ,"SPEARRIN, RAYMOND M",93.0,3.491397849462366,0.5313112029723986
MECH&AE,C150P   ,"SPEARRIN, RAYMOND M",73.0,3.4986301369863013,0.5696654030398276
AM IND ,201     ,"SPEED, SHANNON E",14.0,4.0,0.0
GENDER ,205     ,"SPEED, SHANNON E",22.0,4.0,0.0
ANTHRO ,149     ,"SPEED, SHANNON E",16.0,4.0,0.0
SOCIOL ,156     ,"SPEER, ISAAC DAVID FLIGSTEIN",560.0,3.565714285714286,0.7662544736361068
SOCIOL ,1       ,"SPEER, ISAAC DAVID FLIGSTEIN",290.0,3.702758620689655,0.5554674735300184
SOCIOL ,185     ,"SPEER, ISAAC DAVID FLIGSTEIN",381.0,3.0934383202099736,0.9100396515841747
SOCIOL ,101     ,"SPEER, ISAAC DAVID FLIGSTEIN",119.0,2.9781512605042013,0.7943243695185338
SOCIOL ,102     ,"SPEER, ISAAC DAVID FLIGSTEIN",406.0,3.569458128078818,0.583899918857518
SOCIOL ,110     ,"SPEER, ISAAC DAVID FLIGSTEIN",791.0,3.3953223767383065,0.8259176353130053
BIOENGR,223A    ,"SPEIER, WILLIAM F",77.0,3.9168831168831173,0.22121423911016724
BIOENGR,224B    ,"SPEIER, WILLIAM F",39.0,3.9743589743589745,0.11922387628269407
BIOENGR,223B    ,"SPEIER, WILLIAM F",62.0,3.943548387096774,0.19060258244022413
BIOINFO,229     ,"SPELLMAN, PAUL THOMAS",20.0,3.91,0.13747727084867511
MECH&AE,C271A   ,"SPEYER, JASON L",61.0,3.598360655737705,0.4079102293070628
MECH&AE,271B    ,"SPEYER, JASON L",61.0,3.6081967213114754,0.3976550453234781
MECH&AE,M270C   ,"SPEYER, JASON L",28.0,3.5392857142857146,0.2870282287191152
CLASSIC,162     ,"SPIELBERG, LYDIA M",43.0,3.67906976744186,0.6694524453072473
CLASSIC,88GE    ,"SPIELBERG, LYDIA M",29.0,3.6241379310344826,0.8744082422292678
CLASSIC,130     ,"SPIELBERG, LYDIA M",50.0,3.772,0.5906064679632285
LAW    ,313     ,"SPILLENGER, CLYDE S",28.0,3.5142857142857147,0.5235280629088198
LAW    ,116     ,"SPILLENGER, CLYDE S",68.0,3.625,0.5331303228821923
LAW    ,145     ,"SPILLENGER, CLYDE S",176.0,3.41875,0.3928922836998827
LAW    ,565     ,"SPILLENGER, CLYDE S",60.0,4.0,0.0
MGMT   ,263A    ,"SPILLER, STEPHEN",67.0,3.5313432835820895,0.42468915945239566
MGMTPHD,262     ,"SPILLER, STEPHEN",10.0,3.47,0.45177427992306074
MGMT   ,264B    ,"SPILLER, STEPHEN A",55.0,3.4690909090909092,0.4040129283587244
THEATER,150     ,"SPLINT, MARIKE A",24.0,4.0,0.0
THEATER,121     ,"SPLINT, MARIKE A",12.0,3.9250000000000003,0.12990381056766573
THEATER,163C    ,"SPLINT, MARIKE A",12.0,3.7583333333333333,0.2465033242958174
THEATER,12      ,"SPLINT, MARIKE A",186.0,3.897311827956989,0.26749189429964676
CHEM   ,3       ,"SPOKOYNY, ALEXANDER MICHAEL",113.0,3.8265486725663713,0.3587139514409983
APP CHM,203     ,"SPOKOYNY, ALEXANDER MICHAEL",11.0,3.9454545454545453,0.11570838237598043
APP CHM,206     ,"SPOKOYNY, ALEXANDER MICHAEL",13.0,3.976923076923077,0.0799408065031789
CHEM   ,278     ,"SPOKOYNY, ALEXANDER MICHAEL",19.0,4.0,0.0
ENGCOMP,2       ,"SPOONER, MARY",40.0,3.8299999999999996,0.26000000000000006
ENGCOMP,3       ,"SPOONER, MARY",41.0,3.7853658536585364,0.6741068076368315
ENGCOMP,100W    ,"SPOONER, MARY",40.0,3.8275000000000006,0.6371763884514241
BMD RES,10H     ,"SPRATFORD, CARRIE M",68.0,3.925,0.2664444539839843
PHYSCI ,270B    ,"SRIKANTH, SONAL",18.0,3.933333333333333,0.12472191289246465
CLUSTER,10B     ,"SRINIVASAN, RAMESH",158.0,3.8253164556962025,0.466733424696807
INF STD,214     ,"SRINIVASAN, RAMESH",19.0,3.5631578947368414,0.3527493911603377
INF STD,20      ,"SRINIVASAN, RAMESH",255.0,3.624705882352942,0.6139373185772864
INF STD,180     ,"SRINIVASAN, RAMESH",61.0,3.411475409836066,0.6011187277112234
URBN PL,252     ,"SRIVASTAVA, GAURAV",36.0,3.7777777777777777,0.28196838978776717
EC ENGR,M16     ,"SRIVASTAVA, MANI B",332.0,2.815963855421687,1.005924306067282
EC ENGR,M202A   ,"SRIVASTAVA, MANI B",117.0,3.721367521367521,0.39480148854252667
EC ENGR,209AS   ,"SRIVASTAVA, MANI B",25.0,3.884,0.24605690398767516
CH ENGR,220     ,"SRIVASTAVA, SAMANVAYA",117.0,3.5384615384615388,0.6399580854124843
CH ENGR,101C    ,"SRIVASTAVA, SAMANVAYA",229.0,3.462882096069869,0.46207476765363065
CH ENGR,104B    ,"SRIVASTAVA, SAMANVAYA",79.0,3.7721518987341778,0.5795975707466191
GJ STDS,129B    ,"STABLE, ARTURO JOAQUIN",17.0,3.764705882352941,0.17803230529907713
HIST   ,122A    ,"STACEY, PETER JAMES",401.0,3.903740648379052,0.3647989540505669
HIST   ,201D    ,"STACEY, PETER JAMES",9.0,4.0,0.0
HIST   ,130     ,"STACEY, PETER JAMES",298.0,3.877516778523489,0.4803499927035424
HIST   ,97C     ,"STACEY, PETER JAMES",77.0,3.9792207792207788,0.12203646712554293
COM SCI,31      ,"STAHL, HOWARD ALAN",891.0,3.188439955106622,1.0933278575957146
COM SCI,32      ,"STAHL, HOWARD ALAN",562.0,3.3133451957295375,0.965388486911861
COM LIT,250     ,"STAHULJAK, ZRINKA",5.0,4.0,0.0
ELTS   ,112     ,"STAHULJAK, ZRINKA",16.0,3.5625000000000004,0.571046189025021
COM LIT,2BW     ,"STAHULJAK, ZRINKA",95.0,3.495789473684211,0.8257584442863719
MIL SCI,11      ,"STANISLAS, ALBINA",12.0,4.0,0.0
MIL SCI,13      ,"STANISLAS, ALBINA",11.0,4.0,0.0
MIL SCI,12      ,"STANISLAS, ALBINA",12.0,3.975,0.08291561975888495
LAW    ,220     ,"STARK, KIRK J",208.0,3.5177884615384616,0.35426103134327713
LAW    ,380     ,"STARK, KIRK J",95.0,3.5778947368421052,0.5074557688515525
LAW    ,543     ,"STARK, KIRK J",17.0,4.0,0.0
LAW    ,660     ,"STARK, KIRK J",20.0,3.9850000000000003,0.06538348415311006
LAW    ,536     ,"STARK, KIRK J",40.0,4.0,0.0
CESC   ,130     ,"STAUB, SHALOM DAVID",33.0,3.548484848484849,0.779324187462683
CESC   ,50XP    ,"STAUB, SHALOM DAVID",1008.0,3.789781746031746,0.6362439010093177
POL SCI,169     ,"STECHER, ELAYNE RUTH",25.0,3.7879999999999994,0.3290227955628607
COMM   ,183     ,"STEEN, FRANCIS FRODE",116.0,3.7551724137931037,0.7167148266132611
COMM   ,133     ,"STEEN, FRANCIS FRODE",212.0,3.828301886792453,0.34905660377358494
FRNCH  ,141     ,"STEFANOVSKA, MALINA",27.0,3.7185185185185183,0.30554994383174583
FRNCH  ,16      ,"STEFANOVSKA, MALINA",31.0,3.5548387096774197,0.5423001845052832
ENGL   ,173B    ,"STEFANS, BRIAN KIM",32.0,3.7218750000000003,0.7704440176774688
ENGL   ,173C    ,"STEFANS, BRIAN KIM",34.0,3.9647058823529413,0.09665692191267633
ENGL   ,136     ,"STEFANS, BRIAN KIM",13.0,4.0,0.0
ENGL   ,116A    ,"STEFANS, BRIAN KIM",25.0,3.8480000000000003,0.3201499648602198
ENGL   ,M138    ,"STEFANS, BRIAN KIM",49.0,3.9061224489795925,0.32975449325607975
ENGL   ,172C    ,"STEFANS, BRIAN KIM",35.0,3.9057142857142852,0.2693302350465021
ENGL   ,118C    ,"STEFANS, BRIAN KIM",39.0,3.941025641025641,0.25592261322111104
ENGL   ,173A    ,"STEFANS, BRIAN KIM",32.0,3.8375,0.31099638261561824
ENGL   ,91A     ,"STEFANS, BRIAN KIM",65.0,3.7199999999999998,0.7357257013944175
ENGL   ,139     ,"STEFANS, BRIAN KIM",34.0,3.6058823529411765,0.8884689992508225
ENGL   ,184     ,"STEFANS, BRIAN KIM",16.0,3.9125,0.23150323971815173
POL SCI,137A    ,"STEIN, ARTHUR A",480.0,3.6654166666666663,0.6924381992078587
POL SCI,191B    ,"STEIN, ARTHUR A",13.0,3.6384615384615384,0.3873747172927438
POL SCI,220A    ,"STEIN, ARTHUR A",10.0,4.0,0.0
POL SCI,239     ,"STEIN, ARTHUR A",11.0,4.0,0.0
MSC IND,101     ,"STEIN, DANIELLE RAE",16.0,3.65625,0.9539187268840045
POL SCI,139     ,"STEIN, ELIZABETH",104.0,3.3249999999999997,0.6432713866814511
LAW    ,738     ,"STEIN, JULIA E",12.0,3.9416666666666664,0.19346977943739838
LAW    ,719     ,"STEIN, JULIA E",24.0,3.945833333333333,0.15805897281992215
MSC IND,107A    ,"STEIN, MICHAEL BRYAN",13.0,3.923076923076923,0.2664693550105965
MUSC   ,111B    ,"STEIN, MICHAEL BRYAN",14.0,3.857142857142857,0.3040542379113252
HIST   ,C187P   ,"STEIN, SARAH",16.0,3.9625,0.09921567416492208
HIST   ,5       ,"STEIN, SARAH",534.0,3.637640449438202,0.7580941841695583
ANTHRO ,100     ,"STEINBERG, MINDY G",108.0,3.6870370370370376,0.7649851841451514
CCAS   ,172     ,"STEINBERG, MINDY G",273.0,3.836996336996337,0.5351263484241747
CCAS   ,152     ,"STEINBERG, MINDY G",92.0,3.9152173913043478,0.3236795189719151
ANTHRO ,149     ,"STEINBERG, MINDY G",58.0,3.8120689655172413,0.7071256987724651
CCAS   ,M119    ,"STEINBERG, MINDY G",27.0,3.6370370370370373,0.8777699640221058
CCAS   ,188     ,"STEINBERG, MINDY G",259.0,3.8332046332046334,0.4690186919674171
SOC SC ,430B    ,"STEINBERG, MINDY G",64.0,3.8187499999999996,0.46833314798335596
SOC SC ,430A    ,"STEINBERG, MINDY G",46.0,3.9565217391304346,0.2916610405434508
LBR STD,M123    ,"STEINBERG, MINDY G",10.0,3.97,0.08999999999999996
LAW    ,272     ,"STEINBERG, RICHARD H",33.0,3.603030303030303,0.3251897800071834
LAW    ,616     ,"STEINBERG, RICHARD H",21.0,4.0,0.0
LAW    ,271     ,"STEINBERG, RICHARD H",100.0,3.525,0.4219893363581598
LAW    ,657     ,"STEINBERG, RICHARD H",52.0,3.9615384615384617,0.20110640711386724
PUB PLC,298D    ,"STEINERT-THRELKELD, ZACHARY",16.0,3.76875,0.2930843521923339
PUB PLC,C277    ,"STEINERT-THRELKELD, ZACHARY",12.0,3.5583333333333336,0.5707572942055922
PUB PLC,203     ,"STEINERT-THRELKELD, ZACHARY",159.0,2.970440251572327,0.6863955127251671
PUB AFF,M179A   ,"STEINERT-THRELKELD, ZACHARY",22.0,2.7409090909090916,1.1142298974910025
PUB PLC,298C    ,"STEINERT-THRELKELD, ZACHARY",16.0,3.76875,0.2930843521923339
PUB AFF,115     ,"STEINERT-THRELKELD, ZACHARY",59.0,2.9881355932203393,0.9849864054405086
PUB AFF,M117B   ,"STEINERT-THRELKELD, ZACHARY",23.0,2.7652173913043474,1.0593717152170385
PUB PLC,C291B   ,"STEINERT-THRELKELD, ZACHARY",29.0,3.6241379310344826,0.5739489178362256
DESMA  ,156     ,"STEINKAMP, JENNIFER JO ANNE",12.0,3.475,0.6659892391523055
MUSC   ,C175F   ,"STEINMETZ, JOHN A",166.0,3.9704819277108436,0.3116740791293097
MUSC   ,C485F   ,"STEINMETZ, JOHN A",20.0,3.9850000000000003,0.06538348415311006
LAW    ,584     ,"STEMPLE, LARA",15.0,3.646666666666667,0.3201388587611459
C&EE   ,157C    ,"STENSTROM, MICHAEL K",22.0,3.8181818181818183,0.8331955809010618
C&EE   ,253     ,"STENSTROM, MICHAEL K",28.0,3.939285714285714,0.22254900859021998
C&EE   ,255B    ,"STENSTROM, MICHAEL K",52.0,3.5596153846153844,0.46585719807048476
ENGL   ,110A    ,"STEPHAN, MEGAN",49.0,3.483673469387755,0.45506085656061174
ENGL   ,184     ,"STEPHAN, MEGAN",63.0,3.704761904761905,0.4103535337678194
ENGL   ,110C    ,"STEPHAN, MEGAN",17.0,3.5058823529411764,0.40215681494440497
ENGL   ,110T    ,"STEPHAN, MEGAN",58.0,3.4362068965517243,0.3717147014348268
ENGL   ,163C    ,"STEPHAN, MEGAN",71.0,3.5309859154929586,0.4816613120439886
ENGL   ,110V    ,"STEPHAN, MEGAN",40.0,3.7025000000000006,0.6593510066724703
ENGL   ,115B    ,"STEPHAN, MEGAN",93.0,3.3860215053763443,0.6033225920476981
ENGL   ,139     ,"STEPHAN, MEGAN",65.0,3.652307692307692,0.3717350968748051
ENGL   ,M107A   ,"STEPHAN, MEGAN",53.0,3.381132075471698,0.6977204402515015
ENGL   ,87      ,"STERN, ALEXANDRA MINNA",14.0,3.9785714285714286,0.07726181304565687
DESMA  ,157     ,"STERN, EDDO I",73.0,3.9068493150684924,0.22350187221384188
DESMA  ,289     ,"STERN, EDDO I",11.0,3.8636363636363638,0.14937887931959065
DESMA  ,160     ,"STERN, EDDO I",20.0,3.935,0.17109938632268673
DESMA  ,129     ,"STERN, EDDO I",15.0,4.0,0.0
LAW    ,244     ,"STERN, SANDRA B",52.0,3.4384615384615387,0.4637447267599203
MGMT   ,298E    ,"STERNBERG, JUSTIN LAURENCE",83.0,4.0,0.0
MGMTEX ,440     ,"STERNBERG, JUSTIN LAURENCE",64.0,4.0,0.0
MGMTFT ,421B    ,"STERNBERG, JUSTIN LAURENCE",50.0,3.888,0.2790268804255246
GERMAN ,1       ,"STEVENS, CHRISTOPHER M",18.0,3.6555555555555554,0.9376224199906569
GERMAN ,152     ,"STEVENS, CHRISTOPHER M",10.0,3.91,0.13747727084867511
HIST   ,M150B   ,"STEVENSON, BRENDA",169.0,3.848520710059172,0.4544463448420773
HIST   ,M150C   ,"STEVENSON, BRENDA",69.0,3.926086956521739,0.27591858382923656
AF AMER,M158C   ,"STEVENSON, BRENDA",48.0,3.810416666666667,0.4149495869647567
AF AMER,M158B   ,"STEVENSON, BRENDA",84.0,3.8297619047619045,0.37946697011188696
HIST   ,C191D   ,"STEVENSON, BRENDA",17.0,3.9823529411764707,0.0705882352941176
HIST   ,13B     ,"STEVENSON, BRENDA",49.0,3.83265306122449,0.6058853380787426
A&O SCI,271     ,"STEWART, ANDREW LESLIE",1.0,3.3,0.0
A&O SCI,103     ,"STEWART, ANDREW LESLIE",242.0,3.299586776859504,0.7600836151200135
A&O SCI,130     ,"STEWART, ANDREW LESLIE",64.0,3.7265625,0.5982375645124185
BIOENGR,C188    ,"STEWART, JAIMIE M",20.0,3.69,0.7084490101623405
BIOENGR,188     ,"STEWART, JAIMIE M",21.0,3.8095238095238093,0.5441505060574974
C&EE   ,220     ,"STEWART, JONATHAN PAUL",39.0,3.3692307692307693,0.6148395021566432
C&EE   ,121     ,"STEWART, JONATHAN PAUL",53.0,2.833962264150943,0.8889135612255686
MIMG   ,105     ,"STIEG, ADAM Z",74.0,3.3324324324324324,0.6617152380332757
GEOG   ,2       ,"STIEKMAN, CHELSEA M",318.0,3.7883647798742146,0.48895649922115964
EE BIOL,M131    ,"STIEKMAN, CHELSEA M",25.0,3.872,0.24741867350707383
GEOG   ,1       ,"STIEKMAN, CHELSEA M",115.0,3.638260869565218,0.8317171978289624
GEOG   ,5       ,"STIEKMAN, CHELSEA M",139.0,3.712949640287769,0.5787402012004023
GEOG   ,182A    ,"STIEKMAN, CHELSEA M",50.0,3.716,0.8355501181856178
GEOG   ,M110    ,"STIEKMAN, CHELSEA M",169.0,3.6153846153846154,0.6197919101071904
GEOG   ,107     ,"STIEKMAN, CHELSEA M",68.0,3.6867647058823527,0.518454834315308
PSYCH  ,244     ,"STIGLER, JAMES W",11.0,4.0,0.0
PSYCH  ,100A    ,"STIGLER, JAMES W",930.0,3.642795698924731,0.6542308388628093
SOCIOL ,20      ,"STIVERS, TANYA JEAN",56.0,2.7910714285714286,1.2133596784068907
SOCIOL ,189     ,"STIVERS, TANYA JEAN",13.0,3.8461538461538463,0.2560510304168191
SOCIOL ,140     ,"STIVERS, TANYA JEAN",499.0,3.010420841683367,1.0117008948537056
EPS SCI,200A    ,"STIXRUDE, LARS P",20.0,3.56,0.5023942674832188
EPS SCI,51      ,"STIXRUDE, LARS P",78.0,3.1653846153846152,0.9036715597873166
EPS SCI,225     ,"STIXRUDE, LARS P",9.0,3.788888888888889,0.22333056935824203
EPS SCI,298     ,"STIXRUDE, LARS P",8.0,4.0,0.0
LGBTQS ,181     ,"STOCKTON, ROSIE",23.0,3.930434782608695,0.16794093839850405
GENDER ,10      ,"STOCKTON, ROSIE",35.0,3.825714285714286,0.6846658651771501
LGBTQS ,183     ,"STOCKTON, ROSIE",12.0,3.9416666666666664,0.19346977943739838
PUB PLC,298D    ,"STOLL, MICHAEL A",39.0,4.0,0.0
PUB AFF,10      ,"STOLL, MICHAEL A",121.0,3.5603305785123966,0.6230396481080007
PUB PLC,298C    ,"STOLL, MICHAEL A",40.0,3.91,0.13747727084867511
PUB PLC,210     ,"STOLL, MICHAEL A",107.0,3.8551401869158877,0.55757043808988
ENGCOMP,3       ,"STONE, BRUCE D",187.0,2.8775401069518716,0.9987844710018409
ART    ,278     ,"STONE, ERIC",10.0,4.0,0.0
LAW    ,204     ,"STONE, KATHERINE",19.0,3.547368421052632,0.3704455653635321
LAW    ,100     ,"STONE, REBECCA",229.0,3.4737991266375547,0.36196211266319583
LAW    ,140     ,"STONE, REBECCA",86.0,3.4593023255813953,0.3654808578249375
LAW    ,300     ,"STONE, REBECCA",32.0,3.578125,0.325705364363254
COM SCI,30      ,"STOROZHENKO, ANDREI",50.0,3.282,0.9731782981550708
URBN PL,M236B   ,"STORPER, MICHAEL C",13.0,3.746153846153846,0.32960438900967004
URBN PL,M236A   ,"STORPER, MICHAEL C",64.0,3.8171874999999997,0.29976797668154953
M PHARM,292     ,"STOYANOVA, TANYA IVANOVA",10.0,3.97,0.08999999999999996
COM HLT,258     ,"STRATTON, SAM JOE",53.0,3.969811320754717,0.1461259545351942
COM HLT,440     ,"STRATTON, SAM JOE",48.0,3.797916666666667,0.8104755762650854
COM HLT,440     ,"STRATTON, SAMUEL J",51.0,3.9549019607843134,0.19734882572684126
COM HLT,258     ,"STRATTON, SAMUEL J",77.0,3.7636363636363637,0.4728770991340965
EDUC   ,452B    ,"STRAUS, ILENE WENDIE",58.0,3.9948275862068963,0.039050867768641785
EDUC   ,456     ,"STRAUS, ILENE WENDIE",83.0,3.963855421686747,0.1572185289464931
AF AMER,6       ,"STREETER, CAROLINE ANNE",386.0,3.5984455958549217,0.6488312876135853
ENGL   ,M104B   ,"STREETER, CAROLINE ANNE",87.0,3.8057471264367817,0.5341996531151011
AF AMER,1       ,"STREETER, CAROLINE ANNE",209.0,3.678947368421052,0.696702308936725
AF AMER,M104B   ,"STREETER, CAROLINE ANNE",54.0,3.75,0.33706247360261143
ENGL   ,108     ,"STREETER, CAROLINE ANNE",90.0,3.825555555555556,0.5047686183041606
MAT SCI,221     ,"STREIT, DWIGHT CHRISTOPHER",35.0,4.0,0.0
MAT SCI,222     ,"STREIT, DWIGHT CHRISTOPHER",30.0,4.0,0.0
PSYCH  ,M137M   ,"STROESSNER, STEVEN JOHN",13.0,3.692307692307693,0.44108526728712155
COMM   ,123     ,"STROESSNER, STEVEN JOHN",77.0,3.4896103896103896,0.6299009230657382
COMM   ,M117    ,"STROESSNER, STEVEN JOHN",186.0,3.7198924731182794,0.4504263085186207
CLUSTER,M72A    ,"STROESSNER, STEVEN JOHN",159.0,3.615094339622641,0.45656478860548944
COMM   ,M123    ,"STROESSNER, STEVEN JOHN",233.0,3.5111587982832617,0.6081386048968919
CLUSTER,M72B    ,"STROESSNER, STEVEN JOHN",158.0,3.533544303797469,0.534577883811104
MECH&AE,157     ,"STUBBLEBINE, MICHAEL J",30.0,3.5900000000000003,0.38845849199110066
MECH&AE,105D    ,"STUBBLEBINE, MICHAEL J",96.0,2.8718750000000006,0.8924104909597377
NURSING,225A    ,"STUDER, KATIA MOURA",68.0,3.923529411764706,0.2282398422833672
NURSING,54B     ,"STUDER, KATIA MOURA",98.0,3.9459183673469385,0.18359692282498588
NURSING,230A    ,"STUDER, KATIA MOURA",67.0,3.8940298507462683,0.2630933078988741
NURSING,162A    ,"STUDER, KATIA MOURA",218.0,3.8146788990825695,0.2929839172945904
NURSING,162B    ,"STUDER, KATIA MOURA",213.0,3.738967136150235,0.3170178885220392
MUSC   ,C185D   ,"STULBERG, NEAL H",852.0,3.9982394366197185,0.02291439352609005
MUSC   ,C185E   ,"STULBERG, NEAL H",742.0,3.976819407008086,0.16791609138899483
MUSC   ,C480E   ,"STULBERG, NEAL H",255.0,3.9850980392156865,0.08027825503490618
A&O SCI,C240B   ,"STUTZ, JOCHEN PETER",9.0,4.0,0.0
A&O SCI,200D    ,"STUTZ, JOCHEN PETER",10.0,3.7700000000000005,0.41725292090050126
A&O SCI,203B    ,"STUTZ, JOCHEN PETER",12.0,3.7916666666666665,0.20598678490513792
A&O SCI,200C    ,"STUTZ, JOCHEN PETER",31.0,3.7387096774193544,0.4116664946404715
A&O SCI,C160    ,"STUTZ, JOCHEN PETER",31.0,3.858064516129032,0.2324819709255129
ARTS ED,101     ,"SUAREZ, CHRISTINE ANASTASIA",27.0,3.8296296296296295,0.34190621934353393
HNRS   ,M123XP  ,"SUAREZ, MICHAEL P",29.0,4.0,0.0
MGMTMFE,431     ,"SUBRAHMANYAM, AVANIDHAR",175.0,3.7651428571428576,0.2762749296166663
MGMT   ,232F    ,"SUBRAHMANYAM, AVANIDHAR",277.0,3.703249097472925,0.3665975661342767
MGMTPHD,255     ,"SUBRAHMANYAM, AVANIDHAR",22.0,3.763636363636364,0.2568081253059189
HIST   ,135A    ,"SUBRAHMANYAM, SANJAY",34.0,3.611764705882353,0.3628033869437477
HIST   ,C187O   ,"SUBRAHMANYAM, SANJAY",11.0,3.790909090909091,0.264418901313618
HIST   ,M174D   ,"SUBRAHMANYAM, SANJAY",24.0,3.4375000000000004,0.5081112903029545
HIST   ,21      ,"SUBRAHMANYAM, SANJAY",42.0,3.4095238095238094,0.5656052484305235
HIST   ,C201K   ,"SUBRAHMANYAM, SANJAY",8.0,3.8875,0.14523687548277806
HIST   ,C187N   ,"SUBRAHMANYAM, SANJAY",25.0,3.7,0.34292856398964494
HIST   ,9A      ,"SUBRAHMANYAM, SANJAY",107.0,3.5308411214953273,0.5170750257305571
BIOSTAT,218     ,"SUCHARD, MARC ADAM",43.0,4.0,0.0
PUB HLT,200A    ,"SUDHINARASET, MAY",128.0,3.8117187500000003,0.4051660719981839
COM HLT,247     ,"SUDHINARASET, MAY",36.0,3.9833333333333334,0.06871842709362763
ENV HLT,101     ,"SUFFET, IRWIN H",18.0,3.522222222222222,0.4961580791503579
ENV HLT,C200C   ,"SUFFET, IRWIN H",39.0,3.9025641025641025,0.21181411721090648
BIOSTAT,211B    ,"SUGAR, CATHERINE ANN",30.0,3.673333333333333,0.3687215149073289
BIOSTAT,201B    ,"SUGAR, CATHERINE ANN",75.0,3.594666666666667,0.5673078725191659
SOCIOL ,180D    ,"SUGIE, NAOMI FUSAE",131.0,2.936641221374046,0.8858692291332992
SOCIOL ,189     ,"SUGIE, NAOMI FUSAE",14.0,3.907142857142857,0.19807749462660068
SPAN   ,M165XP  ,"SUHR, CARLOTA",174.0,3.8356321839080465,0.3687434430336192
SPAN   ,191B    ,"SUHR, CARLOTA",53.0,3.792452830188679,0.39182642316236976
SPAN   ,3       ,"SUHR, CARLOTA",92.0,3.7532608695652177,0.4443977573409643
SPAN   ,2A      ,"SUHR, CARLOTA",120.0,3.9025000000000003,0.2736976738422646
SPAN   ,160     ,"SUHR, CARLOTA",111.0,3.6603603603603605,0.5783292617577599
SPAN   ,M172XP  ,"SUHR, CARLOTA",82.0,3.775609756097561,0.27698770581582005
SPAN   ,3A      ,"SUHR, CARLOTA",120.0,3.9025000000000003,0.2736976738422646
FILM TV,484B    ,"SUHR, JAMES WESLEY",14.0,4.0,0.0
FILM TV,489A    ,"SUHR, JAMES WESLEY",21.0,3.957142857142857,0.1049781318335647
FILM TV,489B    ,"SUHR, JAMES WESLEY",10.0,4.0,0.0
COMM   ,152     ,"SUMAN, MICHAEL",193.0,2.820725388601036,0.8902380727327852
COMM   ,10      ,"SUMAN, MICHAEL",1040.0,2.6704807692307693,0.9725480804880274
COMM   ,145     ,"SUMAN, MICHAEL",90.0,2.8955555555555557,0.7764464796767832
COMM   ,140     ,"SUMAN, MICHAEL",347.0,2.8927953890489913,0.9101920316632282
COMM   ,89      ,"SUMAN, MICHAEL",36.0,3.677777777777778,0.4249909221978951
COMM   ,114     ,"SUMAN, MICHAEL",133.0,2.836842105263158,0.8614966592310411
COMM   ,145     ,"SUMAN, MICHAEL WESLEY",23.0,2.8391304347826094,0.6525795839754337
COMM   ,152     ,"SUMAN, MICHAEL WESLEY",53.0,2.5999999999999996,0.9755501592473589
COMM   ,140     ,"SUMAN, MICHAEL WESLEY",112.0,2.674107142857143,1.1990878628383004
COMM   ,89      ,"SUMAN, MICHAEL WESLEY",42.0,3.8357142857142854,0.2056597149841138
COMM   ,10      ,"SUMAN, MICHAEL WESLEY",495.0,2.623030303030303,0.9776259169156477
COMM   ,114     ,"SUMAN, MICHAEL WESLEY",55.0,2.987272727272727,0.9415759604281528
HIST   ,162A    ,"SUMMERHILL, WILLIAM R",112.0,3.43125,0.6334473777332597
HIST   ,191E    ,"SUMMERHILL, WILLIAM R",13.0,4.0,0.0
HIST   ,191E    ,"SUMMERHILL, WILLIAM R, III",23.0,3.917391304347826,0.21998453288127853
PSYCH  ,215B    ,"SUMNER, JENNIFER A",12.0,3.9250000000000003,0.12990381056766573
PSYCH  ,151     ,"SUMNER, JENNIFER A",106.0,3.7650943396226415,0.563017887853869
PSYCH  ,150     ,"SUMNER, JENNIFER A",978.0,3.8190184049079754,0.41365528270867413
PSYCH  ,291     ,"SUMNER, JENNIFER A",17.0,3.905882352941177,0.18933502281683626
MGMTMSA,413     ,"SUN, KATHERINE",129.0,3.5325581395348835,0.41017349150258653
SOC WLF,214A    ,"SUN, SICONG",66.0,3.9909090909090907,0.05142594772265797
SOC WLF,211B    ,"SUN, SICONG",57.0,3.97719298245614,0.10599163134732081
CHIN   ,6A      ,"SUN, XIAOXIN",14.0,3.785714285714286,0.3291919606229404
CHIN   ,5A      ,"SUN, XIAOXIN",14.0,3.7357142857142853,0.38657311793528026
CHIN   ,3A      ,"SUN, XIAOXIN",115.0,3.5713043478260875,0.660667017015683
CHIN   ,1A      ,"SUN, XIAOXIN",97.0,3.62680412371134,0.7497787252851414
CHIN   ,2A      ,"SUN, XIAOXIN",110.0,3.680909090909091,0.4798665448084981
COM SCI,247     ,"SUN, YIZHOU",198.0,3.8262626262626265,0.5067395997319897
COM SCI,M148    ,"SUN, YIZHOU",197.0,3.609137055837563,0.6325500453686652
COM SCI,97      ,"SUN, YIZHOU",52.0,3.748076923076923,0.6243428497891526
COM SCI,145     ,"SUN, YIZHOU",97.0,3.379381443298969,0.9197644414179568
COM SCI,249     ,"SUN, YIZHOU",137.0,3.945985401459854,0.1808393239888693
LING   ,115     ,"SUNDARA, MEGHA",119.0,3.5226890756302525,0.7217435675332453
LING   ,197     ,"SUNDARA, MEGHA",10.0,3.97,0.08999999999999996
LAW    ,769     ,"SUNDRA, LORALEE",12.0,3.9250000000000003,0.12990381056766573
BIOENGR,M219    ,"SUNG, KYUNG HYUN",26.0,3.826923076923077,0.29424962232207946
WL ARTS,104     ,"SUNG, WENDY",33.0,3.5666666666666664,0.5031215689386743
WL ARTS,120     ,"SUNG, WENDY",27.0,3.3703703703703702,0.998819605117225
WL ARTS,C152    ,"SUNG, WENDY",14.0,3.507142857142857,0.6215927533525534
WL ARTS,123     ,"SUNG, WENDY",17.0,3.494117647058824,0.8032804712993677
MGMT   ,292     ,"SUOMINEN, KATI",51.0,3.8627450980392157,0.24651355951547657
MGMTEX ,439     ,"SUOMINEN, KATI",96.0,3.7000000000000006,0.4614289399969043
CLUSTER,70A     ,"SUPRIYA, K",298.0,3.7614093959731547,0.4916968566483725
EE BIOL,200B    ,"SUPRIYA, K",15.0,4.0,0.0
CLUSTER,70B     ,"SUPRIYA, K",285.0,3.836842105263158,0.3891653592287449
ECON   ,11      ,"SURRO, CHRISTOPHER JOHN",2702.0,2.866136195410807,0.9404377655779639
ECON   ,187     ,"SURRO, CHRISTOPHER JOHN",187.0,3.9513368983957213,0.19218926967048997
ECON   ,402A    ,"SURRO, CHRISTOPHER JOHN",318.0,3.566666666666667,0.4776997644855164
ECON   ,162     ,"SURRO, CHRISTOPHER JOHN",50.0,4.0,0.0
ECON   ,102     ,"SURRO, CHRISTOPHER JOHN",1363.0,3.062729273661041,0.9216108609087461
ECON   ,165     ,"SURRO, CHRISTOPHER JOHN",875.0,3.6788571428571424,0.39985548409802424
ENGCOMP,3E      ,"SUSSMAN, DANIEL BENJAMIN",88.0,3.814772727272728,0.2967780670372731
ENGCOMP,131A    ,"SUSSMAN, DANIEL BENJAMIN",86.0,3.886046511627907,0.1935967943094643
ENGCOMP,3       ,"SUSSMAN, DANIEL BENJAMIN",303.0,3.737623762376238,0.49396051842103916
ENGCOMP,3D      ,"SUSSMAN, DANIEL BENJAMIN",40.0,3.685,0.7164321321660553
MGMT   ,220     ,"SUSSMAN, ERIC H",130.0,3.5084615384615385,0.4577595296465695
MGMT   ,228     ,"SUSSMAN, ERIC H",295.0,3.577627118644068,0.4859111273384865
MGMT   ,298D    ,"SUSSMAN, ERIC H",84.0,3.6619047619047613,0.3097252092023178
MGMT   ,279A    ,"SUSSMAN, ERIC H",137.0,3.451824817518248,0.5556744031389236
MGMT   ,458B    ,"SUSSMAN, ERIC H",78.0,3.603846153846154,0.36213126522635114
COM LIT,107     ,"SUTHERLAND KRISTAL, ROMY",18.0,3.7333333333333334,0.4618802153517006
COM LIT,191     ,"SUTHERLAND KRISTAL, ROMY",18.0,3.8000000000000003,0.25819888974716115
COM LIT,104     ,"SUTHERLAND KRISTAL, ROMY",37.0,3.7270270270270274,0.3950016412204348
CLUSTER,73B     ,"SUTHERLAND KRISTAL, ROMY",432.0,3.782175925925926,0.46166153885446853
INF STD,289     ,"SUTHERLAND, TONIA",24.0,3.8333333333333335,0.7993052538854533
INF STD,212     ,"SUTHERLAND, TONIA",129.0,3.9930232558139536,0.045214469988892024
INF STD,10      ,"SUTHERLAND, TONIA",148.0,3.864864864864865,0.2929036519165693
INF STD,438A    ,"SUTHERLAND, TONIA",21.0,3.8095238095238093,0.8518354199999199
INF STD,298B    ,"SUTHERLAND, TONIA",14.0,3.9499999999999997,0.1802775637731995
LBR STD,174     ,"SUTTONWILLS, BRENDA ELLEN",77.0,3.8805194805194807,0.5400911325310676
LAW    ,618     ,"SUTTONWILLS, BRENDA ELLEN",16.0,3.98125,0.07261843774138903
MATH   ,120A    ,"SUZUKI, FUMIAKI",37.0,3.608108108108108,0.5942873899269195
MATH   ,33A     ,"SUZUKI, FUMIAKI",156.0,3.5467948717948716,0.7266378380362595
MATH   ,131A    ,"SUZUKI, FUMIAKI",46.0,3.5021739130434786,0.6809485489198083
MSC IND,113B    ,"SVENDSEN, RYAN DAVID",45.0,3.697777777777778,1.000775008323025
ENGCOMP,130D    ,"SWANGER, RACHEL",18.0,4.0,0.0
SOCIOL ,191V    ,"SWEENEY, MEGAN MC DONNELL",18.0,3.855555555555556,0.31661792997277793
SOCIOL ,89      ,"SWEENEY, MEGAN MC DONNELL",12.0,4.0,0.0
SOCIOL ,20      ,"SWEENEY, MEGAN MC DONNELL",624.0,3.018108974358974,0.9520603236767411
LAW    ,794     ,"SWEETSER, CATHERINE",10.0,3.97,0.08999999999999996
ARTS ED,M102    ,"SYKES, MARISSA MAGDALENA",37.0,3.721621621621621,0.6802762297197328
ARTS ED,M192    ,"SYKES, MARISSA MAGDALENA",26.0,3.923076923076923,0.2791576509480624
ARTS ED,M192XP  ,"SYKES, MARISSA MAGDALENA",25.0,3.908,0.3938730760029175
EC ENGR,141     ,"TABUADA, PAULO",233.0,3.357081545064377,0.7737951050472196
EC ENGR,239AS   ,"TABUADA, PAULO",17.0,3.8823529411764706,0.23322620707763544
EC ENGR,M242A   ,"TABUADA, PAULO",21.0,3.8619047619047615,0.2983704799584865
EC ENGR,M240A   ,"TABUADA, PAULO",24.0,3.0500000000000003,0.88928810479694
C&EE   ,103     ,"TACIROGLU, ERTUGRUL",90.0,3.511111111111111,0.4947377407260997
C&EE   ,235A    ,"TACIROGLU, ERTUGRUL",11.0,3.5181818181818176,0.5131333015152758
C&EE   ,235B    ,"TACIROGLU, ERTUGRUL",47.0,3.612765957446809,0.3879114953218153
MECH&AE,250H    ,"TAIRA, KUNIHIKO",45.0,3.9066666666666667,0.2815828277592383
MECH&AE,252E    ,"TAIRA, KUNIHIKO",42.0,3.8357142857142863,0.2868726518289029
MECH&AE,150A    ,"TAIRA, KUNIHIKO",128.0,3.3390625,0.814443289059312
MECH&AE,250A    ,"TAIRA, KUNIHIKO",60.0,3.5,0.5131601439446885
BIOENGR,M226    ,"TAIRA, RICKY KIYOTAKA",86.0,3.7604651162790694,0.2906604627345789
BIOENGR,224A    ,"TAIRA, RICKY KIYOTAKA",65.0,3.812307692307692,0.26165608214876984
GENDER ,M185A   ,"TAITANO DELISLE, CHRISTINE",9.0,3.511111111111111,0.3956554181058857
AM IND ,M187A   ,"TAITANO DELISLE, CHRISTINE",12.0,3.5833333333333335,0.6374863832968426
AM IND ,M10     ,"TAITANO DELISLE, CHRISTINE",54.0,3.287037037037037,0.8821367779004309
ASIA AM,C142B   ,"TAJIMA, RENEE E",57.0,3.9421052631578952,0.1695684599324949
ASIA AM,120     ,"TAJIMA, RENEE E",216.0,3.744444444444444,0.5658218102792206
ASIA AM,C142A   ,"TAJIMA, RENEE E",66.0,3.9424242424242424,0.16972402381745993
JAPAN  ,103B    ,"TAKAKURA, ASAKO HAYASHI",10.0,3.97,0.08999999999999996
JAPAN  ,1       ,"TAKAKURA, ASAKO HAYASHI",85.0,3.876470588235294,0.38091130936943357
JAPAN  ,103A    ,"TAKAKURA, ASAKO HAYASHI",14.0,3.6285714285714286,0.7274501175128008
JAPAN  ,100A    ,"TAKAKURA, ASAKO HAYASHI",55.0,3.7672727272727276,0.31968993242290566
JAPAN  ,105B    ,"TAKAKURA, ASAKO HAYASHI",8.0,3.9625,0.09921567416492208
JAPAN  ,2       ,"TAKAKURA, ASAKO HAYASHI",60.0,3.7583333333333333,0.5017607885127024
JAPAN  ,100C    ,"TAKAKURA, ASAKO HAYASHI",60.0,3.6950000000000003,0.4298933976386859
JAPAN  ,3       ,"TAKAKURA, ASAKO HAYASHI",69.0,3.6260869565217395,0.6588642344178997
JAPAN  ,100B    ,"TAKAKURA, ASAKO HAYASHI",42.0,3.7738095238095237,0.6807067489047947
JAPAN  ,100C    ,"TAKEUCHI, MAI",22.0,3.972727272727273,0.0862439361864103
JAPAN  ,6       ,"TAKEUCHI, MAI",21.0,3.661904761904762,0.4369550379792176
JAPAN  ,2       ,"TAKEUCHI, MAI",242.0,3.5508264462809915,0.6945622163337462
JAPAN  ,100B    ,"TAKEUCHI, MAI",35.0,3.6542857142857144,0.6189128058333336
JAPAN  ,4       ,"TAKEUCHI, MAI",20.0,3.8,0.2756809750418045
JAPAN  ,5       ,"TAKEUCHI, MAI",19.0,3.4473684210526314,0.9074941908195288
JAPAN  ,1       ,"TAKEUCHI, MAI",272.0,3.619117647058824,0.6957343460522966
JAPAN  ,3       ,"TAKEUCHI, MAI",202.0,3.6133663366336637,0.6339953106421866
SOC WLF,232     ,"TALLEY, MICHELLE DIONNE",151.0,3.9059602649006626,0.2990563055978098
SOC WLF,M290M   ,"TALLEY, MICHELLE DIONNE",38.0,3.939473684210526,0.22657573810307427
SOC WLF,211A    ,"TALLEY, MICHELLE DIONNE",54.0,3.9481481481481477,0.1607168441018306
SOC WLF,402C    ,"TALLEY, MICHELLE DIONNE",51.0,3.980392156862745,0.10482405023234245
SOC WLF,210C    ,"TALLEY, MICHELLE DIONNE",29.0,3.8620689655172415,0.29990089524357105
SOC WLF,210B    ,"TALLEY, MICHELLE DIONNE",55.0,3.956363636363637,0.10576756052544711
SOC WLF,211B    ,"TALLEY, MICHELLE DIONNE",50.0,3.8780000000000006,0.16527552752903252
ASIA AM,131A    ,"TAMAI, LILY ANNE",49.0,3.420408163265306,0.8611761278615817
ASIA AM,170     ,"TAMAI, LILY ANNE",49.0,3.455102040816327,0.9341723881662108
CLUSTER,20CW    ,"TAMAI, LILY ANNE",21.0,3.7285714285714286,0.49294340169933465
ASIA AM,20      ,"TAMAI, LILY ANNE",133.0,3.6526315789473687,0.4291237701766119
ASIA AM,187C    ,"TAMAI, LILY ANNE YUMI",35.0,3.614285714285714,0.6965805694935213
ASIA AM,30W     ,"TAMAI, LILY ANNE YUMI",21.0,3.576190476190477,0.44817594536580746
ASIA AM,191C    ,"TAMAI, LILY ANNE YUMI",18.0,3.7222222222222223,0.3923654129557683
ASIA AM,170     ,"TAMAI, LILY ANNE YUMI",57.0,3.3929824561403508,0.7804316504958789
ASIA AM,20      ,"TAMAI, LILY ANNE YUMI",422.0,3.925592417061611,0.2950765098620303
ASIA AM,140XP   ,"TAMAI, LILY ANNE YUMI",39.0,3.6717948717948716,0.8903899226365244
ASIA AM,20W     ,"TAMAI, LILY ANNE YUMI",114.0,3.8324561403508777,0.5734621867702164
COM SCI,M151B   ,"TAMIR, YUVAL",234.0,3.317948717948718,0.8726240400761769
COM SCI,251B    ,"TAMIR, YUVAL",73.0,3.723287671232877,0.3374036840527754
COM SCI,251A    ,"TAMIR, YUVAL",89.0,3.719101123595506,0.3239074651097034
MGMT   ,298E    ,"TAMMINEEDI, ANIL",24.0,3.9375,0.12183492931011197
MATH   ,131A    ,"TAN, HUI",40.0,2.8050000000000006,1.2361128589251065
MATH   ,131B    ,"TAN, HUI",87.0,2.7885057471264365,1.0591066814115795
MED    ,185     ,"TAN, QIUXUE TRACEY",31.0,3.390322580645161,0.5854994221697253
FOOD ST,M79     ,"TANDLER, JESSE MICHAEL",13.0,4.0,0.0
WL ARTS,M79     ,"TANDLER, JESSE MICHAEL",71.0,3.9450704225352116,0.25552416847427434
MGMTEX ,410     ,"TANG, CHRISTOPHER SIU",364.0,3.5626373626373633,0.3823433678144891
MGMTGEX,410B    ,"TANG, CHRISTOPHER SIU",45.0,3.9311111111111106,0.21168343473973078
MGMTFT ,410     ,"TANG, CHRISTOPHER SIU",149.0,3.2885906040268456,0.498121329839001
C&EE   ,108     ,"TANG, LONGWEN",27.0,3.355555555555556,1.0446808243149472
LAW    ,307     ,"TANG, XIYIN",136.0,3.5102941176470592,0.43289032230100566
LAW    ,305     ,"TANG, XIYIN",421.0,3.4828978622327798,0.39659136908590786
CH ENGR,45      ,"TANG, YI",170.0,3.1029411764705883,0.7451353189848243
CHEM   ,C105    ,"TANG, YI",32.0,3.2968750000000004,0.6696474702222058
CHEM   ,CM205A  ,"TANG, YI",29.0,3.5931034482758624,0.5225474962624722
CHEM   ,247     ,"TANG, YI",102.0,3.9215686274509802,0.2688492000157272
CHEM   ,C138    ,"TANG, YI",42.0,3.711904761904762,0.5589967122112961
CH ENGR,10      ,"TANG, YI",404.0,3.909158415841584,0.37089707234050495
CHEM   ,C238    ,"TANG, YI",22.0,3.6727272727272724,0.5118432094639727
HLT POL,441     ,"TANOUYE, JOHN",11.0,3.972727272727273,0.0862439361864103
HLT POL,244     ,"TANOUYE, JOHN",76.0,3.9921052631578946,0.04802180944972276
ASIAN  ,100     ,"TAO, HONGYIN",142.0,3.6823943661971836,0.5794970252052908
MATH   ,246B    ,"TAO, TERENCE CHI-SHEN",38.0,3.7552631578947366,0.840017972370721
MATH   ,245C    ,"TAO, TERENCE CHI-SHEN",14.0,3.9785714285714286,0.07726181304565687
MATH   ,254A    ,"TAO, TERENCE CHI-SHEN",12.0,3.4499999999999997,0.852936105461599
MATH   ,246A    ,"TAO, TERENCE CHI-SHEN",77.0,3.754545454545455,0.6403216429072522
MATH   ,246C    ,"TAO, TERENCE CHI-SHEN",27.0,3.9,0.3661612678507574
SOC WLF,210C    ,"TAREN, JULIE E",17.0,3.8470588235294114,0.23544113054340593
MOL BIO,255     ,"TARLING, ELIZABETH JOANNA",69.0,3.914492753623189,0.1626549315547617
GERMAN ,2       ,"TARNAWSKA SENEL, MAGDALENA A",156.0,3.714102564102564,0.7142728701766212
GERMAN ,3       ,"TARNAWSKA SENEL, MAGDALENA A",125.0,3.5927999999999995,0.931164947793891
GERMAN ,1       ,"TARNAWSKA SENEL, MAGDALENA A",188.0,3.55,1.009555410891138
I A STD,50      ,"TAUB, BONNIE",183.0,3.560109289617486,0.6605131215079644
FOOD ST,M177    ,"TAUB, BONNIE",14.0,3.75,0.2872281323269014
COM HLT,132     ,"TAUB, BONNIE",69.0,3.6811594202898545,0.5305931497175591
I A STD,191     ,"TAUB, BONNIE",44.0,3.813636363636364,0.3474523571597518
COM HLT,M250    ,"TAUB, BONNIE",21.0,3.9857142857142858,0.06388765649999395
POL SCI,40      ,"TAUSANOVITCH, CHRISTOPHER NICOLAS",1506.0,3.3897742363877823,0.7359947434892494
POL SCI,260B    ,"TAUSANOVITCH, CHRISTOPHER NICOLAS",11.0,3.7,0.33844564489065976
POL SCI,195CE   ,"TAUSANOVITCH, CHRISTOPHER NICOLAS",27.0,4.0,0.0
MIL SCI,13      ,"TAVANTZIS, ANTHONY",11.0,3.8181818181818183,0.5749595745760689
MIL SCI,110     ,"TAVANTZIS, ANTHONY",26.0,4.0,0.0
COM HLT,246     ,"TAVROW, PAULA A",35.0,3.6314285714285712,0.4838957553449052
COM HLT,427     ,"TAVROW, PAULA A",12.0,3.7500000000000004,0.4092676385936225
COM HLT,100     ,"TAVROW, PAULA A",388.0,3.7798969072164947,0.41044103722944303
BIOENGR,C247    ,"TAWIL, NABIL J",11.0,3.854545454545455,0.3750482062679321
BIOENGR,C147    ,"TAWIL, NABIL J",105.0,3.942857142857143,0.20878658178794413
MGMT   ,167     ,"TAYLOR, BLAIR HAMILTON",117.0,3.611111111111111,0.4609128396714276
URBN PL,M256    ,"TAYLOR, BRIAN D",25.0,3.516,0.4513801058974576
PUB PLC,M244    ,"TAYLOR, BRIAN D",27.0,3.5296296296296297,0.29289716918174147
URBN PL,M255    ,"TAYLOR, BRIAN D",88.0,3.3818181818181814,0.7333834192763166
PUB PLC,M220    ,"TAYLOR, BRIAN D",19.0,3.21578947368421,0.360209234363551
URBN PL,M250    ,"TAYLOR, BRIAN D",38.0,3.5421052631578944,0.33766347225990406
ART    ,140     ,"TAYLOR, CAMILLA",78.0,3.7115384615384617,0.5394633537685127
AF AMER,M103B   ,"TAYLOR, DOMINIC ANTHONY",13.0,3.56923076923077,0.6425724926294493
AF AMER,M103A   ,"TAYLOR, DOMINIC ANTHONY",14.0,3.621428571428571,0.5101520381619742
THEATER,M103A   ,"TAYLOR, DOMINIC ANTHONY",24.0,3.129166666666667,1.0998026969516952
THEATER,13      ,"TAYLOR, DOMINIC ANTHONY",204.0,3.8465686274509805,0.3684067314804072
THEATER,M103B   ,"TAYLOR, DOMINIC ANTHONY",24.0,3.5833333333333335,0.9035424112286533
THEATER,M103E   ,"TAYLOR, DOMINIC ANTHONY",44.0,3.6159090909090907,0.9160049577620354
AF AMER,M103J   ,"TAYLOR, DOMINIC ANTHONY",14.0,3.7785714285714285,0.35692850710425683
THEATER,131A    ,"TAYLOR, DOMINIC ANTHONY",26.0,4.0,0.0
THEATER,M103J   ,"TAYLOR, DOMINIC ANTHONY",25.0,3.7599999999999993,0.4766550115125195
PHILOS ,168     ,"TAYLOR, PAUL C",53.0,3.5528301886792457,0.8415178948724326
PHILOS ,2       ,"TAYLOR, PAUL C",242.0,3.840909090909091,0.36229867592707593
PHILOS ,161     ,"TAYLOR, PAUL C",46.0,3.6391304347826083,1.0424632744797016
ETHNMUS,30      ,"TAYLOR, TIMOTHY D",385.0,3.3402597402597403,0.8427012442618392
ETHNMUS,181     ,"TAYLOR, TIMOTHY D",35.0,3.545714285714286,0.6651929288958665
WL ARTS,177XP   ,"TAYLOR, WILNA",22.0,4.0,0.0
WL ARTS,160     ,"TAYLOR, WILNA",10.0,3.94,0.11999999999999993
JAPAN  ,3       ,"TAYLOR, YUKI",29.0,3.6620689655172414,0.7653774336452653
JAPAN  ,2       ,"TAYLOR, YUKI",59.0,3.5915254237288137,0.7513351134769788
JAPAN  ,1       ,"TAYLOR, YUKI",129.0,3.741085271317829,0.5573487076113922
AM IND ,M10     ,"TEETER, WENDY GIDDENS",77.0,3.8402597402597407,0.5004568666649908
PSYCH  ,167     ,"TEHRANIAN, YALDA J",359.0,3.8526462395543173,0.4250347718773142
HIST   ,139A    ,"TEJADA, VIVIEN",40.0,3.6424999999999996,0.6591234709824859
HIST   ,187D    ,"TEJADA, VIVIEN",21.0,3.6285714285714286,0.30572763655761004
BIOSTAT,406     ,"TELESCA, DONATELLO",125.0,3.9248000000000003,0.2065549805741803
BIOSTAT,202C    ,"TELESCA, DONATELLO",16.0,3.90625,0.1390537216330436
BIOSTAT,276     ,"TELESCA, DONATELLO",20.0,4.0,0.0
BIOSTAT,250C    ,"TELESCA, DONATELLO",12.0,3.9,0.14142135623730942
ECON   ,102     ,"TEODORO GUERREIRO, JOAO PEDRO",653.0,2.9978560490045942,0.8831561445196237
ECON   ,221A    ,"TEODORO GUERREIRO, JOAO PEDRO",9.0,4.0,0.0
MGMTFE ,403     ,"TEOH, SIEW HONG",96.0,3.490625,0.4163527463281586
MGMTFT ,403     ,"TEOH, SIEW HONG",389.0,3.505912596401028,0.4319394923000511
EDUC   ,M103    ,"TERANISHI, ROBERT",218.0,3.9958715596330276,0.034949793851009964
ASIA AM,M114    ,"TERANISHI, ROBERT",37.0,4.0,0.0
EDUC   ,299C    ,"TERANISHI, ROBERT",10.0,4.0,0.0
ASIA AM,M114    ,"TERANISHI, ROBERT T",18.0,4.0,0.0
EDUC   ,M103    ,"TERANISHI, ROBERT T",27.0,3.988888888888889,0.05665577237325313
MGMTEX ,260B    ,"TERECH, ANDRES",59.0,3.552542372881356,0.3346416916103865
MGMTEX ,421     ,"TERECH, ANDRES",50.0,3.658,0.30795454209996653
MGMTEX ,439     ,"TERECH, ANDRES",95.0,3.5568421052631582,0.33297783443819023
MGMT   ,266A    ,"TERECH, ANDRES",336.0,3.544047619047619,0.33026006724722357
MGMTGEX,440     ,"TERECH, ANDRES",25.0,3.48,0.31368774282716255
MGMTEX ,440     ,"TERECH, ANDRES",103.0,3.59126213592233,0.31779177285828025
MGMT   ,261A    ,"TERECH, ANDRES",20.0,3.565,0.330567693521312
MGMT   ,260B    ,"TERECH, ANDRES",81.0,3.6370370370370373,0.3187337773918543
MGMT   ,262     ,"TERECH, ANDRES",19.0,3.5578947368421048,0.33766347225990406
HIST   ,112D    ,"TERRACIANO, KEVIN B",28.0,3.8714285714285714,0.3216665785485058
HIST   ,8A      ,"TERRACIANO, KEVIN B",1526.0,3.7039973787680207,0.5305018865483884
HIST   ,112BD   ,"TERRACIANO, KEVIN B",28.0,3.8714285714285714,0.3216665785485058
HIST   ,204A    ,"TERRACIANO, KEVIN B",29.0,3.9793103448275864,0.07601864718982272
CCAS   ,M129    ,"TERRIQUEZ, VERONICA",26.0,3.757692307692307,0.37843104942855527
CCAS   ,M129B   ,"TERRIQUEZ, VERONICA",10.0,3.4,1.1644741302407708
URBN PL,224     ,"TERRIQUEZ, VERONICA",93.0,3.923655913978495,0.24203343297998856
COM SCI,C174C   ,"TERZOPOULOS, DEMETRI",186.0,3.3688172043010756,0.8173493080176402
COM SCI,269     ,"TERZOPOULOS, DEMETRI",98.0,4.0,0.0
COM SCI,275     ,"TERZOPOULOS, DEMETRI",128.0,3.8828125,0.40545294405608895
M PHARM,292     ,"TESLAA, TARA ANN",10.0,3.97,0.08999999999999996
FILM TV,C181A   ,"THAN, LINH-THY THAI",19.0,3.7526315789473683,0.4271920818463795
LAW    ,449     ,"THAXTON, SHEROD",16.0,3.53125,0.27999720980752657
LAW    ,295     ,"THAXTON, SHEROD",75.0,3.5853333333333337,0.36540145350316033
LAW    ,120     ,"THAXTON, SHEROD",94.0,3.4553191489361703,0.36308870649230396
LAW    ,299     ,"THAXTON, SHEROD",28.0,3.617857142857143,0.351581702990288
LAW    ,309     ,"THAXTON, SHEROD",81.0,3.477777777777778,0.34995590551163613
LAW    ,429     ,"THAXTON, SHEROD",39.0,3.5717948717948715,0.29781143401506904
LAW    ,296     ,"THAXTON, SHEROD",23.0,3.595652173913043,0.3223261390060982
ANTHRO ,149     ,"THEIN, SEINENU MYINT",109.0,3.7633027522935785,0.5659546697020552
ANTHRO ,169     ,"THEIN, SEINENU MYINT",26.0,3.5923076923076924,0.5810620759391156
ANTHRO ,130     ,"THEIN, SEINENU MYINT",344.0,3.8063953488372095,0.5766430776902938
ANTHRO ,140     ,"THEIN, SEINENU MYINT",109.0,3.9302752293577985,0.4198087347710681
POL SCI,160     ,"THIES, MICHAEL F",29.0,3.206896551724138,0.8308412996237748
POL SCI,191D    ,"THIES, MICHAEL F",52.0,3.9134615384615383,0.2253449033011108
POL SCI,50      ,"THIES, MICHAEL F",643.0,2.7967340590979783,1.1211130477444593
AF AMER,184B    ,"THOMAS TOBIN, COURTNEY",12.0,4.0,0.0
COM HLT,210     ,"THOMAS TOBIN, COURTNEY",52.0,3.930769230769231,0.20051708304210886
AF AMER,184A    ,"THOMAS TOBIN, COURTNEY",12.0,4.0,0.0
COM HLT,221     ,"THOMAS TOBIN, COURTNEY",13.0,4.0,0.0
AF AMER,184C    ,"THOMAS TOBIN, COURTNEY",12.0,4.0,0.0
COM HLT,281B    ,"THOMAS TOBIN, COURTNEY SINCLAIR",21.0,3.923809523809523,0.17431433540688693
ENGL   ,145     ,"THOMAS, ARVIND",166.0,3.825301204819277,0.4917006076759616
ENGL   ,142     ,"THOMAS, ARVIND",52.0,3.7576923076923077,0.30781247653410543
ENGL   ,184     ,"THOMAS, ARVIND",38.0,3.7473684210526317,0.6703246825646522
ENGL   ,140A    ,"THOMAS, ARVIND",25.0,3.7680000000000002,0.7795998973832667
ENGL   ,149     ,"THOMAS, ARVIND",101.0,3.6613861386138615,0.7927855761231104
FRNCH  ,60      ,"THOMAS, DOMINIC R",69.0,3.891304347826087,0.19762292482371321
DGT HUM,120     ,"THOMAS, DOMINIC R",120.0,3.904166666666667,0.41480835601783894
FRNCH  ,108     ,"THOMAS, DOMINIC R",41.0,3.9634146341463414,0.09816883803657608
FRNCH  ,142     ,"THOMAS, DOMINIC R",58.0,3.963793103448276,0.09772988083288538
NURSING,204     ,"THOMAS, ELIZABETH ANNE",198.0,3.9020202020202017,0.1989770800362624
NURSING,264     ,"THOMAS, ELIZABETH ANNE",82.0,3.9890243902439027,0.05632245482319748
NURSING,239B    ,"THOMAS, ELIZABETH ANNE",30.0,3.86,0.2537715508089904
SOC WLF,M290L   ,"THOMAS, MARGARET",21.0,3.8619047619047615,0.22141577023928896
SOC WLF,214A    ,"THOMAS, MARGARET",49.0,3.942857142857143,0.16781914463529612
POL SCI,199     ,"THOMPSON, DANIEL",6.0,3.9,0.14142135623730942
POL SCI,40      ,"THOMPSON, DANIEL",920.0,3.5329347826086956,0.7262710567829377
POL SCI,149     ,"THOMPSON, DANIEL",100.0,3.27,0.7907591289387685
PHYSICS,242C    ,"THORNGREN, RYAN GEORGE",6.0,4.0,0.0
PHYSICS,231A    ,"THORNGREN, RYAN GEORGE",22.0,3.8045454545454547,0.8325630048379482
PHYSICS,110A    ,"THORNGREN, RYAN GEORGE",84.0,3.1654761904761903,0.8282934331128483
PHYSICS,231B    ,"THORNGREN, RYAN GEORGE",16.0,4.0,0.0
ANTHRO ,136A    ,"THROOP, CHRISTOPHER J",51.0,3.6117647058823534,0.7133590957846118
ANTHRO ,3       ,"THROOP, CHRISTOPHER J",285.0,3.5378947368421056,0.7331516605319258
EC ENGR,M117    ,"TIAN, YUAN",141.0,3.99290780141844,0.06374304586842928
EC ENGR,117     ,"TIAN, YUAN",45.0,3.986666666666667,0.061824123303304654
EC ENGR,188     ,"TIAN, YUAN",77.0,3.9662337662337666,0.14736683587017438
EC ENGR,209AS   ,"TIAN, YUAN",102.0,3.975490196078431,0.09745413653310224
PHYSCI ,155     ,"TIDBALL, JAMES G",77.0,3.6597402597402593,0.48114035003427164
PHYSCI ,111A    ,"TIDBALL, JAMES G",466.0,3.2759656652360514,0.6978981557010989
URBN PL,271A    ,"TILLY, CHRISTOPHER C",45.0,3.5933333333333337,0.643393779543722
URBN PL,278     ,"TILLY, CHRISTOPHER C",12.0,3.6666666666666665,0.3423773097362357
ENVIRON,163     ,"TIMMER, TYSON",12.0,3.5499999999999994,0.5090841449767088
PATH   ,294     ,"TIMMERMAN, JOHN M",57.0,3.8771929824561404,0.20349364735086345
SOCIOL ,217C    ,"TIMMERMANS, STEFAN",13.0,3.976923076923077,0.0799408065031789
SOCIOL ,138     ,"TIMMERMANS, STEFAN",559.0,3.3347048300536675,0.8536428581864101
SOCIOL ,189     ,"TIMMERMANS, STEFAN",44.0,4.0,0.0
SOCIOL ,250     ,"TIMMERMANS, STEFAN",11.0,4.0,0.0
SOCIOL ,170     ,"TIMMERMANS, STEFAN",415.0,3.4532530120481923,0.8694730552560147
COM SCI,259     ,"TINE, BLAISE",60.0,3.6850000000000005,0.7411308926228889
COM SCI,M151B   ,"TINE, BLAISE",247.0,3.11255060728745,0.8426656497309436
LIFESCI,40      ,"TINGLEY, MORGAN WINN",314.0,3.5487261146496816,0.8481236135377426
EE BIOL,250     ,"TINGLEY, MORGAN WINN",51.0,4.0,0.0
EE BIOL,114A    ,"TINGLEY, MORGAN WINN",23.0,3.743478260869565,0.4816873304437422
EDUC   ,35      ,"TOBIASON, GLORY AMANDA",176.0,3.50625,0.7120837101263254
EDUC   ,150     ,"TOBIASON, GLORY AMANDA",17.0,3.6,0.624028656958863
HNRS   ,130     ,"TOBIN, ALLAN J",19.0,3.789473684210526,0.8931875130777442
SPAN   ,150     ,"TOBIN, STEPHEN CHRISTOPHER",85.0,3.808235294117647,0.44542425637372957
SPAN   ,25      ,"TOBIN, STEPHEN CHRISTOPHER",67.0,3.7373134328358204,0.4824798567895022
SPAN   ,M180    ,"TOBIN, STEPHEN CHRISTOPHER",14.0,3.9785714285714286,0.07726181304565687
SPAN   ,180     ,"TOBIN, STEPHEN CHRISTOPHER",94.0,3.786170212765957,0.6227258308351409
PHYSICS,1A      ,"TODERI, MARTIN ALEJANDRO",83.0,3.275903614457831,0.900681182838559
ITALIAN,102B    ,"TOGNOZZI, ELISSA ANN",40.0,3.745,0.45986411036305064
ITALIAN,42C     ,"TOGNOZZI, ELISSA ANN",90.0,3.717777777777778,0.5845373817107713
CHEM   ,599     ,"TOLBERT, SARAH H",74.0,4.0,0.0
CHEM   ,285     ,"TOLBERT, SARAH H",79.0,3.498734177215189,0.4405099665207019
CHEM   ,228     ,"TOLBERT, SARAH H",64.0,3.9375,0.24206145913796356
MGMT   ,298D    ,"TOLOUI, OMID",86.0,3.4127906976744184,0.4318151283011583
THEATER,134A    ,"TOMITA, NATSUO",30.0,3.926666666666667,0.24485823562942607
THEATER,134D    ,"TOMITA, NATSUO",25.0,3.8280000000000003,0.7835917304310964
THEATER,1A      ,"TOMITA, NATSUO",13.0,4.0,0.0
THEATER,134E    ,"TOMITA, NATSUO",27.0,3.937037037037037,0.2263202387770695
THEATER,134B    ,"TOMITA, NATSUO",31.0,3.935483870967742,0.21634558241428667
THEATER,134C    ,"TOMITA, NATSUO",27.0,3.6703703703703705,0.92968127346591
THEATER,34B     ,"TOMITA, NATSUO",72.0,3.933333333333333,0.1818118685772619
DANCE  ,63      ,"TOMITA, NATSUO",43.0,3.9325581395348834,0.22897235563065313
THEATER,172     ,"TOMITA, NATSUO",28.0,4.0,0.0
THEATER,34C     ,"TOMITA, NATSUO",59.0,3.810169491525424,0.6408931572963101
THEATER,134F    ,"TOMITA, NATSUO",24.0,4.0,0.0
THEATER,1C      ,"TOMITA, NATSUO",36.0,3.9444444444444446,0.32867109906108977
DANCE  ,C113A   ,"TOMITA, NATSUO",247.0,3.939676113360324,0.2275656606679892
THEATER,34A     ,"TOMITA, NATSUO",65.0,3.8923076923076922,0.4111176856804995
THEATER,1B      ,"TOMITA, NATSUO",10.0,4.0,0.0
PSYCH  ,151     ,"TOMIYAMA, JANET",79.0,3.9341772151898735,0.1868364721593557
PSYCH  ,150     ,"TOMIYAMA, JANET",904.0,3.7731194690265486,0.44492815754138265
PSYCH  ,189     ,"TOMIYAMA, JANET",15.0,4.0,0.0
PSYCH  ,222F    ,"TOMIYAMA, JANET",21.0,4.0,0.0
COM HLT,M217    ,"TOMIYAMA, JANET",10.0,4.0,0.0
MOL BIO,254C    ,"TON-THAT, HUNG",21.0,3.7190476190476187,0.30334492016443787
MATH   ,32A     ,"TONG, MELISSA Y",40.0,3.2224999999999993,0.9709499214686615
MECH&AE,154S    ,"TOOHEY, DAMIAN M",84.0,3.522619047619048,0.44463767766473966
MECH&AE,154B    ,"TOOHEY, DAMIAN M",52.0,3.696153846153846,0.6513186442374891
MECH&AE,154A    ,"TOOHEY, DAMIAN M",81.0,3.8814814814814813,0.20554721371128307
ECON   ,281B    ,"TORNELL, AARON",19.0,3.757894736842105,0.270118472007502
ECON   ,444     ,"TORNELL, AARON",48.0,3.8833333333333333,0.18181186857726186
ECON   ,106ML   ,"TORNELL, AARON",139.0,3.325179856115108,0.6079915662492328
ECON   ,409     ,"TORNELL, AARON",441.0,3.8018140589569165,0.3042352173347866
ECON   ,123     ,"TORNELL, AARON",308.0,3.491883116883117,0.5107598992188259
ECON   ,106M    ,"TORNELL, AARON",139.0,3.325179856115108,0.6079915662492327
ECON   ,123L    ,"TORNELL, AARON",308.0,3.491883116883117,0.5107598992188259
ECON   ,410     ,"TORNELL, AARON",1576.0,3.9466370558375634,0.2597125710098964
LING   ,1       ,"TORRENCE, WILLIAM HAROLD",898.0,3.4468819599109133,0.8150834938087355
LING   ,210A    ,"TORRENCE, WILLIAM HAROLD, JR",10.0,4.0,0.0
LING   ,1       ,"TORRENCE, WILLIAM HAROLD, JR",451.0,3.5718403547671844,0.6955869325410199
LING   ,210B    ,"TORRENCE, WILLIAM HAROLD, JR",10.0,4.0,0.0
POL SCI,170A    ,"TORRES PACHECO, SILVIA MICHELLE",153.0,3.5960784313725487,0.7671253830539334
POL SCI,209     ,"TORRES PACHECO, SILVIA MICHELLE",14.0,4.0,0.0
POL SCI,200A    ,"TORRES PACHECO, SILVIA MICHELLE",26.0,3.773076923076923,0.7723877525159798
EDUC   ,109B    ,"TORRES, CARLOS ALBERTO",92.0,3.989130434782609,0.07865240223967629
EDUC   ,M253A   ,"TORRES, CARLOS ALBERTO",22.0,4.0,0.0
EDUC   ,295     ,"TORRES, CARLOS ALBERTO",15.0,4.0,0.0
CHEM   ,C232A   ,"TORRES, JORGE",62.0,3.979032258064516,0.10181751033604278
CHEM   ,153B    ,"TORRES, JORGE",97.0,3.909278350515464,0.2454041372149778
CHEM   ,C132A   ,"TORRES, JORGE",40.0,3.96,0.1319090595827292
CHEM   ,C150    ,"TORRES, JORGE",23.0,3.9695652173913043,0.14275178399462615
ENGL   ,137     ,"TORRES, JUSTIN JOHN",45.0,3.9177777777777782,0.18292547224228153
ENGL   ,137B    ,"TORRES, JUSTIN JOHN",13.0,4.0,0.0
ENGL   ,174C    ,"TORRES, JUSTIN JOHN",32.0,3.94375,0.1170937124699699
GENDER ,M104C   ,"TORRES-GIL, FERNANDO M",10.0,3.8200000000000003,0.1469693845669906
PUB AFF,M131    ,"TORRES-GIL, FERNANDO M",45.0,3.882222222222222,0.18413628876325863
SOC WLF,214B    ,"TORRES-GIL, FERNANDO M",33.0,3.9515151515151516,0.14380376385096572
MATH   ,131C    ,"TOTARO, BURT",15.0,3.293333333333334,0.6557099629832961
MATH   ,110AH   ,"TOTARO, BURT",25.0,3.2,0.9935793878699376
MATH   ,214A    ,"TOTARO, BURT",47.0,3.774468085106383,0.6207298672775265
MATH   ,215A    ,"TOTARO, BURT",20.0,3.785,0.3539420856580918
MATH   ,216A    ,"TOTARO, BURT",11.0,3.7,0.41120665010540514
NURSING,150A    ,"TOTTEN, GLENDA GALIDO",244.0,3.778688524590164,0.35337471594373443
NURSING,162B    ,"TOTTEN, GLENDA GALIDO",60.0,3.8950000000000005,0.18567444627627142
NURSING,150B    ,"TOTTEN, GLENDA GALIDO",245.0,3.6689795918367345,0.2939126963111574
GERMAN ,1       ,"TOVEY, CARA E",69.0,3.534782608695653,0.6734781205265523
GERMAN ,6       ,"TOVEY, CARA E",19.0,3.736842105263158,0.6342924166392769
GERMAN ,5       ,"TOVEY, CARA E",18.0,3.633333333333333,0.7431165603202652
GERMAN ,3       ,"TOVEY, CARA E",13.0,3.769230769230769,0.5756395979652217
GERMAN ,2       ,"TOVEY, CARA E",41.0,3.521951219512195,0.9618356928600064
GERMAN ,104     ,"TOVEY, CARA E",23.0,3.717391304347826,0.3829543892844312
POL SCI,139     ,"TRAGER, ROBERT",87.0,3.648275862068965,0.40424815098931477
POL SCI,129     ,"TRAGER, ROBERT",105.0,3.5828571428571427,0.48431731881703594
NEUROSC,M176    ,"TRAMO, MARK J",70.0,3.8128571428571427,0.5437755389263974
NEUROSC,M170    ,"TRAMO, MARK J",117.0,3.88974358974359,0.24888971071527696
NEUROSC,17      ,"TRAMO, MARK J",300.0,3.6703333333333337,0.5063791947630638
MSC IND,M103    ,"TRAMO, MARK J",98.0,3.788775510204082,0.5058600784723841
EDUC   ,173     ,"TRAN, MINH CONG",225.0,3.9804444444444447,0.09919577848444863
ART    ,133     ,"TRAN, TAM VAN",18.0,3.7944444444444443,0.3894044201972235
GENDER ,M180B   ,"TRAWEEK, SHARON J",69.0,3.8449275362318844,0.40879328672416027
HIST   ,M180B   ,"TRAWEEK, SHARON J",26.0,3.8846153846153846,0.4035346784185847
GENDER ,187     ,"TRAWEEK, SHARON J",88.0,3.975,0.12177662113289829
GENDER ,134     ,"TRAWEEK, SHARON J",48.0,3.6520833333333336,0.894890492214302
POL SCI,240A    ,"TREISMAN, DANIEL SIMON",20.0,3.8899999999999997,0.18681541692269404
POL SCI,156A    ,"TREISMAN, DANIEL SIMON",356.0,3.701404494382022,0.4119332939099314
POL SCI,169     ,"TREJO, ALFREDO",35.0,3.4171428571428573,1.166554319177567
POL SCI,169     ,"TREJO, ALFREDO, III",10.0,3.4,0.5966573556070519
ASTR   ,5       ,"TREU, TOMMASO L",400.0,2.955249999999999,1.1043878111877186
ASTR   ,3       ,"TREU, TOMMASO L",269.0,3.205576208178439,0.9979190908336738
PHYSICS,188     ,"TREU, TOMMASO L",14.0,3.4857142857142853,0.5755210593852481
EPS SCI,3       ,"TREUDE, TINA IRENE",858.0,3.765034965034965,0.5274637482997796
EPS SCI,15      ,"TREUDE, TINA IRENE",1281.0,3.6700234192037464,0.5626196805961251
MGMTFE ,405     ,"TRICAUD, CLEMENCE",311.0,3.42540192926045,0.45951646877632557
MGMTFT ,405     ,"TRICAUD, CLEMENCE",303.0,3.4181518151815182,0.4410838923090039
FILM TV,4       ,"TRICE, JASMINE NADUA",1802.0,3.751165371809101,0.6416986997530987
FILM TV,215     ,"TRICE, JASMINE NADUA",11.0,3.8909090909090907,0.14431370787625034
FILM TV,219     ,"TRICE, JASMINE NADUA",14.0,3.892857142857143,0.1437472271249864
ENVIRON,10      ,"TRIPATI, ARADHNA K",93.0,3.629032258064516,0.850626669075343
EPS SCI,C113    ,"TRIPATI, ARADHNA K",15.0,4.0,0.0
POL SCI,114B    ,"TROJAN, CODY",327.0,3.4666666666666663,0.7421076412988955
POL SCI,10      ,"TROJAN, CODY",286.0,3.832867132867133,0.36196360821910856
POL SCI,114A    ,"TROJAN, CODY",435.0,3.5091954022988507,0.6960697850977211
POL SCI,111C    ,"TROJAN, CODY",107.0,3.5887850467289724,0.516698198720923
POL SCI,119     ,"TROJAN, CODY",429.0,3.346853146853147,0.8010893686533054
POL SCI,145C    ,"TROJAN, CODY",113.0,3.436283185840708,0.7639049594435271
PSYCH  ,100A    ,"TROTT, JEREMY MICHAEL",1243.0,3.672083668543846,0.5839233295438506
PSYCH  ,110     ,"TROTT, JEREMY MICHAEL",1205.0,3.3742738589211623,0.7228473491315573
PSYCH  ,M116A   ,"TROTT, JEREMY MICHAEL",26.0,3.2653846153846158,0.8494080779226418
PSYCH  ,112B    ,"TROTT, JEREMY MICHAEL",364.0,3.6217032967032967,0.6109768434040237
NEUROSC,M101C   ,"TROTT, JEREMY MICHAEL",201.0,3.5368159203980096,0.5844058180276364
CLUSTER,73A     ,"TROTT, JEREMY MICHAEL",253.0,3.6525691699604743,0.4931580495300742
NEUROSC,M101B   ,"TROTT, JEREMY MICHAEL",409.0,3.4970660146699277,0.6711601443823557
PSYCH  ,118     ,"TROTT, JEREMY MICHAEL",367.0,3.6286103542234334,0.5559918629965759
PHYSCI ,M180C   ,"TROTT, JEREMY MICHAEL",12.0,3.733333333333333,0.3009245014211298
PSYCH  ,115     ,"TROTT, JEREMY MICHAEL",260.0,3.6761538461538463,0.5563346870577717
ECON   ,436     ,"TRUEMAN, BRETT MICHAEL",94.0,3.4180851063829794,0.5761136793032325
ITALIAN,1       ,"TRUONG, HOANG THY MY",271.0,3.4937269372693724,0.8875509149022135
ITALIAN,3       ,"TRUONG, HOANG THY MY",84.0,3.673809523809524,0.5303006891016436
ITALIAN,2       ,"TRUONG, HOANG THY MY",169.0,3.533727810650888,0.7959131984105318
MGMTMFE,431     ,"TSAI, BENJAMIN S",91.0,3.3934065934065933,0.48715414845008903
ECON   ,454     ,"TSAI, BENJAMIN S",36.0,3.266666666666667,0.5734883511361751
ENV HLT,C252D   ,"TSAI, CANDACE SJ",12.0,3.891666666666667,0.28124228384477007
ENV HLT,255     ,"TSAI, CANDACE SJ",10.0,4.0,0.0
ENV HLT,280     ,"TSAI, CANDACE SJ",10.0,3.91,0.13747727084867511
ENV HLT,112     ,"TSAI, CANDACE SJ",10.0,3.94,0.11999999999999993
ENV HLT,C200A   ,"TSAI, CANDACE SJ",62.0,3.9080645161290324,0.19862299114619794
MED    ,185     ,"TSANG, WAH",31.0,3.390322580645161,0.5854994221697253
MECH&AE,162D    ,"TSAO, TSU-CHIN",35.0,4.0,0.0
MECH&AE,162E    ,"TSAO, TSU-CHIN",35.0,3.8142857142857145,0.31180841841733264
MECH&AE,171B    ,"TSAO, TSU-CHIN",53.0,3.8056603773584907,0.5618080966723868
MECH&AE,107     ,"TSAO, TSU-CHIN",133.0,2.881954887218045,1.081619127888584
MECH&AE,277     ,"TSAO, TSU-CHIN",40.0,3.9924999999999997,0.04683748498798796
BIOMATH,M260A   ,"TSENG, CHI-HONG",17.0,4.0,0.0
MGMT   ,M271A   ,"TSENG, HSIAN-RONG",10.0,3.94,0.11999999999999993
BIOENGR,M233B   ,"TSENG, HSIAN-RONG",46.0,3.993478260869565,0.043749156081517596
BIOENGR,M233A   ,"TSENG, HSIAN-RONG",94.0,3.8851063829787233,0.17379215197159262
PHYSICS,112     ,"TSERKOVNYAK, YAROSLAV",38.0,3.155263157894737,0.7400915193837259
PHYSICS,242B    ,"TSERKOVNYAK, YAROSLAV",9.0,3.966666666666667,0.09428090415820628
PHYSICS,115A    ,"TSERKOVNYAK, YAROSLAV",34.0,2.7823529411764705,1.03454183898429
PHYSICS,241C    ,"TSERKOVNYAK, YAROSLAV",9.0,3.933333333333333,0.12472191289246465
PHYSICS,1A      ,"TSERKOVNYAK, YAROSLAV",82.0,2.963414634146341,0.8672232383600519
PHYSICS,242A    ,"TSERKOVNYAK, YAROSLAV",15.0,3.893333333333333,0.19821424996424675
PHYSICS,221B    ,"TSERKOVNYAK, YAROSLAV",30.0,3.726666666666667,0.3932203227482301
PHYSICS,221C    ,"TSERKOVNYAK, YAROSLAV",11.0,3.8181818181818183,0.2690663379445226
PHYSICS,221A    ,"TSERKOVNYAK, YAROSLAV",32.0,3.521875,0.5377815396376117
STATS  ,400     ,"TSIANG, MICHAEL",84.0,3.9928571428571424,0.0457366016959489
STATS  ,13      ,"TSIANG, MICHAEL",290.0,3.8710344827586205,0.44184834992130584
STATS  ,100C    ,"TSIANG, MICHAEL",141.0,3.8113475177304963,0.35110609388118713
STATS  ,404     ,"TSIANG, MICHAEL",85.0,3.9788235294117653,0.07684073314262552
STATS  ,102C    ,"TSIANG, MICHAEL",71.0,3.7309859154929574,0.47666433380899215
STATS  ,147     ,"TSIANG, MICHAEL",216.0,3.995833333333334,0.03510895738823481
STATS  ,10      ,"TSIANG, MICHAEL",219.0,3.768949771689498,0.4881652278835105
STATS  ,184     ,"TSIANG, MICHAEL",81.0,3.964197530864198,0.14682537034388646
STATS  ,102B    ,"TSIANG, MICHAEL",303.0,3.820792079207921,0.3641483119177879
STATS  ,20      ,"TSIANG, MICHAEL",1449.0,3.6984817115251896,0.5846416324103008
STATS  ,167     ,"TSIANG, MICHAEL",79.0,3.984810126582279,0.0657740813000839
DANCE  ,10      ,"TSOU, JASON C",213.0,3.9849765258215966,0.16086510376270968
DANCE  ,60      ,"TSOU, JASON C",34.0,3.9029411764705877,0.5078705799232291
ART    ,279     ,"TUAZON, OSCAR",10.0,3.8,0.2756809750418045
SOC WLF,401C    ,"TUAZON, STEPHANIE NEAL",26.0,4.0,0.0
PHILOS ,22      ,"TULIPANA, PAUL ANDREW",198.0,3.220707070707071,0.8457412653582673
MCD BIO,60      ,"TULIPANA, PAUL ANDREW",715.0,3.911468531468531,0.23854441477620122
MCD BIO,191     ,"TULIPANA, PAUL ANDREW",22.0,3.6090909090909093,0.2921847032725128
PHYSICS,1A      ,"TUNG, NATHAN C",441.0,3.279138321995465,0.859108952200697
PHYSICS,5C      ,"TUNG, NATHAN C",951.0,3.4891692954784443,0.7301516225750138
PHYSICS,1C      ,"TUNG, NATHAN C",439.0,3.024145785876993,1.0052527812172973
PHYSICS,5A      ,"TUNG, NATHAN C",2242.0,3.3899197145405893,0.8667184066401492
PHYSICS,1B      ,"TUNG, NATHAN C",351.0,3.5786324786324797,0.6039512432674377
EDUC   ,92F     ,"TUNSTALL, JONLI DANIECE",22.0,3.877272727272727,0.31324085734581913
EDUC   ,98      ,"TUNSTALL, JONLI DANIECE",186.0,3.681182795698925,0.47294626638425613
ENGCOMP,52      ,"TUNSTALL, JONLI DANIECE",34.0,3.4970588235294118,0.3641955632685526
AF AMER,C191    ,"TUNSTALL, JONLI DANIECE",13.0,3.976923076923077,0.0799408065031789
PSYCH  ,273C    ,"TUOHY, DANIELLE",23.0,4.0,0.0
PSYCH  ,273B    ,"TUOHY, DANIELLE",21.0,3.9714285714285715,0.08806305718527103
PSYCH  ,273A    ,"TUOHY, DANIELLE",31.0,3.990322580645161,0.053005408790822495
BMD RES,193H    ,"TURLO, KIRSTEN ANN",109.0,4.0,0.0
BMD RES,1A      ,"TURLO, KIRSTEN ANN",284.0,3.826408450704225,0.5073819040410329
BMD RES,5HB     ,"TURLO, KIRSTEN ANN",65.0,3.9846153846153847,0.09320080757452899
ENGL   ,139     ,"TURNER, CASS",71.0,3.65774647887324,0.7741714283773141
ENGL   ,118A    ,"TURNER, CASS",36.0,3.6944444444444446,0.6810712331991111
ENGL   ,182C    ,"TURNER, CASS",11.0,3.727272727272727,0.34926132204179183
ENGL   ,M101A   ,"TURNER, CASS",20.0,3.8899999999999997,0.18681541692269404
ENGL   ,169     ,"TURNER, CASS",44.0,3.6340909090909097,0.7173002356748348
ENGL   ,133     ,"TURNER, CASS",33.0,3.5212121212121215,0.7235257008932552
PUB AFF,112     ,"TURNER, DAVID CHARLES",228.0,3.857456140350877,0.6203328356807333
SOC WLF,290T    ,"TURNER, DAVID CHARLES",59.0,3.961016949152542,0.1402382345317804
ASTR   ,3       ,"TURNER, JEAN L",398.0,3.38140703517588,0.6838084528225075
ASTR   ,115     ,"TURNER, JEAN L",48.0,3.5229166666666667,0.4996830592707964
ASTR   ,127     ,"TURNER, JEAN L",40.0,3.7424999999999997,0.5611984942959131
ASTR   ,273     ,"TURNER, JEAN L",18.0,3.822222222222222,0.22986845406196893
GJ STDS,122B    ,"TURNER, MARK FREMONT",16.0,3.2874999999999996,0.8146126380065558
GJ STDS,129B    ,"TURNER, MARK FREMONT",21.0,4.0,0.0
GJ STDS,129C    ,"TURNER, MARK FREMONT",22.0,4.0,0.0
ASTR   ,141     ,"TURNER, MICHAEL S",50.0,3.566,0.5159883719620046
AF AMER,M104E   ,"TURNER, PATRICIA A",16.0,3.2125000000000004,0.7833222516946649
WL ARTS,120     ,"TURNER, PATRICIA A",17.0,3.3529411764705883,0.7904709296725841
URBN PL,269     ,"TURNER, VICTORIA KELLY",13.0,3.930769230769231,0.12639751327042287
PUB AFF,M160    ,"TURNER, VICTORIA KELLY",76.0,3.960526315789474,0.17996998826443336
URBN PL,M265    ,"TURNER, VICTORIA KELLY",61.0,3.9180327868852465,0.1644745201466755
URBN PL,260A    ,"TURNER, VICTORIA KELLY",33.0,4.0,0.0
ASTR   ,3       ,"TURYSHEV, SLAVA G",140.0,3.7128571428571426,0.5398204539001644
HIST   ,97K     ,"TUTINO, STEFANIA",12.0,3.7583333333333333,0.5453719423985393
HIST   ,C191K   ,"TUTINO, STEFANIA",15.0,3.933333333333333,0.24944382578492943
HIST   ,1B      ,"TUTINO, STEFANIA",458.0,3.5888646288209602,0.5483066620500274
HIST   ,94      ,"TUTINO, STEFANIA",122.0,3.434426229508197,0.8187125530721479
BIOINFO,202     ,"TWARD, DANIEL JACOB",35.0,4.0,0.0
DS BMED,207     ,"TWARD, DANIEL JACOB",18.0,3.9000000000000004,0.14142135623730942
C&S BIO,M187    ,"TWARD, DANIEL JACOB",163.0,3.834355828220859,0.5247705157925443
BIOMATH,208     ,"TWARD, DANIEL JACOB",12.0,3.9,0.14142135623730942
MATH   ,155     ,"TYMOCHKO, SARAH JANE",103.0,3.603883495145631,0.6362698227933592
MATH   ,134     ,"TYMOCHKO, SARAH JANE",190.0,3.1763157894736844,0.9599984129719107
MATH   ,142     ,"TYMOCHKO, SARAH JANE",46.0,3.1499999999999995,0.9645341294928458
ARCH&UD,103     ,"ULICKI, HOLLY ROSE",28.0,3.810714285714286,0.2663768620827666
MGMTEX ,440     ,"ULLMEN, JOHN B",101.0,3.994059405940594,0.041795783998426574
MGMTEX ,422     ,"ULLMEN, JOHN B",198.0,3.4959595959595964,0.4776667178242676
MGMTEX ,409     ,"ULLMEN, JOHN B",358.0,3.8784916201117317,0.21794100910413935
MGMTEX ,439     ,"ULLMEN, JOHN B",168.0,3.9232142857142858,0.18611735106471655
MGMTFE ,409     ,"ULLMEN, JOHN B",114.0,3.843859649122807,0.42199091362116353
MGMT   ,298E    ,"ULLMEN, JOHN B",83.0,4.0,0.0
MGMT   ,285B    ,"ULLMEN, JOHN B",350.0,3.945142857142857,0.1518151400048555
MGMT   ,284C    ,"ULLMEN, JOHN B",137.0,3.9788321167883214,0.12696953881159903
MGMT   ,180     ,"ULLMEN, JOHN B",38.0,4.0,0.0
MGMTFT ,421A    ,"ULLMEN, JOHN B",97.0,3.95979381443299,0.10220234005273172
MGMT   ,182     ,"ULLMEN, JOHN B",55.0,4.0,0.0
ASIA AM,131B    ,"UMEMOTO, KAREN N",16.0,3.71875,0.3694907813464363
WL ARTS,C145    ,"UNGPRATEEB FLYNN, ALEX",19.0,3.8157894736842106,0.2700159018606455
WL ARTS,124     ,"UNGPRATEEB FLYNN, ALEX",82.0,3.723170731707317,0.5390368059490532
WL ARTS,C245    ,"UNGPRATEEB FLYNN, ALEX",10.0,3.9,0.3
MGMT   ,298D    ,"UNZUETA, MIGUEL M",30.0,3.9766666666666666,0.12565384549980513
MGMTGEX,409     ,"UNZUETA, MIGUEL M",56.0,3.7553571428571426,0.3139151630486121
MGMT   ,286     ,"UNZUETA, MIGUEL M",172.0,3.735465116279069,0.38272024203959604
MGMTGEX,404     ,"UNZUETA, MIGUEL M",21.0,3.7952380952380946,0.3359084207342552
MGMTEX ,439     ,"UNZUETA, MIGUEL M",33.0,3.687878787878788,0.3062555634696398
COM HLT,276     ,"UPCHURCH, DAWN M",13.0,4.0,0.0
COM HLT,226     ,"UPCHURCH, DAWN M",10.0,4.0,0.0
COM HLT,210     ,"UPCHURCH, DAWN M",17.0,3.9823529411764707,0.0705882352941176
ASIA AM,143B    ,"UPERESA, LISA",31.0,2.919354838709677,0.9756451479583401
MUSCLG ,125A    ,"UPTON, ELIZABETH RANDELL",142.0,3.7584507042253525,0.6610110648480982
MUSCLG ,68      ,"UPTON, ELIZABETH RANDELL",1218.0,3.9345648604269288,0.3489778875375478
MUSCLG ,12W     ,"UPTON, ELIZABETH RANDELL",63.0,3.6587301587301586,0.8929414422285378
MUSCLG ,168     ,"UPTON, ELIZABETH RANDELL",10.0,3.97,0.08999999999999996
THEATER,50      ,"VACCHIANO, JESSICA LYNN",37.0,3.7648648648648653,0.49822181981372043
THEATER,72      ,"VACCHIANO, JESSICA LYNN",33.0,3.839393939393939,0.3401776665387572
MECH&AE,105D    ,"VALDARNO, LUCA",166.0,2.9584337349397587,0.9740710519688185
CCAS   ,191     ,"VALENZUELA, ABEL, JR",61.0,3.9803278688524593,0.07426066657643357
LBR STD,10      ,"VALENZUELA, ABEL, JR",257.0,3.6852140077821014,0.4754019934413237
POL SCI,169     ,"VALENZUELA, NALLELY",25.0,3.8280000000000003,0.32804877686100276
ART    ,276     ,"VALENZUELA, RODRIGO A",12.0,3.891666666666667,0.35930101895516825
ART    ,11B     ,"VALENZUELA, RODRIGO A",29.0,3.9586206896551723,0.10344827586206891
ART    ,C280    ,"VALENZUELA, RODRIGO A",43.0,4.0,0.0
ART    ,147     ,"VALENZUELA, RODRIGO A",30.0,3.9600000000000004,0.10198039027185564
ART    ,147A    ,"VALENZUELA, RODRIGO A",11.0,3.972727272727273,0.0862439361864103
ART    ,150     ,"VALENZUELA, RODRIGO A",28.0,3.975,0.12990381056766584
ART    ,274     ,"VALENZUELA, RODRIGO A",89.0,4.0,0.0
SPAN   ,5       ,"VAN DELDEN, MAARTEN H",18.0,4.0,0.0
SPAN   ,4       ,"VAN DELDEN, MAARTEN H",18.0,4.0,0.0
SPAN   ,120     ,"VAN DELDEN, MAARTEN H",133.0,3.3947368421052633,0.775500400127264
SPAN   ,140     ,"VAN DELDEN, MAARTEN H",17.0,3.6411764705882352,0.37894408019779785
SPAN   ,3A      ,"VAN DELDEN, MAARTEN H",37.0,3.9405405405405403,0.22234555460760141
SPAN   ,290     ,"VAN DELDEN, MAARTEN H",22.0,3.8636363636363638,0.14937887931959065
SPAN   ,2A      ,"VAN DELDEN, MAARTEN H",37.0,3.9405405405405403,0.22234555460760141
SPAN   ,44      ,"VAN DELDEN, MAARTEN H",122.0,3.466393442622951,0.7168476820784616
COM SCI,267A    ,"VAN DEN BROECK, GUY",168.0,3.7839285714285715,0.2883306545036976
COM SCI,269     ,"VAN DEN BROECK, GUY",36.0,4.0,0.0
COM SCI,161     ,"VAN DEN BROECK, GUY",684.0,3.2032163742690063,0.7378577772043919
ARCH&UD,403C    ,"VAN LEUWEN-HALL, TUCKER HULBERT",26.0,3.861538461538461,0.2661360598770184
ARCH&UD,289     ,"VAN LEUWEN-HALL, TUCKER HULBERT",100.0,3.7569999999999997,0.413824842173594
ARCH&UD,223     ,"VAN LEUWEN-HALL, TUCKER HULBERT",31.0,3.774193548387097,0.2828059199264992
ARCH&UD,401     ,"VAN LEUWEN-HALL, TUCKER HULBERT",107.0,3.807476635514019,0.3161393678765593
LAW    ,309     ,"VAN SCHILFGAARDE, LAUREN V",142.0,3.5077464788732393,0.3595916979689118
LAW    ,287     ,"VAN SCHILFGAARDE, LAUREN V",11.0,3.6181818181818177,0.3485507184123785
LAW    ,444     ,"VAN SCHILFGAARDE, LAUREN V",41.0,3.61219512195122,0.3307014879351863
LAW    ,728     ,"VAN SCHILFGAARDE, LAUREN V",10.0,4.0,0.0
PHYSCI ,C127    ,"VAN VEEN, JOHN EDWARD",117.0,3.9410256410256412,0.2108808737943804
PHYSCI ,110     ,"VAN VEEN, JOHN EDWARD",91.0,3.9384615384615387,0.19144863068468188
LIFESCI,7C      ,"VAN VEEN, JOHN EDWARD",375.0,3.3018666666666667,0.6561477340423335
INF STD,281     ,"VANCOUR, SHAWN G",20.0,3.8449999999999998,0.19098429254784277
INF STD,484     ,"VANCOUR, SHAWN G",18.0,3.761111111111111,0.1736499956454198
INF STD,480     ,"VANCOUR, SHAWN G",28.0,3.6785714285714284,0.26098322723493017
INF STD,289     ,"VANCOUR, SHAWN G",109.0,3.748623853211009,0.42288104881795424
INF STD,30      ,"VANCOUR, SHAWN G",154.0,3.450649350649351,0.3598785425066646
EC ENGR,236B    ,"VANDENBERGHE, LIEVEN",201.0,3.714925373134329,0.4911921930876283
EC ENGR,133A    ,"VANDENBERGHE, LIEVEN",263.0,3.053231939163498,1.12377479180934
EC ENGR,236C    ,"VANDENBERGHE, LIEVEN",26.0,3.8692307692307697,0.1813819403469476
EC ENGR,133B    ,"VANDENBERGHE, LIEVEN",11.0,3.9181818181818184,0.1336085314245369
LAW    ,700     ,"VANDERHOOFT, CHRISTIAN",16.0,3.9187499999999997,0.187812240016459
LAW    ,108B    ,"VANDERHOOFT, CHRISTIAN",49.0,3.473469387755102,0.3874434838070233
MSC IND,25      ,"VANDERVEER, BRUCE JARROD",146.0,3.7356164383561636,0.5584641029200789
MSC IND,25      ,"VANDERVEER, EBONY RAE",146.0,3.7356164383561636,0.5584641029200789
LAW    ,148     ,"VANDEVELDE, KEN",86.0,3.447674418604651,0.39465225911511265
LAW    ,112     ,"VANDEVELDE, KEN",84.0,3.608333333333333,0.3402409277098934
LAW    ,115     ,"VANDEVELDE, KEN",27.0,3.6296296296296298,0.32977524873410474
COM SCI,216     ,"VARGHESE, GEORGE",53.0,3.8773584905660377,0.17977082836154776
COM SCI,118     ,"VARGHESE, GEORGE",447.0,3.5214765100671146,0.654691937910155
COM SCI,219     ,"VARGHESE, GEORGE",39.0,3.9538461538461536,0.10824036368823294
EPS SCI,M7      ,"VARNEY, ROGER HALE",87.0,3.5919540229885056,0.8225581614211832
A&O SCI,M7      ,"VARNEY, ROGER HALE",48.0,3.7375000000000003,0.4275048732665707
MATH   ,131A    ,"VARVAREZOS, KONSTANTINOS KONTOGEORGAKIS",39.0,3.351282051282051,0.8613858228643478
MATH   ,120A    ,"VARVAREZOS, KONSTANTINOS KONTOGEORGAKIS",110.0,3.1218181818181816,1.0502278383268528
MATH   ,31A     ,"VARVAREZOS, KONSTANTINOS KONTOGEORGAKIS",210.0,3.5538095238095235,0.9034377528322747
MATH   ,131B    ,"VARVAREZOS, KONSTANTINOS KONTOGEORGAKIS",188.0,2.8500000000000005,1.1656200979590037
MATH   ,32B     ,"VARVAREZOS, KONSTANTINOS KONTOGEORGAKIS",421.0,3.6902612826603325,0.6275353729635048
MATH   ,110A    ,"VASHAW, KENT",39.0,3.158974358974359,0.8263971692798928
MATH   ,32A     ,"VASHAW, KENT",347.0,3.3835734870317,0.9002343096788743
MATH   ,115A    ,"VASHAW, KENT",30.0,3.3,0.6408327915038888
MGMTMSA,434     ,"VASHCHILENKO, DANYLO",17.0,3.9470588235294115,0.11436601232484452
ASTR   ,115     ,"VASSILIEV, VLADIMIR V",23.0,3.069565217391304,0.7969696860792765
PHYSICS,1A      ,"VASSILIEV, VLADIMIR V",881.0,3.262769580022701,0.5883650968588748
PHYSICS,110B    ,"VASSILIEV, VLADIMIR V",30.0,2.9699999999999998,0.6181423784210236
PHYSICS,105B    ,"VASSILIEV, VLADIMIR V",47.0,3.182978723404255,0.8285642924851089
CLUSTER,M71B    ,"VAUGHN, RACHEL ANN",501.0,3.7023952095808377,0.5295219207623706
CLUSTER,M71CW   ,"VAUGHN, RACHEL ANN",37.0,3.87027027027027,0.2893280798069759
CLUSTER,M71A    ,"VAUGHN, RACHEL ANN",260.0,3.8273076923076923,0.43018831021835163
SOC GEN,105B    ,"VAUGHN, RACHEL ANN",25.0,3.988,0.058787753826796234
SOC GEN,180     ,"VAUGHN, RACHEL ANN",171.0,3.953216374269006,0.2504467469647323
SOC GEN,191S    ,"VAUGHN, RACHEL ANN",29.0,3.96896551724138,0.09136304344477078
CLUSTER,M72A    ,"VAUGHN, RACHEL ANN",318.0,3.6663522012578618,0.44101786410237237
CLUSTER,M72B    ,"VAUGHN, RACHEL ANN",158.0,3.9037974683544308,0.22554745661049735
POL SCI,260A    ,"VAVRECK, LYNN",26.0,3.7961538461538464,0.20282764420669552
CLUSTER,60B     ,"VAVRECK, LYNN",448.0,3.7877232142857147,0.4279896884151163
CLUSTER,60A     ,"VAVRECK, LYNN",476.0,3.704411764705882,0.5473402750285369
CLASSIC,20      ,"VAZQUEZ, ADRIANA MARIA",283.0,3.708833922261485,0.6441032202092373
CHEM   ,153A    ,"VAZQUEZ-SALAZAR, ALBERTO",419.0,3.621479713603819,0.7805002413047466
MIMG   ,103BL   ,"VELEZ RAMIREZ, DANIEL EDUARDO",96.0,3.930208333333333,0.23099413397434046
MIMG   ,109BL   ,"VELEZ RAMIREZ, DANIEL EDUARDO",26.0,3.95,0.15254255396193803
MIMG   ,180A    ,"VELEZ RAMIREZ, DANIEL EDUARDO",11.0,4.0,0.0
MIMG   ,180B    ,"VELEZ RAMIREZ, DANIEL EDUARDO",38.0,4.0,0.0
MIMG   ,103AL   ,"VELEZ RAMIREZ, DANIEL EDUARDO",80.0,3.8924999999999996,0.5029351349826338
EPS SCI,M7      ,"VELLI, MARCO CM",44.0,3.597727272727272,0.42559511081203394
SOC GEN,89      ,"VENKAT, BHARAT J",17.0,4.0,0.0
SOC GEN,187A    ,"VENKAT, BHARAT J",34.0,4.0,0.0
SOC GEN,85      ,"VENKAT, BHARAT J",57.0,3.7877192982456136,0.3834607761174018
SOC GEN,180     ,"VENKAT, BHARAT J",28.0,4.0,0.0
SOC GEN,5       ,"VENKAT, BHARAT J",160.0,3.53125,0.7361375126292642
SOC GEN,199     ,"VENKAT, BHARAT J",133.0,4.0,0.0
SOC GEN,125     ,"VENKAT, BHARAT J",49.0,3.8836734693877553,0.29784733712911066
C&S BIO,M150    ,"VENUGOPAL, SHARMILA",63.0,3.4365079365079363,0.9467239398002883
NEUROSC,C151    ,"VENUGOPAL, SHARMILA",24.0,3.904166666666667,0.2457627017176438
LIFESCI,30A     ,"VENUGOPAL, SHARMILA",79.0,3.754430379746835,0.6781951976869776
LIFESCI,30B     ,"VENUGOPAL, SHARMILA",45.0,3.7844444444444445,0.6729555229006365
NEUROSC,191H    ,"VENUGOPAL, SHARMILA",30.0,3.99,0.05385164807134501
FILM TV,33      ,"VERDUCCI, PATRICIA M",2621.0,3.829988553987027,0.545538912400745
THEATER,101B    ,"VERMY, HANS",62.0,3.6919354838709677,0.7671266848939481
LAW    ,423     ,"VERSTEIN, ANDREW",41.0,3.5439024390243907,0.36092616668638655
LAW    ,230     ,"VERSTEIN, ANDREW",268.0,3.507089552238806,0.3470371923525185
LAW    ,100     ,"VERSTEIN, ANDREW",174.0,3.4563218390804598,0.3711433559589608
LAW    ,648     ,"VERSTEIN, ANDREW",28.0,3.810714285714286,0.20237745095010268
NURSING,496C    ,"VERZEMNIEKS, INESE L",28.0,3.8607142857142853,0.3222014517506153
NURSING,220     ,"VERZEMNIEKS, INESE L",20.0,3.84,0.4386342439892261
MATH   ,155     ,"VESE, LUMINITA AURA",78.0,3.7051282051282053,0.5537511789412549
MATH   ,269C    ,"VESE, LUMINITA AURA",50.0,3.988,0.058787753826796234
MATH   ,273B    ,"VESE, LUMINITA AURA",68.0,4.0,0.0
MATH   ,285J    ,"VESE, LUMINITA AURA",11.0,4.0,0.0
DESMA  ,115     ,"VESNA, VICTORIA",17.0,3.9411764705882355,0.23529411764705882
HNRS   ,177     ,"VESNA, VICTORIA",140.0,3.9485714285714284,0.37786726964555656
DESMA  ,9       ,"VESNA, VICTORIA",654.0,3.793577981651376,0.6082674894485857
DESMA  ,404     ,"VESNA, VICTORIA",12.0,4.0,0.0
DESMA  ,159     ,"VESNA, VICTORIA",17.0,4.0,0.0
DESMA  ,160     ,"VESNA, VICTORIA",56.0,3.8910714285714283,0.2198024971539269
URBN PL,222A    ,"VESTAL, MARQUES AUGUSTA",321.0,3.9457943925233647,0.283375417966162
URBN PL,224     ,"VESTAL, MARQUES AUGUSTA",76.0,3.801315789473684,0.45233121919225927
URBN PL,229     ,"VESTAL, MARQUES AUGUSTA",19.0,3.6,0.44248104330492005
URBN PL,225     ,"VESTAL, MARQUES AUGUSTA",23.0,3.9478260869565216,0.11371040722280011
PUB AFF,123     ,"VESTAL, MARQUES AUGUSTA",37.0,3.8378378378378377,0.6699541538777319
MATH   ,61      ,"VICARIA ANGEL, MARIANA",487.0,3.206160164271047,0.9275406526036561
MATH   ,182     ,"VICARIA ANGEL, MARIANA",59.0,3.6661016949152536,0.6542197240111788
MATH   ,121     ,"VICARIA ANGEL, MARIANA",29.0,3.1,1.0355741369421352
MATH   ,114L    ,"VICARIA ANGEL, MARIANA",42.0,3.261904761904762,1.0954347649509024
DESMA  ,101     ,"VIKRAM, ANURADHA",224.0,3.8397321428571436,0.3981900116720762
DESMA  ,269     ,"VIKRAM, ANURADHA",11.0,3.8181818181818183,0.385694607919935
ART    ,31C     ,"VIKRAM, ANURADHA",266.0,3.8857142857142852,0.4367761005095969
ART&ARC,100     ,"VIKRAM, ANURADHA",56.0,3.805357142857143,0.3507235596678992
ART    ,31A     ,"VIKRAM, ANURADHA",275.0,3.818909090909091,0.4615455172166771
ART    ,31B     ,"VIKRAM, ANURADHA",281.0,3.8074733096085414,0.46475151608956783
INF STD,289     ,"VILLA NICHOLAS, MELISSA",35.0,3.905714285714286,0.30886229677211646
PHYSCI ,148     ,"VILLANUEVA, CLAUDIO JAVIER",111.0,3.6792792792792794,0.5318871920493548
PHYSCI ,111B    ,"VILLANUEVA, CLAUDIO JAVIER",456.0,3.7629385964912276,0.35430826564843515
FILM TV,210     ,"VILLAREJO, AMY",260.0,3.9326923076923075,0.1742248258453094
FILM TV,220     ,"VILLAREJO, AMY",17.0,4.0,0.0
FILM TV,298A    ,"VILLAREJO, AMY",42.0,3.9928571428571424,0.0457366016959489
SOCIOL ,210B    ,"VILLARREAL, ANDRES",24.0,3.7375000000000003,0.5321438558635563
SOCIOL ,1       ,"VILLARREAL, ANDRES",1517.0,3.349241924851681,0.7430679992827451
SOCIOL ,89      ,"VILLARREAL, ANDRES",37.0,3.9162162162162155,0.23076080222850331
LAW    ,386     ,"VILLASENOR, JOHN D",72.0,3.7083333333333335,0.3999131850233943
ENGR   ,2       ,"VILLASENOR, JOHN D",97.0,3.6948453608247425,0.43845349916734194
ENGR   ,182EW   ,"VILLASENOR, JOHN D",242.0,3.897933884297521,0.2578436240663885
GREEK  ,243     ,"VINE, BRENT HARMON",5.0,4.0,0.0
CLASSIC,185     ,"VINE, BRENT HARMON",73.0,3.1465753424657534,1.2234111520920672
LIFESCI,30B     ,"VINET, MICAH",97.0,3.3391752577319584,0.9303094154419728
LIFESCI,30A     ,"VINET, MICAH",80.0,3.4762499999999994,0.6477352371918638
LAW    ,835     ,"VIRANI, ALICIA",12.0,4.0,0.0
LAW    ,786     ,"VIRANI, ALICIA",12.0,4.0,0.0
MATH   ,131A    ,"VISAN, MONICA",37.0,3.118918918918919,1.1913739145359317
MATH   ,247A    ,"VISAN, MONICA",22.0,3.940909090909091,0.27078856379284505
HIST   ,115     ,"VIVIAN, ANTHONY LARESE",366.0,3.7295081967213113,0.523390876397034
HIST   ,114A    ,"VIVIAN, ANTHONY LARESE",53.0,3.592452830188679,0.6555565276790065
HIST   ,113A    ,"VIVIAN, ANTHONY LARESE",63.0,3.6809523809523816,0.40974523360569437
CLASSIC,10      ,"VIVIAN, ANTHONY LARESE",27.0,3.7777777777777772,0.40307460327149014
HIST   ,187A    ,"VIVIAN, ANTHONY LARESE",103.0,3.660194174757282,0.5028732600707876
HIST   ,113B    ,"VIVIAN, ANTHONY LARESE",71.0,3.6084507042253517,0.8431574592512677
INF STD,211     ,"VO DANG, THANH THUY",82.0,3.9609756097560975,0.17161790909514416
INF STD,291C    ,"VO DANG, THANH THUY",10.0,3.8699999999999997,0.22383029285599393
INF STD,289     ,"VO DANG, THANH THUY",127.0,3.8881889763779527,0.4317359526282999
INF STD,285     ,"VO DANG, THANH THUY",25.0,3.8160000000000003,0.584246523310152
ECON   ,281A    ,"VOGEL, JONATHAN E",8.0,4.0,0.0
ECON   ,101     ,"VOGEL, JONATHAN E",703.0,2.8981507823613084,0.928425452469081
ECON   ,424     ,"VOGEL, JONATHAN E",224.0,3.7464285714285714,0.3606612407956321
MGMT   ,458B    ,"VOIGTLAENDER, NICO",39.0,3.569230769230769,0.40455980899399097
MGMTEX ,421     ,"VOIGTLAENDER, NICO",169.0,3.6798816568047337,0.32718629795401377
MGMTEX ,405     ,"VOIGTLAENDER, NICO",326.0,3.552453987730061,0.4410425351613168
MGMTFE ,405     ,"VOIGTLAENDER, NICO",251.0,3.551394422310757,0.43688052079597367
LAW    ,201     ,"VOLOKH, EUGENE",74.0,3.5621621621621617,0.3351896206799091
LAW    ,252     ,"VOLOKH, EUGENE",59.0,3.494915254237288,0.3675035933473855
COMM   ,141     ,"VON BLUM, PAUL",563.0,3.9275310834813495,0.2841686269391494
COMM   ,175     ,"VON BLUM, PAUL",267.0,3.9363295880149813,0.1856015929264456
LBR STD,M175    ,"VON BLUM, PAUL",23.0,3.739130434782608,0.8234282157328764
COMM   ,M165    ,"VON BLUM, PAUL",260.0,3.9630769230769234,0.13338115513212012
HNRS   ,M179    ,"VON BLUM, PAUL",118.0,3.997457627118644,0.0274999673552338
COMM   ,M169    ,"VON BLUM, PAUL",12.0,4.0,0.0
AF AMER,176     ,"VON BLUM, PAUL",30.0,3.813333333333333,0.3313943605769752
PUB HLT,200B    ,"VON EHRENSTEIN, ONDINE SOLVEIG",104.0,3.9903846153846154,0.07405719043834504
COM HLT,200     ,"VON EHRENSTEIN, ONDINE SOLVEIG",29.0,3.882758620689655,0.17630100732640294
ART HIS,C149    ,"VON FALKENHAUSEN, LOTHAR",37.0,3.7432432432432434,0.6643592892080677
ART HIS,29      ,"VON FALKENHAUSEN, LOTHAR",247.0,3.4315789473684206,0.8841237667094072
ART HIS,C148A   ,"VON FALKENHAUSEN, LOTHAR",45.0,3.802222222222222,0.28866658113077165
ART HIS,C148B   ,"VON FALKENHAUSEN, LOTHAR",65.0,3.927692307692308,0.1775973772395495
HIST   ,200L    ,"VON GLAHN, RICHARD",10.0,3.08,1.545833108715168
HIST   ,170A    ,"VON GLAHN, RICHARD",35.0,3.2371428571428575,0.9061963566108032
HIST   ,170E    ,"VON GLAHN, RICHARD",42.0,3.2261904761904763,0.9724929976022899
HIST   ,11A     ,"VON GLAHN, RICHARD",88.0,3.2840909090909083,0.9760642633971349
MC&IP  ,214     ,"VONDRISKA, THOMAS M",13.0,4.0,0.0
ECON   ,441B    ,"VORONIN, ANDREI",133.0,3.6864661654135342,0.3030625521395808
MATH   ,178B    ,"VOSS, MORITZ",90.0,2.704444444444444,1.1275254233261942
MATH   ,167     ,"VOSS, MORITZ",62.0,3.2,0.9142245083199767
MATH   ,174E    ,"VOSS, MORITZ",542.0,3.2298892988929886,0.9286499677774258
MATH   ,178A    ,"VOSS, MORITZ",102.0,2.7950980392156866,1.1468095086856587
MATH   ,179     ,"VOSS, MORITZ",159.0,3.0018867924528303,1.0868841680378003
MATH   ,178C    ,"VOSS, MORITZ",91.0,2.8989010989010984,0.8401327087077081
HLT POL,433     ,"VRIESMAN, LEAH J",91.0,3.7967032967032965,0.43889234942607075
HLT ADM,404     ,"VRIESMAN, LEAH J",67.0,3.749253731343283,0.737962733016985
HLT ADM,596     ,"VRIESMAN, LEAH J",58.0,4.0,0.0
HLT POL,596     ,"VRIESMAN, LEAH J",18.0,4.0,0.0
HLT ADM,597     ,"VRIESMAN, LEAH J",17.0,4.0,0.0
HLT POL,240     ,"VRIESMAN, LEAH J",26.0,3.6538461538461537,0.3904935429691402
HLT ADM,411     ,"VRIESMAN, LEAH J",14.0,3.6,0.5154748157905347
RUSSN  ,C124D   ,"VROON, RONALD W",31.0,3.367741935483871,0.5738309837563973
SLAVC  ,M40     ,"VROON, RONALD W",89.0,3.5101123595505617,0.5116716256974494
RELIGN ,M40     ,"VROON, RONALD W",133.0,3.4323308270676693,0.7741644899313999
RUSSN  ,120     ,"VROON, RONALD W",53.0,3.349056603773585,0.8766623328583341
LAW    ,541     ,"VYAS, NISHA NARENDRA",18.0,4.0,0.0
MGMT   ,458B    ,"WACZIARG, ROMAIN T",59.0,3.6915254237288138,0.3038108999245354
MGMT   ,298D    ,"WACZIARG, ROMAIN T",143.0,3.695104895104895,0.28758183300643086
MGMTEX ,439     ,"WACZIARG, ROMAIN T",97.0,3.6886597938144323,0.2980611881621244
MGMT   ,206     ,"WACZIARG, ROMAIN T",80.0,3.6149999999999998,0.29962476533157284
THEATER,124A    ,"WAGAR, PAUL M",62.0,3.6838709677419357,0.517186416877212
THEATER,124C    ,"WAGAR, PAUL M",30.0,3.8266666666666667,0.21281186266016486
THEATER,123     ,"WAGAR, PAUL M",16.0,3.825,0.19843134832984427
THEATER,124B    ,"WAGAR, PAUL M",51.0,3.82156862745098,0.1648692000751208
THEATER,180     ,"WAGAR, PAUL M",36.0,3.7777777777777777,0.9162456945817024
PUB HLT,C150    ,"WAGGONER, JOHN PHILLIP",14.0,3.9785714285714286,0.07726181304565687
COM HLT,229     ,"WAGMAN, JENNIFER ANN",46.0,3.941304347826087,0.18006772512938107
COM HLT,431     ,"WAGMAN, JENNIFER ANN",31.0,3.980645161290323,0.07370103005674745
COM HLT,230     ,"WAGMAN, JENNIFER ANN",13.0,4.0,0.0
COM HLT,210     ,"WAGMAN, JENNIFER ANN",65.0,3.93076923076923,0.21116750691413524
COM HLT,M216A   ,"WAGMAN, JENNIFER ANN",38.0,3.9236842105263166,0.20702683594965193
PUB HLT,C201    ,"WAGMAN, JENNIFER ANN",15.0,3.94,0.11999999999999994
COM HLT,211B    ,"WAGMAN, JENNIFER ANN",17.0,3.7882352941176474,0.13669352986614405
COM HLT,20      ,"WAGMAN, JENNIFER ANN",151.0,3.9211920529801327,0.2801629779993792
FILM TV,404     ,"WAGMISTER, CARLOS",10.0,4.0,0.0
FILM TV,4       ,"WAGMISTER, CARLOS",436.0,3.988761467889908,0.07891074961743011
LAW    ,482     ,"WAGNER, CRAIG ABRAHAM",61.0,3.4918032786885247,0.4694940010675648
LBR STD,191B    ,"WAHEED, SABA",63.0,3.861904761904762,0.5286786678000618
LBR STD,191A    ,"WAHEED, SABA",63.0,3.9301587301587304,0.26465606350052484
ANTHRO ,C117    ,"WAKE, THOMAS A",67.0,3.692537313432836,0.39372444066233925
ANTHRO ,113Q    ,"WAKE, THOMAS A",55.0,3.149090909090909,0.8754993852389157
ANTHRO ,119     ,"WAKE, THOMAS A",113.0,3.1168141592920358,1.0976969176349887
POL SCI,181A    ,"WAKNIN, SONNI",121.0,3.9165289256198346,0.41646824954889033
POL SCI,186     ,"WAKNIN, SONNI",120.0,3.8108333333333335,0.4553013348932282
SOCIOL ,285A    ,"WALDINGER, ROGER",12.0,3.9,0.14142135623730942
SOCIOL ,151     ,"WALDINGER, ROGER",185.0,3.2324324324324323,1.0624942744657317
SOCIOL ,236A    ,"WALDINGER, ROGER",12.0,3.8083333333333336,0.25967394084804807
PHYSCI ,270A    ,"WALKER, DAVID WILLIAM",40.0,3.9924999999999997,0.04683748498798796
PHYSCI ,124     ,"WALKER, DAVID WILLIAM",173.0,3.5861271676300577,0.748589058966344
SOCIOL ,133     ,"WALKER, EDWARD T",198.0,2.885858585858585,0.9921927660754969
SOCIOL ,265     ,"WALKER, EDWARD T",13.0,4.0,0.0
C&EE   ,246     ,"WALLACE, JOHN WRIGHT",30.0,3.64,0.36386810797320507
C&EE   ,243A    ,"WALLACE, JOHN WRIGHT",123.0,3.6016260162601625,0.365812102427604
C&EE   ,140L    ,"WALLACE, JOHN WRIGHT",20.0,3.925,0.1299038105676657
PHILOS ,135     ,"WALSH, SEAN",48.0,3.579166666666666,0.7268534736948171
PHILOS ,235     ,"WALSH, SEAN",2.0,4.0,0.0
PHILOS ,132     ,"WALSH, SEAN",55.0,3.530909090909091,0.6933116122895514
PHILOS ,133C    ,"WALSH, SEAN",29.0,3.4,0.49060131998641604
PHILOS ,136     ,"WALSH, SEAN",23.0,3.252173913043478,1.1278565917231604
PHILOS ,C128    ,"WALSH, SEAN",10.0,3.37,0.8532877591996736
LAW    ,700     ,"WANEBO, THOMAS AUGUSTUS",18.0,4.0,0.0
LAW    ,108B    ,"WANEBO, THOMAS AUGUSTUS",98.0,3.456122448979592,0.5087131276375096
LAW    ,636     ,"WANG, ALEX",12.0,3.7416666666666667,0.18465433171800283
LAW    ,140     ,"WANG, ALEX",269.0,3.4594795539033454,0.37321235440144257
LAW    ,290     ,"WANG, ALEX",43.0,3.5534883720930237,0.3604576143255361
LAW    ,468     ,"WANG, ALEX",60.0,3.5249999999999995,0.3603817420458479
STATS  ,10      ,"WANG, BINGLING",3116.0,3.4450577663671376,0.9218559114299804
STATS  ,100A    ,"WANG, BINGLING",232.0,3.7034482758620686,0.5580030642733127
ENGCOMP,100W    ,"WANG, BRENDA B",42.0,3.871428571428572,0.2762725657973388
MATH   ,33A     ,"WANG, CHENGXI",272.0,3.5452205882352943,0.7531155552610267
MATH   ,215A    ,"WANG, CHENGXI",12.0,4.0,0.0
MATH   ,33B     ,"WANG, CHENGXI",1215.0,3.8074074074074074,0.5908307141513858
PHYSICS,124     ,"WANG, GANG",28.0,3.4392857142857145,0.5783840084446403
PHYSICS,18L     ,"WANG, GANG",28.0,3.592857142857142,0.5006628259678587
LING   ,120B    ,"WANG, HUILEI",18.0,3.522222222222222,0.8383552386505613
HUM GEN,403     ,"WANG, JESSICA J",20.0,3.7449999999999997,0.2729010809799038
EDUC   ,230B    ,"WANG, JIA",55.0,3.9490909090909088,0.1593997003222086
EDUC   ,126     ,"WANG, JIN",37.0,3.864864864864865,0.314699527405597
EC ENGR,188     ,"WANG, KANG LUNG",23.0,3.917391304347826,0.1735866502406707
EC ENGR,224     ,"WANG, KANG LUNG",11.0,3.8909090909090907,0.14431370787625034
SOC WLF,214A    ,"WANG, LEE ANN SHIH-CHING",82.0,4.0,0.0
ASIA AM,109     ,"WANG, LEE ANN SHIH-CHING",64.0,3.9796875,0.12891335207708315
ASIA AM,113     ,"WANG, LEE ANN SHIH-CHING",176.0,3.972727272727272,0.16836599252229212
ASIA AM,200B    ,"WANG, LEE ANN SHIH-CHING",14.0,4.0,0.0
ASIA AM,M165    ,"WANG, LEE ANN SHIH-CHING",13.0,3.8307692307692305,0.27563804411029097
ASIA AM,20W     ,"WANG, LEE ANN SHIH-CHING",135.0,3.8814814814814813,0.47472177975692564
COM HLT,224     ,"WANG, MAY-CHOO",38.0,3.852631578947368,0.19295055557708798
COM SCI,143     ,"WANG, REMY",138.0,3.5565217391304347,0.6450431422195818
COM SCI,249     ,"WANG, REMY",14.0,4.0,0.0
PHYSICS,131     ,"WANG, SHENSHEN",20.0,3.585,0.4327528162819972
PHYSICS,C187B   ,"WANG, SHENSHEN",20.0,3.9549999999999996,0.1071214264281427
PHYSICS,243M    ,"WANG, SHENSHEN",9.0,3.966666666666667,0.09428090415820628
PHYSICS,1B      ,"WANG, SHENSHEN",184.0,3.4608695652173918,0.5989041662720939
PHYSICS,112     ,"WANG, SHENSHEN",116.0,3.289655172413793,0.7048329846611534
KOREA  ,50      ,"WANG, SIXIANG",368.0,3.6057065217391306,0.5992250799818096
KOREA  ,180B    ,"WANG, SIXIANG",50.0,3.753999999999999,0.5980668858915363
ASIAN  ,40      ,"WANG, SIXIANG",38.0,3.8421052631578947,0.2979151936438928
ESL    ,300     ,"WANG, TIANFANG SALLY",9.0,3.966666666666667,0.09428090415820628
ESL    ,301     ,"WANG, TIANFANG SALLY",31.0,3.9129032258064513,0.2432865501285781
ENGCOMP,2       ,"WANG, TIANFANG SALLY",192.0,3.7807291666666667,0.6576421658591944
COM SCI,145     ,"WANG, WEI",95.0,3.3747368421052633,0.7032209237430495
COM SCI,249     ,"WANG, WEI",38.0,4.0,0.0
COM SCI,245     ,"WANG, WEI",357.0,3.6677871148459387,0.5215242469090817
THEATER,2A      ,"WANG, WEIZHANG",60.0,3.8383333333333334,0.38301073382115836
MGMT   ,235     ,"WANG, XINXIN",108.0,3.3111111111111113,0.7269078770576056
ENGL   ,137B    ,"WANG, XUAN",12.0,3.975,0.08291561975888495
ENGL   ,184     ,"WANG, XUAN",29.0,3.8620689655172415,0.27469581057454395
ASIA AM,M112B   ,"WANG, XUAN",10.0,4.0,0.0
ENGL   ,137A    ,"WANG, XUAN",36.0,3.9833333333333334,0.06871842709362763
ENGL   ,M102B   ,"WANG, XUAN",50.0,3.83,0.5787054518492115
MAT SCI,243C    ,"WANG, YINMIN",18.0,3.4722222222222228,0.3927192318460205
MAT SCI,143A    ,"WANG, YINMIN",79.0,3.2088607594936707,0.6496717522529147
MAT SCI,298     ,"WANG, YINMIN",99.0,3.498989898989899,0.4323987472988866
MAT SCI,132     ,"WANG, YINMIN",148.0,3.3182432432432436,0.5322107337860154
EC ENGR,262     ,"WANG, YUANXUN",48.0,3.6437499999999994,0.6324246496619181
EC ENGR,279AS   ,"WANG, YUANXUN",68.0,3.7441176470588236,0.292244032264927
EC ENGR,163C    ,"WANG, YUANXUN",49.0,3.5081632653061225,0.8409995837543869
EC ENGR,162A    ,"WANG, YUANXUN",65.0,3.5246153846153847,0.6764228921274641
EC ENGR,101A    ,"WANG, YUANXUN",68.0,3.083823529411765,0.8231235869821535
CHIN   ,180     ,"WANG, ZICHAN",37.0,3.8027027027027023,0.44750750347717194
DANCE  ,116     ,"WARBY, ROSLYN K",20.0,3.9850000000000003,0.06538348415311006
DANCE  ,160     ,"WARBY, ROSLYN K",21.0,3.9523809523809526,0.15922146187905228
GEOG   ,117     ,"WARD, JASON MICHAEL",89.0,3.18876404494382,0.8157767653237407
GEOG   ,116     ,"WARD, JASON MICHAEL",44.0,2.9045454545454548,1.0097152040988735
ECON   ,429A    ,"WARD, KATRINA D",107.0,3.994392523364486,0.040630028260344196
ECON   ,429B    ,"WARD, KATRINA D",46.0,4.0,0.0
COMM   ,119     ,"WARLAUMONT, ANNE SANDA",83.0,3.9879518072289155,0.08272117539167168
COMM   ,121     ,"WARLAUMONT, ANNE SANDA",300.0,3.899666666666667,0.34102769519335063
COMM   ,230     ,"WARLAUMONT, ANNE SANDA",13.0,4.0,0.0
ENGCOMP,M138    ,"WARTANIAN, RAFFI J",30.0,4.0,0.0
ENGCOMP,3       ,"WARTANIAN, RAFFI J",514.0,3.5599221789883266,0.4613767185653851
ENGCOMP,2       ,"WARTANIAN, RAFFI J",21.0,3.4761904761904763,0.39509463833698183
ENGCOMP,1       ,"WARTANIAN, RAFFI J",10.0,3.47,0.79
SOC SC ,430B    ,"WASDAHL, ALEXANDER JOHN",28.0,3.9892857142857143,0.05567306167185673
SOC SC ,430A    ,"WASDAHL, ALEXANDER JOHN",28.0,3.9535714285714287,0.19176276798083997
GJ STDS,188     ,"WASHINGTON, MICHAEL",17.0,3.588235294117647,0.3445070697493253
GJ STDS,122B    ,"WASHINGTON, MICHAEL",31.0,4.0,0.0
MGMTFE ,405     ,"WASSERMAN, MELANIE SHARON",185.0,3.4821621621621626,0.4192086182264447
MGMTFT ,405     ,"WASSERMAN, MELANIE SHARON",292.0,3.4578767123287673,0.42439273118139315
MGMTEX ,405     ,"WASSERMAN, MELANIE SHARON",75.0,3.453333333333333,0.4249967320135794
PSYCH  ,112A    ,"WASSUM, KATE",44.0,3.6568181818181813,0.6250082644081696
PSYCH  ,110     ,"WASSUM, KATE",1195.0,3.327615062761506,0.8794486209710747
PSYCH  ,203     ,"WASSUM, KATE",10.0,4.0,0.0
NEURO  ,M220    ,"WASSUM, KATE",15.0,3.5799999999999996,0.530659966456864
NEUROSC,M101C   ,"WASSUM, KATE",201.0,3.7442786069651737,0.4501847072445547
MCD BIO,M175C   ,"WASSUM, KATE",10.0,3.84,0.30397368307141326
NEUROSC,189HC   ,"WASSUM, KATE",19.0,4.0,0.0
NURSING,164     ,"WATKINS, ATHENA LORALEE",59.0,3.4915254237288136,0.38501073530849317
NURSING,462     ,"WATKINS, ATHENA LORALEE",70.0,3.6457142857142855,0.285199536307835
ENGCOMP,M185    ,"WATSON, DANA CAIRNS",43.0,3.9162790697674414,0.19401538246152752
HNRS   ,43W     ,"WATSON, DANA CAIRNS",57.0,3.854385964912281,0.26889649442731123
ENGCOMP,3       ,"WATSON, DANA CAIRNS",94.0,3.7659574468085113,0.435292318384491
ENGCOMP,134A    ,"WATSON, DANA CAIRNS",13.0,3.976923076923077,0.0799408065031789
ENGCOMP,3E      ,"WATSON, DANA CAIRNS",63.0,3.5730158730158728,0.6728773442336783
HLT ADM,416     ,"WATSON, KELLY",80.0,3.6774999999999998,0.7390830467545578
ENGL   ,184     ,"WATSON, ROBERT N",14.0,3.6,0.40355562548072954
ENGL   ,150A    ,"WATSON, ROBERT N",61.0,3.655737704918033,0.4448335810253621
ENGL   ,150B    ,"WATSON, ROBERT N",133.0,3.563157894736842,0.568135545117222
ENGL   ,90      ,"WATSON, ROBERT N",203.0,3.6847290640394093,0.5869796620310113
HIST   ,139B    ,"WAUGH, JOAN",104.0,3.371153846153846,0.8858582406261213
HIST   ,139A    ,"WAUGH, JOAN",93.0,3.3580645161290326,0.758652254428534
RELIGN ,177     ,"WAUGH, JOSHUA",58.0,3.2655172413793103,0.6268563395167908
RELIGN ,191     ,"WAUGH, JOSHUA",11.0,3.772727272727273,0.20489868490153898
GLBL ST,160     ,"WAXMAN, DOV",125.0,3.8735999999999997,0.41340420897712205
POL SCI,132A    ,"WAXMAN, DOV",229.0,3.5628820960698695,0.8373760686942321
ENGL   ,141B    ,"WEAVER, ERICA",36.0,3.927777777777778,0.1789026909789402
ENGL   ,141A    ,"WEAVER, ERICA",38.0,3.7052631578947373,0.4400642108775614
ENGL   ,184     ,"WEAVER, ERICA",14.0,3.835714285714286,0.24959150299508787
ENGL   ,10A     ,"WEAVER, ERICA",221.0,3.4963800904977376,0.7622813582305907
ENGL   ,141C    ,"WEAVER, ERICA",12.0,3.975,0.08291561975888495
ENGL   ,119XP   ,"WEAVER, ERICA",33.0,3.881818181818182,0.146586504514519
MGMT   ,298D    ,"WEAVER, KENTON ALAN",123.0,3.6276422764227645,0.2768289698313877
EDUC   ,230A    ,"WEBB, NOREEN M",160.0,3.979375,0.1874489513841035
EDUC   ,211B    ,"WEBB, NOREEN M",13.0,4.0,0.0
LAW    ,312     ,"WEBSTER, NICOLE D",411.0,3.4822384428223847,0.37050744656826906
LAW    ,205     ,"WEBSTER, ROBERT M",64.0,3.459375,0.42746299181917496
ART    ,133     ,"WEDGEWORTH, LISA DIANE",15.0,3.953333333333333,0.17461067804945063
GLBL ST,160     ,"WEGEMER, CHRISTOPHER",48.0,3.9250000000000007,0.26887109674836135
SOCIOL ,111     ,"WEGEMER, CHRISTOPHER",512.0,3.3210937499999997,0.8385396852331662
SOCIOL ,113     ,"WEGEMER, CHRISTOPHER",218.0,3.174770642201835,0.8663729056331251
GLBL ST,102     ,"WEGEMER, CHRISTOPHER",116.0,3.5689655172413794,0.7502199439685543
GLBL ST,1       ,"WEGEMER, CHRISTOPHER",165.0,3.7066666666666674,0.7544721882404167
MATH   ,31A     ,"WEIHS, ADRIEN",147.0,2.8197278911564627,0.9749683026965029
MATH   ,174E    ,"WEIHS, ADRIEN",80.0,2.87875,0.9494332190838912
ECON   ,106VL   ,"WEILL, PIERRE-OLIVIER",413.0,3.9825665859564165,0.2052252021093858
ECON   ,433     ,"WEILL, PIERRE-OLIVIER",268.0,3.408208955223881,0.5664827996575569
ECON   ,202B    ,"WEILL, PIERRE-OLIVIER",52.0,3.542307692307692,0.49510921632976557
ECON   ,106V    ,"WEILL, PIERRE-OLIVIER",402.0,3.34228855721393,0.6507957137330741
PUB PLC,298C    ,"WEISBURST, EMILY KAREN",37.0,3.564864864864865,0.7018185706169505
PUB PLC,201     ,"WEISBURST, EMILY KAREN",314.0,3.6041401273885354,0.44300874110509963
PUB PLC,204     ,"WEISBURST, EMILY KAREN",150.0,3.666,0.4298573406763381
PUB PLC,298D    ,"WEISBURST, EMILY KAREN",36.0,3.7916666666666665,0.3410563654946855
LAW    ,250     ,"WEISE, STEVEN OWEN",31.0,3.5451612903225804,0.5053511775934724
LAW    ,701     ,"WEISS, JOSHUA",12.0,4.0,0.0
EPIDEM ,219     ,"WEISS, NOEL SCOTT",17.0,3.717647058823529,0.28124783736192754
CHEM   ,228     ,"WEISS, PAUL S",60.0,3.933333333333333,0.3590109871423003
CHEM   ,20B     ,"WEISS, PAUL S",125.0,3.0752,0.9298306082292624
CHEM   ,20BH    ,"WEISS, PAUL S",139.0,3.9431654676258985,0.23961911013983378
CHEM   ,110A    ,"WEISS, PAUL S",94.0,3.7457446808510633,0.4850235558256415
BIOSTAT,M234    ,"WEISS, ROBERT",42.0,3.9690476190476187,0.19819194068244528
BIOSTAT,M236    ,"WEISS, ROBERT",57.0,4.0,0.0
BIOSTAT,202C    ,"WEISS, ROBERT ERIN",15.0,4.0,0.0
BIOSTAT,M236    ,"WEISS, ROBERT ERIN",10.0,4.0,0.0
BIOSTAT,M234    ,"WEISS, ROBERT ERIN",23.0,4.0,0.0
DESMA  ,21      ,"WEISSBROT, LENA N",22.0,3.9863636363636363,0.06248966856757959
DESMA  ,153     ,"WEISSBROT, LENA N",26.0,3.95,0.15254255396193803
DESMA  ,24      ,"WEISSBROT, LENA N",12.0,3.475,1.1825995377416088
DESMA  ,144     ,"WEISSBROT, LENA N",22.0,3.9136363636363636,0.2242065900934277
ART    ,130     ,"WEISSMAN, BENJAMIN",15.0,4.0,0.0
MGMT   ,298E    ,"WELCH, IVO I",54.0,3.6796296296296296,0.22474646590525044
MGMT   ,298D    ,"WELCH, IVO I",27.0,3.5370370370370363,0.515786453190586
MGMT   ,596     ,"WELCH, IVO I",74.0,3.760810810810811,0.2972020732019863
MGMTPHD,254     ,"WELCH, IVO I",12.0,3.9499999999999997,0.11180339887498941
MGMTEX ,408     ,"WELCH, IVO I",65.0,3.5461538461538455,0.4110313194418769
MGMT   ,457D    ,"WELCH, IVO I",69.0,3.766666666666667,0.2800966016934037
MGMTMSA,404     ,"WELCH, IVO I",130.0,3.316153846153846,0.5288309088711768
HLT POL,266A    ,"WELLS, KENNETH B",10.0,3.97,0.08999999999999996
HLT POL,266B    ,"WELLS, KENNETH B",10.0,3.91,0.13747727084867511
MOL BIO,254D    ,"WELLS, MICHAEL",62.0,3.958064516129032,0.1631824499347321
URBN PL,260B    ,"WELLS, WALKER R",23.0,4.0,0.0
ENVIRON,M153    ,"WELLS, WALKER R",92.0,4.0,0.0
ARCH&UD,CM153   ,"WELLS, WALKER R",9.0,4.0,0.0
ARCH&UD,CM153   ,"WELLS, WALKER RICHARD",12.0,3.766666666666667,0.27182510717166813
URBN PL,260B    ,"WELLS, WALKER RICHARD",20.0,4.0,0.0
ENVIRON,M153    ,"WELLS, WALKER RICHARD",122.0,3.970491803278689,0.08934050225205709
ENGR   ,183EW   ,"WELTMAN, GERSHON",1603.0,3.8339987523393635,0.47755424680186154
ENGR   ,2       ,"WELTMAN, GERSHON",156.0,3.3506410256410257,0.6993125557464195
MIMG   ,100L    ,"WEN, JING",57.0,3.7087719298245614,0.4092272142664461
MIMG   ,180B    ,"WEN, JING",40.0,4.0,0.0
SCAND  ,50      ,"WEN, PATRICK JAMES",534.0,3.9425093632958803,0.3013236636689202
ELTS   ,20      ,"WEN, PATRICK JAMES",16.0,3.98125,0.07261843774138903
SCAND  ,50W     ,"WEN, PATRICK JAMES",62.0,3.988709677419355,0.08818023827636547
SCAND  ,143C    ,"WEN, PATRICK JAMES",106.0,3.981132075471698,0.19333869369735093
SCAND  ,141C    ,"WEN, PATRICK JAMES",76.0,3.8947368421052633,0.5520046569316588
SCAND  ,C180    ,"WEN, PATRICK JAMES",76.0,3.9473684210526314,0.45580284409707295
SCAND  ,11      ,"WEN, PATRICK JAMES",34.0,3.8794117647058823,0.3410877166504637
SCAND  ,60      ,"WEN, PATRICK JAMES",378.0,3.8904761904761904,0.5212056492385573
SCAND  ,12      ,"WEN, PATRICK JAMES",22.0,3.909090909090909,0.25209862952476453
SCAND  ,13      ,"WEN, PATRICK JAMES",23.0,3.6260869565217395,0.9992246521588835
AN N EA,M130    ,"WENDRICH, WILLEMINA Z",352.0,3.505965909090909,0.9884237215806106
RELIGN ,M132    ,"WENDRICH, WILLEMINA Z",173.0,3.61849710982659,0.8615110037191744
BIOMATH,M261    ,"WENGER, NEIL S",56.0,3.8964285714285714,0.5335073589378279
ETHNMUS,91B     ,"WENTEN, I NYOMAN",196.0,4.0,0.0
ETHNMUS,161B    ,"WENTEN, I NYOMAN",258.0,3.9988372093023257,0.018640952955676034
ENGR   ,214     ,"WERBER, STEVEN LEE",44.0,3.9295454545454547,0.15012047503519757
LAW    ,759     ,"WERTLIEB, NEIL J",15.0,3.6266666666666665,0.42184778718817
EC ENGR,231E    ,"WESEL, RICHARD D",55.0,3.5654545454545454,0.7201560896003238
EC ENGR,231A    ,"WESEL, RICHARD D",47.0,3.75531914893617,0.34320672427964616
EC ENGR,131A    ,"WESEL, RICHARD D",78.0,3.4358974358974357,0.8811377201029912
ART    ,1B      ,"WESLEY, ERIC CHRISTOPHER",16.0,3.7187500000000004,0.2898679656326308
MGMTFE ,408     ,"WESSELS, DAVID W",52.0,3.513461538461539,0.4532060348882962
MGMTEX ,408     ,"WESSELS, DAVID W",82.0,3.474390243902439,0.42190363470582865
MGMTFT ,408     ,"WESSELS, DAVID W",592.0,3.500506756756757,0.4059312116639898
ENGCOMP,3D      ,"WEST, AMBER ISABELLA",154.0,3.7415584415584417,0.48345366002314955
ENGCOMP,130D    ,"WEST, AMBER ISABELLA",104.0,3.933653846153846,0.18272013958040864
ENGCOMP,M185    ,"WEST, AMBER ISABELLA",47.0,3.853191489361702,0.47528314688699314
NURSING,236     ,"WESTPHALN, KRISTI KARIN",106.0,3.4254716981132076,0.4897171537820961
NURSING,223     ,"WESTPHALN, KRISTI KARIN",24.0,3.7791666666666663,0.275347003292613
ENGCOMP,2       ,"WESTRUP, LAUREL A",58.0,3.518965517241379,0.532222696632659
ENGCOMP,7W      ,"WESTRUP, LAUREL A",21.0,3.723809523809524,0.3584420812677869
HNRS   ,37W     ,"WESTRUP, LAUREL A",28.0,3.889285714285714,0.17594497052505143
ENGCOMP,401     ,"WESTRUP, LAUREL A",13.0,3.976923076923077,0.0799408065031789
ENGCOMP,402     ,"WESTRUP, LAUREL A",7.0,3.914285714285714,0.1355261854357876
ENGCOMP,3D      ,"WESTRUP, LAUREL A",67.0,3.726865671641791,0.386172218001104
ENGCOMP,130E    ,"WESTRUP, LAUREL A",70.0,3.7885714285714283,0.5483853851191194
LAW    ,357     ,"WETANSON, RUSSELL ALAN",57.0,3.556140350877193,0.45922037054412557
LAW    ,693     ,"WETHERELL, JASMINE",20.0,3.935,0.17109938632268673
LAW    ,700     ,"WETZSTEIN, SARAH R",48.0,3.966666666666667,0.12133516482134196
LAW    ,108B    ,"WETZSTEIN, SARAH R",49.0,3.4979591836734696,0.36054935177964387
LAW    ,707     ,"WETZSTEIN, SARAH R",75.0,3.944,0.15768322675541618
MGMTFE ,402     ,"WHANG, DUKE",63.0,3.4206349206349205,0.4213201965096125
ART HIS,C171    ,"WHARTON, GLENN",44.0,3.8772727272727265,0.3947747553200642
ART HIS,132     ,"WHARTON, GLENN",37.0,3.7432432432432434,0.39968943385512123
PSYCH  ,85      ,"WHATLEY, MARY CAROLYN",46.0,3.339130434782608,0.8146693810240273
MGMTFE ,416     ,"WHEATON, BRIAN NAIMZADA",123.0,3.449593495934959,0.4589443496277715
MGMTFT ,416     ,"WHEATON, BRIAN NAIMZADA",912.0,3.449890350877193,0.43561308509604535
PHYSCI ,M180A   ,"WHITE, STEPHANIE ANN",20.0,3.345,0.7426136276691939
MCD BIO,M175A   ,"WHITE, STEPHANIE ANN",34.0,2.9588235294117653,0.9165528921738502
PSYCH  ,M117A   ,"WHITE, STEPHANIE ANN",32.0,3.0843750000000005,0.793374665196085
PHYSCI ,175     ,"WHITE, STEPHANIE ANN",158.0,3.725316455696203,0.49694467879215987
NEUROSC,M101A   ,"WHITE, STEPHANIE ANN",422.0,3.2021327014218013,0.7460291097720647
ETHNMUS,10A     ,"WHITE-CLAYTON, DIANE LAVERNE",21.0,3.8095238095238093,0.3778444652357595
ETHNMUS,91P     ,"WHITE-CLAYTON, DIANE LAVERNE",244.0,3.901639344262295,0.36529431353527714
ETHNMUS,161P    ,"WHITE-CLAYTON, DIANE LAVERNE",307.0,3.9596091205211725,0.24240349901301797
WL ARTS,2       ,"WHITFIELD, NATHANIEL J",26.0,3.95,0.15254255396193803
WL ARTS,103     ,"WHITFIELD, NATHANIEL J",31.0,3.861290322580645,0.7069596052496455
WL ARTS,102     ,"WHITFIELD, NATHANIEL J",19.0,3.9842105263157896,0.06698906348083078
WL ARTS,120     ,"WHITFIELD, NATHANIEL J",143.0,3.9447552447552447,0.350559656780416
MGMTEX ,439     ,"WHITSON, JENNIFER ANN",133.0,3.502255639097744,0.4616847483176187
MGMTFT ,401B    ,"WHITSON, JENNIFER ANN",280.0,3.4375000000000004,0.4439926399003865
MGMTFE ,401     ,"WHITSON, JENNIFER ANN",163.0,3.4907975460122698,0.39347590815795375
MGMT   ,286     ,"WHITSON, JENNIFER ANN",525.0,3.5152380952380953,0.39846872432229685
MGMTFT ,421B    ,"WHITSON, JENNIFER ANN",93.0,3.430107526881721,0.5383736852754873
ART    ,1A      ,"WHYTE, COSMO DOUGLAS",18.0,3.961111111111111,0.16034299655179796
ART    ,271     ,"WHYTE, COSMO DOUGLAS",61.0,4.0,0.0
ART    ,130A    ,"WHYTE, COSMO DOUGLAS",28.0,4.0,0.0
ART    ,130     ,"WICKMAN, PATRICIA A",15.0,3.96,0.10198039027185564
ART    ,271     ,"WICKMAN, PATRICIA A",20.0,3.9850000000000003,0.06538348415311006
ART    ,133     ,"WICKMAN, PATRICIA A",30.0,3.806666666666666,0.32550814975289877
ART    ,133A    ,"WICKMAN, PATRICIA A",15.0,3.7,0.23664319132398473
LAW    ,119     ,"WIDESS, KAREN ANN",21.0,3.4333333333333336,0.8576453553512405
INDO   ,2       ,"WIJAYA, JULIANA",36.0,3.927777777777778,0.1789026909789402
INDO   ,1       ,"WIJAYA, JULIANA",55.0,3.9472727272727273,0.19619521396678125
INDO   ,3       ,"WIJAYA, JULIANA",40.0,3.8400000000000007,0.35693136595149494
PSYCH  ,110     ,"WIKENHEISER, ANDREW M",1254.0,3.6849282296650716,0.5883268680087191
PSYCH  ,112E    ,"WIKENHEISER, ANDREW M",136.0,3.9529411764705875,0.22127344557416506
NURSING,171     ,"WILEY, DOROTHY J",273.0,3.9527472527472525,0.15287764218963995
LAW    ,326     ,"WILEY, LINDSAY F",34.0,3.664705882352941,0.3420374531789796
LAW    ,512     ,"WILEY, LINDSAY F",14.0,4.0,0.0
LAW    ,442     ,"WILEY, LINDSAY F",15.0,3.72,0.24819347291981717
LAW    ,140     ,"WILEY, LINDSAY F",154.0,3.475324675324676,0.3719572116698456
LAW    ,519     ,"WILEY, LINDSAY F",13.0,3.838461538461539,0.14955555457864284
POL SCI,20      ,"WILKINSON, DAVID O",278.0,3.7841726618705036,0.6054618301279077
POL SCI,191B    ,"WILKINSON, DAVID O",10.0,4.0,0.0
POL SCI,135     ,"WILKINSON, DAVID O",57.0,3.994736842105263,0.03938586722919936
EC ENGR,2H      ,"WILLIAMS, BENJAMIN S",108.0,3.494444444444444,0.7039351471250919
EC ENGR,270     ,"WILLIAMS, BENJAMIN S",68.0,3.654411764705882,0.4356988380850361
NEURO  ,201     ,"WILLIAMS, DAVID S",15.0,3.893333333333333,0.19821424996424675
PUB PLC,C291B   ,"WILLIAMS, EMILY CARRIE",30.0,3.6266666666666665,0.38724095283886956
PUB PLC,291A    ,"WILLIAMS, EMILY CARRIE",23.0,3.4391304347826086,0.45371809906763705
PHYSICS,1A      ,"WILLIAMS, GARY A",145.0,2.847586206896552,0.820099469040247
SOC SC ,410     ,"WILLIAMS, JULIET A",46.0,3.9456521739130435,0.13941885865064313
SOC SC ,400A    ,"WILLIAMS, JULIET A",48.0,3.8937500000000003,0.14347800354061235
POL SCI,120B    ,"WILLIAMS, JULIET A",12.0,3.858333333333333,0.3226410113767657
POL SCI,149     ,"WILLIAMS, JULIET A",10.0,3.7700000000000005,0.3950949253027682
POL SCI,M194DC  ,"WILLIAMS, JULIET A",244.0,3.8176229508196715,0.35107692230464144
ANTHRO ,139     ,"WILLIAMS, JULIET A",14.0,3.8857142857142857,0.20303814862216993
CLUSTER,10B     ,"WILLIAMS, JULIET A",320.0,3.8659375000000002,0.3616745720862195
CLUSTER,10A     ,"WILLIAMS, JULIET A",348.0,3.8686781609195395,0.27052838864578416
HLT ADM,405     ,"WILLIAMS, LINDSAY AKIRA",152.0,3.8526315789473684,0.3346143436895228
GEOG   ,191     ,"WILLIAMS, PARK",22.0,3.6545454545454543,0.4207431441965867
GEOG   ,119     ,"WILLIAMS, PARK",168.0,3.4124999999999996,0.9023242145122994
GEOG   ,1       ,"WILLIAMS, PARK",638.0,3.480094043887147,0.6987193775652815
LAW    ,618     ,"WILLIAMS, SANFORD SCOTT",16.0,3.98125,0.07261843774138903
LAW    ,437     ,"WILLIAMS, SANFORD SCOTT",43.0,3.5813953488372094,0.3411715887960522
LAW    ,453     ,"WILLIAMS, SANFORD SCOTT",55.0,3.667272727272727,0.3557601569262618
ECON   ,106ML   ,"WILLIAMS, THOMAS JONATHAN",59.0,3.01864406779661,0.7821037636024265
ECON   ,106M    ,"WILLIAMS, THOMAS JONATHAN",59.0,3.01864406779661,0.7821037636024265
DESMA  ,104     ,"WILLIS, HOLLY L",55.0,3.9218181818181814,0.5351944112668215
DESMA  ,282     ,"WILLIS, HOLLY L",10.0,4.0,0.0
SOC WLF,213A    ,"WILSON, BIANCA DELLA MARIE",136.0,3.966176470588235,0.1627975051456898
SOC WLF,232     ,"WILSON, BIANCA DELLA MARIE",22.0,3.8909090909090907,0.14431370787625034
ART HIS,22      ,"WILSON, BRONWEN",171.0,3.2871345029239767,0.8893512186398004
ART HIS,225B    ,"WILSON, BRONWEN",11.0,4.0,0.0
EDUC   ,498B    ,"WILSON, CHRISTINE H",26.0,4.0,0.0
EDUC   ,498A    ,"WILSON, CHRISTINE H",26.0,4.0,0.0
EDUC   ,498C    ,"WILSON, CHRISTINE H",26.0,4.0,0.0
NURSING,403     ,"WILSON, COLEEN",32.0,3.80625,0.278318050977654
NURSING,150B    ,"WILSON, DARAH LYNN",260.0,3.670769230769231,0.2910051952605642
NURSING,150A    ,"WILSON, DARAH LYNN",130.0,3.763846153846154,0.4282349905140771
BIOENGR,C102    ,"WILSON, JENNIFER LYNN",145.0,3.5489655172413794,0.5173029848370143
BIOENGR,298     ,"WILSON, JENNIFER LYNN",10.0,3.4400000000000004,0.6636264009214824
BIOENGR,188     ,"WILSON, JENNIFER LYNN",47.0,3.504255319148936,0.738012698618913
BIOENGR,C202    ,"WILSON, JENNIFER LYNN",13.0,3.5076923076923077,0.5797367286589776
MGMT   ,195     ,"WILSON, NATHAN MARSHALL",11.0,3.9454545454545453,0.11570838237598043
MGMT   ,169     ,"WILSON, NATHAN MARSHALL",133.0,3.8887218045112784,0.1890435504338974
MGMT   ,162     ,"WILSON, NATHAN MARSHALL",125.0,3.2912000000000003,0.7856733163344675
MGMT   ,161     ,"WILSON, NATHAN MARSHALL",49.0,3.436734693877551,0.5105794537505923
MGMT   ,160     ,"WILSON, NATHAN MARSHALL",672.0,3.180654761904762,0.8893454253396497
PSYCH  ,188B    ,"WILSON, PATRICK ALAN-DAVID",178.0,3.9735955056179777,0.13586797285312038
PSYCH  ,151     ,"WILSON, PATRICK ALAN-DAVID",133.0,3.878195488721804,0.4175363377756564
ENGL   ,114     ,"WILSON, REED",35.0,3.917142857142857,0.27410708469054756
ENGL   ,136A    ,"WILSON, REED",23.0,4.0,0.0
ENGL   ,136     ,"WILSON, REED",55.0,3.9872727272727273,0.09352597199717591
ENGL   ,191H    ,"WILSON, REED",15.0,4.0,0.0
ENGL   ,173C    ,"WILSON, REED",20.0,4.0,0.0
ENGL   ,M192    ,"WILSON, REED",177.0,4.0,0.0
ENGL   ,136B    ,"WILSON, REED",52.0,4.0,0.0
ETHNMUS,161H    ,"WIMBOPRASETYO, DJOKO WALUJO",17.0,4.0,0.0
DGT HUM,140     ,"WINJUM, BENJAMIN J",115.0,3.6599999999999997,0.8103461418216398
DGT HUM,150     ,"WINJUM, BENJAMIN J",31.0,3.8548387096774195,0.2512404190789775
MUSC   ,M90T    ,"WINKLE, MARYLIN DAWN",49.0,4.0,0.0
LAW    ,312     ,"WINKLER, ADAM D",363.0,3.5002754820936635,0.3402720207077835
LAW    ,148     ,"WINKLER, ADAM D",156.0,3.471794871794872,0.3836055118108319
LAW    ,697     ,"WINKLER, ADAM D",20.0,3.725,0.25074887836239673
LAW    ,727     ,"WINKLER, ADAM D",44.0,3.9431818181818183,0.14205909025460825
LAW    ,552     ,"WINTERS, DIANA RACHEL HYMAN",13.0,3.8076923076923075,0.20554444947519057
MECH&AE,252P    ,"WIRZ, RICHARD E",15.0,3.9,0.14142135623730942
MECH&AE,161B    ,"WIRZ, RICHARD E",100.0,3.2279999999999998,0.7643402383755549
MECH&AE,250C    ,"WIRZ, RICHARD E",25.0,3.532,0.6038012918171011
EPIDEM ,415     ,"WOHL, AMY R",10.0,3.9299999999999997,0.21000000000000005
ART    ,11A     ,"WOLF, NATHAN",17.0,3.735294117647059,0.328886135258691
MSC IND,144     ,"WOLFE, ALLISON CHRISTINE",23.0,3.6565217391304343,0.7137324349207097
CHEM   ,269D    ,"WOLLMAN, ROY",44.0,4.0,0.0
C&S BIO,185     ,"WOLLMAN, ROY",273.0,3.9274725274725277,0.21808319180828567
CHEM   ,269C    ,"WOLLMAN, ROY",64.0,4.0,0.0
CHEM   ,258     ,"WOLLMAN, ROY",10.0,4.0,0.0
PHYSCI ,200     ,"WOLLMAN, ROY",87.0,4.0,0.0
COM HLT,211B    ,"WOLLUM, ALEXANDRA JUSTINE",49.0,3.975510204081633,0.08214127264284936
EC ENGR,223     ,"WONG, CHEE WEI",48.0,3.6479166666666667,0.42719510732477056
EC ENGR,2       ,"WONG, CHEE WEI",220.0,3.4672727272727277,0.5539296133345153
EC ENGR,170A    ,"WONG, CHEE WEI",65.0,3.4000000000000004,0.6910415772863899
HUM GEN,400C    ,"WONG, DEREK ALAN",20.0,3.8600000000000003,0.1907878402833891
HUM GEN,406     ,"WONG, DEREK ALAN",30.0,3.98,0.07483314773547878
HUM GEN,400A    ,"WONG, DEREK ALAN",30.0,3.74,0.3072458299147444
HUM GEN,400B    ,"WONG, DEREK ALAN",20.0,3.81,0.3014962686336267
EE BIOL,100     ,"WONG, FELISHA TIFFANY",122.0,3.6286885245901632,0.5969155016397406
EE BIOL,100L    ,"WONG, FELISHA TIFFANY",43.0,3.5534883720930237,0.7487505366568104
BIOENGR,C104    ,"WONG, GERARD CHEE LAI",144.0,3.6416666666666666,0.4266308578723401
BIOENGR,C239A   ,"WONG, GERARD CHEE LAI",31.0,3.6580645161290324,0.3415091682029948
BIOENGR,C204    ,"WONG, GERARD CHEE LAI",54.0,3.7,0.3681787005729087
BIOENGR,C139A   ,"WONG, GERARD CHEE LAI",78.0,3.673076923076923,0.4024518053398466
BIOENGR,C139B   ,"WONG, GERARD CHEE LAI",73.0,3.6547945205479455,0.4174420133270291
PSYCH  ,116A    ,"WONG, JARED",47.0,3.6617021276595745,0.6190429096904562
PSYCH  ,119Y    ,"WONG, JARED",1164.0,3.711769759450172,0.519440581237185
PSYCH  ,15      ,"WONG, JARED",89.0,2.9696629213483154,1.1120791838250925
PSYCH  ,118     ,"WONG, JARED",146.0,3.5130136986301377,0.5271094215417715
PSYCH  ,10      ,"WONG, JARED",121.0,3.107438016528926,1.059328127101699
PSYCH  ,M116A   ,"WONG, JARED",656.0,3.0570121951219513,0.9435013150804805
MATH   ,42      ,"WONG, KA WAH",44.0,3.6409090909090907,0.6530760020570423
MATH   ,151A    ,"WONG, KA WAH",34.0,3.35,0.9419160696967332
MATH   ,151B    ,"WONG, KA WAH",106.0,3.3783018867924524,0.7028251234463545
LBR STD,188     ,"WONG, KENT",22.0,3.8909090909090907,0.1443137078762503
LBR STD,10      ,"WONG, KENT",744.0,3.7430107526881717,0.6520889261644575
CCAS   ,M173    ,"WONG, KENT",56.0,3.5785714285714283,0.6901641330960665
LBR STD,M166B   ,"WONG, KENT",18.0,4.0,0.0
LBR STD,M173    ,"WONG, KENT",186.0,3.691935483870968,0.4246307898229073
AF AMER,M173    ,"WONG, KENT",63.0,3.646031746031746,0.4969192061139194
MATH   ,32BH    ,"WONG, RICHARD",43.0,3.8627906976744186,0.5020994322974949
MATH   ,32AH    ,"WONG, RICHARD",34.0,3.9558823529411766,0.10624936393052019
MATH   ,32B     ,"WONG, RICHARD",412.0,3.156796116504854,1.0968743886384338
MATH   ,115A    ,"WONG, RICHARD",35.0,3.0628571428571427,0.9453905358665923
MATH   ,32A     ,"WONG, RICHARD",1036.0,3.2560810810810814,0.9321539019393534
HIST   ,214     ,"WONG, ROY BIN",12.0,4.0,0.0
HIST   ,170D    ,"WONG, ROY BIN",66.0,3.43030303030303,0.7088124291290235
BIOSTAT,250A    ,"WONG, WENG KEE",23.0,3.8000000000000003,0.26209855431480933
BIOSTAT,M238    ,"WONG, WENG KEE",12.0,3.891666666666666,0.2099933861392359
BIOSTAT,250B    ,"WONG, WENG KEE",12.0,3.775,0.3960744879438715
THEATER,72      ,"WONG-WESTBROOKE, RACHEL",13.0,3.930769230769231,0.12639751327042287
LAW    ,309     ,"WONSOWICZ, PAUL",26.0,3.484615384615385,0.3471779721968234
LAW    ,148     ,"WONSOWICZ, PAUL",56.0,3.432142857142857,0.36893047295872844
LAW    ,211     ,"WONSOWICZ, PAUL",305.0,3.454098360655737,0.4121808335009154
LAW    ,211     ,"WONSOWICZ, PAVEL",84.0,3.467857142857143,0.3515817029902879
LAW    ,309     ,"WONSOWICZ, PAVEL",30.0,3.4533333333333336,0.36854066562894017
MGMT   ,1A      ,"WOO, ELIZABETH A",1170.0,3.422136752136752,0.8423393646449613
MGMT   ,120A    ,"WOO, ELIZABETH A",536.0,3.555597014925373,0.629473851832102
MGMT   ,124     ,"WOO, ELIZABETH A",196.0,3.704081632653061,0.5263308432929008
MGMT   ,1B      ,"WOO, ELIZABETH A",563.0,3.569626998223801,0.6995946830486629
EC ENGR,121B    ,"WOO, JASON C",25.0,3.3240000000000003,0.8472449468719184
ANTHRO ,1       ,"WOOD, BRIAN M",844.0,2.771563981042654,1.206880715345267
ANTHRO ,124P    ,"WOOD, BRIAN M",123.0,2.8894308943089424,1.0963214922321347
SOC SC ,402     ,"WOOD, BRIAN M",28.0,3.632142857142857,0.5365588580605722
EDUC   ,M217C   ,"WOOD, JEFFREY J",15.0,4.0,0.0
EDUC   ,104A    ,"WOOD, JEFFREY J",346.0,3.851445086705202,0.42753588044216234
EDUC   ,299C    ,"WOOD, JEFFREY J",14.0,4.0,0.0
INF STD,10      ,"WOOD, STACY ELIZABETH",74.0,3.7851351351351346,0.7089547754479034
GENDER ,185     ,"WOOD, STACY ELIZABETH",216.0,3.831018518518518,0.6126829882586172
ART    ,147     ,"WOODS, SUNÉ A",15.0,3.8,0.5416025603090641
HIST   ,201B    ,"WOOLF, GREGORY",9.0,3.888888888888889,0.2282515398241571
HIST   ,191A    ,"WOOLF, GREGORY",25.0,3.56,0.4923413450036469
HIST   ,114A    ,"WOOLF, GREGORY",54.0,3.3722222222222222,0.8389624691792583
HIST   ,114B    ,"WOOLF, GREGORY",114.0,3.3078947368421057,0.8047168769682679
HIST   ,10B     ,"WORGER, WILLIAM H",897.0,3.88974358974359,0.4156976125085489
LAW    ,391     ,"WORONOFF, MICHAEL A",17.0,3.594117647058823,0.36050713990693095
HLT POL,215A    ,"WORTHAM, JENNIFER SUSAN",27.0,3.988888888888889,0.05665577237325313
THEATER,123     ,"WRIGHT, ALEXANDRA RUTH",19.0,4.0,0.0
THEATER,117     ,"WRIGHT, ALEXANDRA RUTH",11.0,3.936363636363636,0.2012358511016242
THEATER,20      ,"WRIGHT, ALEXANDRA RUTH",35.0,3.9714285714285715,0.1255193293513646
THEATER,116A    ,"WRIGHT, ALEXANDRA RUTH",13.0,3.976923076923077,0.0799408065031789
THEATER,24B     ,"WRIGHT, ALEXANDRA RUTH",98.0,3.778571428571428,0.4545125219980867
THEATER,24A     ,"WRIGHT, ALEXANDRA RUTH",99.0,3.9232323232323236,0.23519958549243813
COM HLT,211B    ,"WRIGHT, JOSEPH HYRUM",20.0,3.65,0.3500000000000001
GLB HLT,160     ,"WRIGHT, JOSEPH HYRUM",18.0,3.577777777777778,0.9991972086272034
COM HLT,211A    ,"WRIGHT, JOSEPH HYRUM",19.0,3.6,0.3598245186344676
COM HLT,200     ,"WRIGHT, JOSEPH HYRUM",20.0,4.0,0.0
INTL DV,110     ,"WRIGHT, JOSEPH HYRUM",116.0,3.838793103448276,0.4793622832192028
CH ENGR,104B    ,"WRIGHT, THAIESHA ANDREA",79.0,3.7721518987341778,0.5795975707466191
CH ENGR,C112    ,"WRIGHT, THAIESHA ANDREA",56.0,3.7589285714285716,0.3890357978911662
CH ENGR,101C    ,"WRIGHT, THAIESHA ANDREA",221.0,3.420361990950226,0.5505997184507336
BIOENGR,176     ,"WU, BENJAMIN M",75.0,3.114666666666666,0.7557236414339717
CHEM   ,110A    ,"WU, ERIC C",144.0,3.352777777777778,0.8720143064292489
CHEM   ,14A     ,"WU, ERIC C",352.0,3.362784090909091,0.9907849155279919
CHEM   ,113A    ,"WU, ERIC C",204.0,3.5392156862745097,0.7269540081394553
CHEM   ,20B     ,"WU, ERIC C",647.0,3.5744976816074185,0.7346462540699745
STATS  ,412     ,"WU, GUANI",78.0,3.6474358974358974,0.6199099105296773
STATS  ,13      ,"WU, GUANI",71.0,3.1267605633802815,1.0089679214988787
STATS  ,102C    ,"WU, GUANI",530.0,2.986415094339623,0.9919698229197709
STATS  ,102B    ,"WU, GUANI",294.0,3.059863945578231,0.9271534861776507
STATS  ,102A    ,"WU, GUANI",689.0,3.109143686502177,0.9205068922694616
STATS  ,10      ,"WU, GUANI",491.0,3.0091649694501017,1.0174133145492779
STATS  ,12      ,"WU, GUANI",61.0,3.109836065573771,1.0517284630600952
BIOENGR,M229    ,"WU, HOLDEN H",11.0,3.8,0.21320071635561044
MECH&AE,105D    ,"WU, HUAN",130.0,3.502307692307692,0.687634225735141
MGMT   ,295A    ,"WU, JANE YAJIE",259.0,3.567953667953668,0.362977899302835
MATH   ,135     ,"WU, JEREMY SHEUNG HIM",38.0,3.0026315789473688,0.9642250343656853
MATH   ,131A    ,"WU, JEREMY SHEUNG HIM",114.0,2.6710526315789473,1.0734208053229135
MATH   ,31AL    ,"WU, JEREMY SHEUNG HIM",116.0,2.7413793103448274,1.2084521993825936
MATH   ,31A     ,"WU, JEREMY SHEUNG HIM",478.0,3.0529288702928867,1.081269689478106
SOC WLF,251A    ,"WU, JONG-LING JOCELYN",47.0,3.978723404255319,0.14430489325798443
URBN PL,228     ,"WU, MELODY",86.0,3.9127906976744184,0.21876849377128124
MGMTFE ,401     ,"WU, SHERRY",213.0,3.544600938967136,0.4074787420925591
MGMTEX ,409     ,"WU, SHERRY",39.0,3.5230769230769234,0.3619473955698029
MGMTFT ,401B    ,"WU, SHERRY",284.0,3.4968309859154934,0.42578489199493763
MGMTFT ,409     ,"WU, SHERRY",353.0,3.5022662889518412,0.37027738996702064
M PHARM,251     ,"WU, TING-TING",153.0,3.9862745098039216,0.0626837935809638
M PHARM,291     ,"WU, TING-TING",10.0,4.0,0.0
CHIN   ,110C    ,"WU, YINGHUI",29.0,3.8137931034482757,0.4606772659907513
CHIN   ,C150B   ,"WU, YINGHUI",56.0,3.8232142857142857,0.31509129710324296
CHIN   ,110B    ,"WU, YINGHUI",23.0,3.9434782608695653,0.16104573197784464
CHIN   ,50      ,"WU, YINGHUI",348.0,3.763793103448276,0.5490425132280267
ECON   ,11      ,"WU, YINGJIE",39.0,2.7794871794871794,1.0193460666926557
STATS  ,100A    ,"WU, YINGNIAN",513.0,3.935087719298246,0.266112073345383
STATS  ,596     ,"WU, YINGNIAN",103.0,4.0,0.0
STATS  ,M231A   ,"WU, YINGNIAN",142.0,3.982394366197183,0.08332804320972424
STATS  ,C180    ,"WU, YINGNIAN",27.0,3.7222222222222223,0.6712803318663652
STATS  ,102C    ,"WU, YINGNIAN",67.0,3.7820895522388063,0.6298365988366569
STATS  ,C236    ,"WU, YINGNIAN",19.0,3.9842105263157896,0.06698906348083078
STATS  ,413     ,"WU, YINGNIAN",134.0,3.958955223880597,0.34796051555192126
STATS  ,200A    ,"WU, YINGNIAN",73.0,3.9835616438356167,0.06827362079110742
STATS  ,231B    ,"WU, YINGNIAN",29.0,4.0,0.0
STATS  ,C161    ,"WU, YINGNIAN",33.0,3.963636363636364,0.09791208740244547
FILM TV,112     ,"WUEST, BRYAN G",70.0,3.3985714285714286,0.7310448212060906
FILM TV,6A      ,"WUEST, BRYAN G",387.0,3.808010335917312,0.4034257948944168
FILM TV,114     ,"WUEST, BRYAN G",43.0,3.46046511627907,0.8302814134540843
MGMT   ,298D    ,"WURSTER, THOMAS S",57.0,3.4964912280701754,0.3145394362247716
PHYSCI ,125     ,"XIAO, XINSHU",111.0,3.601801801801802,0.5850975096961268
BIOINFO,202     ,"XIAO, XINSHU",39.0,4.0,0.0
MAT SCI,224     ,"XIE, YA HONG",26.0,3.723076923076923,0.26646935501059654
MAT SCI,120     ,"XIE, YA-HONG",11.0,3.8545454545454545,0.21893808325076902
MAT SCI,298     ,"XIE, YA-HONG",18.0,3.7277777777777783,0.2641665206215276
MAT SCI,200     ,"XIE, YA-HONG",36.0,3.744444444444445,0.22415823335368906
MAT SCI,224     ,"XIE, YA-HONG",34.0,3.8529411764705883,0.1973877851242649
MATH   ,132     ,"XIONG, HAOREN",110.0,3.002727272727273,0.7710039607148699
MATH   ,132H    ,"XIONG, HAOREN",24.0,3.479166666666666,0.5033050488741616
MATH   ,31AL    ,"XIONG, HAOREN",201.0,2.986567164179104,1.0671805307865994
MATH   ,31B     ,"XIONG, HAOREN",674.0,2.9022255192878337,1.042741380747521
COM SCI,239     ,"XU, HARRY GUOQING",12.0,4.0,0.0
COM SCI,214     ,"XU, HARRY GUOQING",119.0,4.0,0.0
COM SCI,111     ,"XU, HARRY GUOQING",157.0,3.539490445859873,0.4257264995939167
STATS  ,201A    ,"XU, HONGQUAN",85.0,3.665882352941176,0.5049293348756765
STATS  ,101B    ,"XU, HONGQUAN",65.0,3.033846153846153,0.7196744826286017
STATS  ,419     ,"XU, HONGQUAN",58.0,3.6586206896551725,0.5872303439139683
STATS  ,143     ,"XU, HONGQUAN",33.0,3.6757575757575762,0.3330577373099173
MATH   ,131A    ,"XU, PETER",179.0,2.735754189944134,1.0932785330146206
MATH   ,184     ,"XU, PETER",32.0,2.971875,1.0689464366258021
MATH   ,61      ,"XU, PETER",176.0,2.925,1.0203887405387135
STATS  ,101A    ,"XU, SHIRONG",153.0,3.715686274509804,0.4089069835355713
STATS  ,101B    ,"XU, SHIRONG",164.0,3.7646341463414625,0.36588414507124406
STATS  ,101C    ,"XU, SHIRONG",315.0,3.8219047619047615,0.31662334111062373
LING   ,165A    ,"XU, XI",21.0,3.4285714285714284,0.7192210449956438
COM SCI,97      ,"XU, ZEYUAN",64.0,3.6328125,0.6988952638584339
MATH   ,225C    ,"XU, ZHOULI",17.0,3.9647058823529413,0.09665692191267633
ENVIRON,M131    ,"XUE, YONGKANG",20.0,3.5,0.4527692569068708
GEOG   ,M118    ,"XUE, YONGKANG",56.0,3.335714285714286,0.6851560227497121
GEOG   ,M131    ,"XUE, YONGKANG",71.0,3.288732394366197,0.7646317894631687
GEOG   ,182B    ,"XUE, YONGKANG",93.0,3.5193548387096776,0.5676319541567517
A&O SCI,M106    ,"XUE, YONGKANG",19.0,3.194736842105263,0.6762697096732979
JAPAN  ,191B    ,"YAMAZAKI, JUNKO",41.0,3.704878048780488,0.5678161929976451
JAPAN  ,80      ,"YAMAZAKI, JUNKO",381.0,3.740682414698163,0.5745234761077163
ANTHRO ,140     ,"YAN, YUNXIANG",407.0,3.7186732186732194,0.6275769156891101
ANTHRO ,149     ,"YAN, YUNXIANG",11.0,4.0,0.0
ANTHRO ,203A    ,"YAN, YUNXIANG",34.0,3.9647058823529413,0.09665692191267633
ANTHRO ,3       ,"YAN, YUNXIANG",289.0,3.8079584775086515,0.5278791394051627
MATH   ,32A     ,"YANEZ ETCHEBERRY, JOSE",623.0,3.183788121990369,1.0324014455795942
MATH   ,110B    ,"YANEZ ETCHEBERRY, JOSE",27.0,2.8037037037037034,1.1010034081696103
MATH   ,131A    ,"YANEZ ETCHEBERRY, JOSE",150.0,2.7713333333333336,1.084947720194644
ENGR   ,214     ,"YANG, CHENG-FU",41.0,3.6024390243902435,0.33385246111743755
EC ENGR,215B    ,"YANG, CHIH-KONG KEN",106.0,3.541509433962264,0.5269828547080857
EC ENGR,100     ,"YANG, CHIH-KONG KEN",122.0,3.127868852459016,0.7064413582431227
MAT SCI,250B    ,"YANG, JENN-MING",43.0,3.6930232558139537,0.2573526662150683
MECH&AE,M297C   ,"YANG, JENN-MING",191.0,3.609947643979058,0.34785129124247405
ENGR   ,299     ,"YANG, JENN-MING",104.0,3.8759615384615387,0.21460840559372155
MIMG   ,185A    ,"YANG, LILI",104.0,3.0874999999999995,0.7938086743910409
MIMG   ,C185A   ,"YANG, LILI",101.0,3.1643564356435645,0.8069726041475764
EC ENGR,133A    ,"YANG, LIN",190.0,3.457368421052632,0.6905553989382532
EC ENGR,239AS   ,"YANG, LIN",70.0,3.9299999999999997,0.22950256767938038
EC ENGR,241A    ,"YANG, LIN",84.0,3.6904761904761907,0.4227514883021442
EC ENGR,205A    ,"YANG, LIN",210.0,3.667619047619047,0.4423950482146102
COMPTNG,10A     ,"YANG, LIU",162.0,3.2419753086419747,1.0283468931852082
COMPTNG,16A     ,"YANG, LIU",199.0,3.1376884422110556,0.7980105183228192
MATH   ,132     ,"YANG, TONGOU",35.0,2.7542857142857144,0.9333022346616822
MATH   ,33A     ,"YANG, TONGOU",434.0,3.7357142857142858,0.4979136854747167
MC&IP  ,252     ,"YANG, XIA",37.0,3.7108108108108113,0.45606056009889845
MC&IP  ,262     ,"YANG, XIA",37.0,3.7648648648648653,0.44003452949047145
PHYSCI ,149     ,"YANG, XIA",167.0,3.9538922155688625,0.18369086990894684
NEURO  ,201     ,"YANG, XIANGDONG WILLIAM",15.0,3.893333333333333,0.19821424996424675
ARCH&UD,133     ,"YANG, YANG",48.0,3.866666666666667,0.23303552423515939
MAT SCI,90L     ,"YANG, YANG",20.0,3.7700000000000005,0.3051229260478472
MAT SCI,200     ,"YANG, YANG",53.0,3.4207547169811323,0.6827686396634944
MAT SCI,104     ,"YANG, YANG",53.0,2.7981132075471695,1.023403601019792
MAT SCI,120     ,"YANG, YANG",120.0,3.1366666666666663,0.8063222405189848
HLT POL,M422    ,"YANO, ELIZABETH M",28.0,3.839285714285715,0.2870282287191151
BIOENGR,M236    ,"YAO, JINGWEN",10.0,3.71,0.585576638878294
PHILOS ,10      ,"YAO, VIDA",76.0,3.676315789473684,0.5464884120340838
PHILOS ,167     ,"YAO, VIDA",50.0,3.5039999999999996,0.6916530922362742
PHILOS ,158     ,"YAO, VIDA",46.0,3.643478260869565,0.8179114903515841
CHIN   ,1       ,"YAO, YU-WEN",174.0,3.8189655172413794,0.3363719017430019
CHIN   ,2       ,"YAO, YU-WEN",207.0,3.7270531400966185,0.4495220350306117
CHIN   ,3       ,"YAO, YU-WEN",177.0,3.6016949152542375,0.605854169049728
CHIN   ,4A      ,"YAO, YU-WEN",19.0,3.9157894736842107,0.2345503153174441
AF AMER,M104A   ,"YARBOROUGH, RICHARD A",122.0,3.457377049180328,0.696586293571222
ENGL   ,M104E   ,"YARBOROUGH, RICHARD A",25.0,3.08,0.9987992791347018
ENGL   ,M104A   ,"YARBOROUGH, RICHARD A",166.0,3.7325301204819277,0.4337031447516324
AF AMER,M104E   ,"YARBOROUGH, RICHARD A",10.0,3.04,0.41521078984053394
RELIGN ,M115    ,"YARBROUGH, LUKE BENSON",50.0,3.55,0.7930321557162736
ISLM ST,151     ,"YARBROUGH, LUKE BENSON",13.0,3.6923076923076925,0.4730612880468246
M E STD,M50CW   ,"YARBROUGH, LUKE BENSON",116.0,3.447413793103448,0.8901240912034595
ANTHRO ,M67W    ,"YARBROUGH, LUKE BENSON",115.0,3.2504347826086954,1.1300153067869385
CLUSTER,M27A    ,"YARBROUGH, LUKE BENSON",207.0,3.7777777777777777,0.6311471718621982
ISLM ST,M115    ,"YARBROUGH, LUKE BENSON",44.0,3.588636363636364,0.7151655590557365
ISLM ST,C151    ,"YARBROUGH, LUKE BENSON",19.0,3.526315789473684,0.9919900812657554
CLUSTER,M27B    ,"YARBROUGH, LUKE BENSON",195.0,3.8143589743589748,0.414727558838916
PUB PLC,252     ,"YAROSLAVSKY, ZEV",52.0,3.873076923076923,0.19524677148457006
HIST   ,C191D   ,"YAROSLAVSKY, ZEV",28.0,3.5892857142857144,0.456961459545774
MGMT   ,298D    ,"YASMIN, SEEMA",74.0,3.983783783783783,0.06783729944870878
MGMTEX ,439     ,"YASMIN, SEEMA",49.0,3.9469387755102034,0.3270786217761571
I E STD,281A    ,"YATES, ANTHONY DAVID",1.0,4.0,0.0
SLAVC  ,M20     ,"YATES, ANTHONY DAVID",69.0,3.869565217391304,0.2773081516365561
NR EAST,M20     ,"YATES, ANTHONY DAVID",111.0,3.7927927927927927,0.5788637070152244
SEASIAN,M20     ,"YATES, ANTHONY DAVID",73.0,3.7616438356164386,0.5737715016978714
ASIAN  ,M20     ,"YATES, ANTHONY DAVID",70.0,3.842857142857143,0.2800874499006279
I E STD,M20     ,"YATES, ANTHONY DAVID",73.0,3.867123287671233,0.31625150149431763
MUSC   ,C158D   ,"YATES, LUCY TUCKER",11.0,4.0,0.0
MUSC   ,74C     ,"YATES, LUCY TUCKER",11.0,3.5727272727272723,0.3332782323604248
MUSC   ,74A     ,"YATES, LUCY TUCKER",12.0,4.0,0.0
MGMTMFE,402     ,"YAVORSKY, DAN",96.0,3.478125,0.4601184460277593
CHEM   ,156     ,"YEATES, TODD O",62.0,3.329032258064516,0.7243210606902283
LAW    ,145     ,"YEAZELL, STEPHEN C",109.0,3.375229357798165,0.4733553785133084
EE BIOL,185     ,"YEH, PAMELA J",81.0,3.7580246913580253,0.6341834835032851
EE BIOL,199     ,"YEH, PAMELA J",10.0,4.0,0.0
C&EE   ,250D    ,"YEH, WILLIAM",21.0,3.7142857142857144,0.4234616014364897
C&EE   ,250B    ,"YEH, WILLIAM",42.0,3.788095238095238,0.3033168867485754
MATH   ,110A    ,"YEONG, WERN YEEN",37.0,3.1594594594594594,0.8185218910904598
MATH   ,115A    ,"YEONG, WERN YEEN",161.0,3.013664596273292,0.9802710294765669
MATH   ,32B     ,"YEONG, WERN YEEN",920.0,3.2281521739130437,1.0060365942732965
MATH   ,33A     ,"YEONG, WERN YEEN",221.0,3.433484162895928,0.7763827751503064
MATH   ,117     ,"YEONG, WERN YEEN",12.0,3.0416666666666665,0.7319589393462511
SOCIOL ,101     ,"YERITSIAN, GARY",612.0,3.1875816993464055,0.691434074895448
SOCIOL ,102     ,"YERITSIAN, GARY",130.0,3.1292307692307695,0.7144062789204382
SOCIOL ,M176    ,"YERITSIAN, GARY",342.0,3.160526315789473,0.6740319141088972
SOCIOL ,133     ,"YERITSIAN, GARY",33.0,2.8666666666666667,1.096458946893235
COMM   ,M147    ,"YERITSIAN, GARY",102.0,3.529411764705882,0.4501825850269996
SOCIOL ,130     ,"YERITSIAN, GARY",156.0,2.971794871794872,0.9855881279329715
MUSC   ,117     ,"YI, MILDRED H",27.0,3.733333333333334,0.45704364002673625
MGMT   ,161     ,"YI, SAUJIN",217.0,3.547465437788018,0.482892141408436
MGMT   ,488     ,"YI, SAUJIN",10.0,3.59,0.30805843601498734
GERMAN ,61A     ,"YILDIZ, YASEMIN",110.0,3.7381818181818183,0.7240017350785108
GERMAN ,175     ,"YILDIZ, YASEMIN",8.0,4.0,0.0
GERMAN ,159     ,"YILDIZ, YASEMIN",13.0,3.8461538461538463,0.2560510304168191
GERMAN ,110     ,"YILDIZ, YASEMIN",55.0,3.9109090909090902,0.21631015381767937
GERMAN ,174     ,"YILDIZ, YASEMIN",12.0,3.891666666666667,0.28124228384477007
GERMAN ,155     ,"YILDIZ, YASEMIN",10.0,3.8600000000000003,0.2800000000000001
EPS SCI,121     ,"YIN, AN",10.0,3.94,0.11999999999999993
EPS SCI,121F    ,"YIN, AN",10.0,3.94,0.11999999999999993
MATH   ,285K    ,"YIN, JUN",9.0,3.888888888888889,0.3142696805273545
MATH   ,171     ,"YIN, JUN",120.0,3.1599999999999997,0.939716269235915
MATH   ,170E    ,"YIN, JUN",80.0,3.21625,0.8784138759719133
MATH   ,170A    ,"YIN, JUN",36.0,3.352777777777778,0.7801303705546455
MATH   ,275A    ,"YIN, JUN",29.0,3.651724137931035,0.5216820868711018
MATH   ,275B    ,"YIN, JUN",11.0,3.972727272727273,0.0862439361864103
PUB PLC,298C    ,"YIN, WESLEY E",14.0,3.75,0.3354101966249685
PUB PLC,208     ,"YIN, WESLEY E",166.0,3.484337349397591,0.553299397744821
PUB AFF,40      ,"YIN, WESLEY E",145.0,3.5186206896551724,0.6129618547952288
PUB PLC,298D    ,"YIN, WESLEY E",14.0,3.892857142857143,0.1437472271249864
HUM GEN,236B    ,"YIN, YI",12.0,3.891666666666666,0.2099933861392359
BIOINFO,202     ,"YIN, YI",35.0,4.0,0.0
POL SCI,20      ,"YING, LUWEI",818.0,3.763936430317849,0.5494230411172112
HIST   ,C191D   ,"YIRUSH, CRAIG BRYAN",34.0,3.5588235294117645,0.7088174273596267
HIST   ,13A     ,"YIRUSH, CRAIG BRYAN",109.0,3.584403669724771,0.455783288261091
HIST   ,138B    ,"YIRUSH, CRAIG BRYAN",107.0,3.3028037383177566,1.0108253261498867
HIST   ,138A    ,"YIRUSH, CRAIG BRYAN",34.0,3.370588235294118,0.9553346847370254
HIST   ,187D    ,"YIRUSH, CRAIG BRYAN",18.0,3.5166666666666666,0.6431260460524912
EDUC   ,181     ,"YOKOTA, MITSUE",165.0,3.7545454545454544,0.5275965567758788
LING   ,191A    ,"YOKOYAMA, OLGA TSUNEKO",10.0,2.73,1.527776161615307
HNRS   ,10      ,"YOKOYAMA, OLGA TSUNEKO",23.0,3.6999999999999997,0.8172062695283986
LING   ,144     ,"YOKOYAMA, OLGA TSUNEKO",17.0,3.2764705882352945,0.5995384614701603
KOREA  ,100C    ,"YOON, JAE EUN",63.0,3.7777777777777777,0.38398265686878896
KOREA  ,100B    ,"YOON, JAE EUN",65.0,3.6938461538461533,0.4253060158292987
KOREA  ,101A    ,"YOON, JAE EUN",18.0,3.8777777777777778,0.19309052441091962
KOREA  ,100A    ,"YOON, JAE EUN",69.0,3.7753623188405796,0.35361724870278916
KOREA  ,103A    ,"YOON, JAE EUN",25.0,3.7239999999999998,0.5263306945257896
KOREA  ,C105A   ,"YOON, JAE EUN",20.0,3.8,0.3435112807463534
FILM TV,483B    ,"YOON, JOHN WILSON",10.0,3.69,0.3884584919911007
FILM TV,483A    ,"YOON, JOHN WILSON",15.0,3.5399999999999996,0.7778603130811256
AF AMER,2A      ,"YOUNG, ALDEN",26.0,3.769230769230769,0.36874968659098106
INTL DV,140     ,"YOUNG, ALDEN",154.0,3.893506493506493,0.27508565954572134
INTL DV,188     ,"YOUNG, ALDEN",19.0,3.9368421052631577,0.1223047372486552
EPS SCI,C107    ,"YOUNG, EDWARD DONALD",32.0,3.496875,0.6492709252500068
EPS SCI,C109    ,"YOUNG, EDWARD DONALD",14.0,3.607142857142857,0.41655780890923816
EPS SCI,C207    ,"YOUNG, EDWARD DONALD",7.0,3.914285714285714,0.1355261854357876
EPS SCI,9       ,"YOUNG, EDWARD DONALD",814.0,3.8539312039312037,0.41165815018475976
FILM TV,135C    ,"YOUNG, KRIS TIEN",10.0,3.7,0.354964786985977
FILM TV,135A    ,"YOUNG, KRIS TIEN",11.0,3.909090909090909,0.21086206372260372
FILM TV,135B    ,"YOUNG, KRIS TIEN",11.0,3.8545454545454545,0.21893808325076902
PHYSICS,10      ,"YU, TZE YEUNG MATHEW",101.0,3.263366336633663,0.959653688801921
ASTR   ,3       ,"YU, TZE YEUNG MATHEW",279.0,3.4659498207885306,0.8689517503494953
MGMTMSA,437     ,"YU, WEI-CHOUN",169.0,3.9420118343195267,0.15291479578899966
SOCIOL ,20      ,"YU, WEI-HSIN",291.0,3.1395189003436426,0.7679927258525074
SOCIOL ,89      ,"YU, WEI-HSIN",10.0,3.91,0.13747727084867511
LING   ,105     ,"YUAN, MICHELLE",41.0,3.246341463414634,0.93992671249739
LING   ,201B    ,"YUAN, MICHELLE",12.0,3.8416666666666663,0.21392496088322394
LING   ,120B    ,"YUAN, MICHELLE",84.0,3.177380952380952,0.8963352888921526
LING   ,165B    ,"YUAN, MICHELLE",42.0,3.566666666666667,0.8503967328104002
MIMG   ,C185A   ,"ZACK, JEROME A",129.0,3.1751937984496124,0.743241487121511
MIMG   ,185A    ,"ZACK, JEROME A",139.0,2.932374100719424,0.8904946347850872
GEOG   ,175B    ,"ZACKEY, JUSTIN WILLIAM",304.0,3.5023026315789467,0.7020842751883559
LAW    ,490     ,"ZAELKE, EDWARD WAYNE",38.0,3.5368421052631573,0.34060399341817765
PSYCH  ,M119L   ,"ZAIDEL, DAHLIA",115.0,3.696521739130435,0.5565312499187317
PSYCH  ,119I    ,"ZAIDEL, DAHLIA",160.0,3.7818750000000003,0.49000916764383096
PSYCH  ,119V    ,"ZAIDEL, DAHLIA",172.0,3.5377906976744184,0.566118775364714
NEUROSC,M119L   ,"ZAIDEL, DAHLIA",10.0,3.6599999999999993,0.8138795979750323
POL SCI,191C    ,"ZALLER, JOHN R",42.0,3.895238095238095,0.2967702181120549
POL SCI,142A    ,"ZALLER, JOHN R",551.0,3.541742286751361,0.7213114787478119
MOL BIO,254B    ,"ZAMUDIO, JESSE RAY",10.0,4.0,0.0
MCD BIO,M140    ,"ZAMUDIO, JESSE RAY",47.0,3.704255319148936,0.6661919239175624
LIFESCI,7A      ,"ZAMUDIO, JESSE RAY",228.0,3.2640350877192983,0.9081625166585487
MCD BIO,191     ,"ZAMUDIO, JESSE RAY",13.0,4.0,0.0
STATS  ,101A    ,"ZANONTIAN, LINDA ANIA",161.0,3.6950310559006216,0.5875310212226118
STATS  ,12      ,"ZANONTIAN, LINDA ANIA",199.0,3.685427135678392,0.5549581843700778
STATS  ,13      ,"ZANONTIAN, LINDA ANIA",1136.0,3.531778169014084,0.6015552086890054
EE BIOL,103     ,"ZAPATA, FELIPE",68.0,3.7823529411764705,0.3918062157835728
EE BIOL,124A    ,"ZAPATA, FELIPE",35.0,3.7542857142857144,0.5915320820392015
EE BIOL,M200A   ,"ZAPATA, FELIPE",25.0,4.0,0.0
GENDER ,10      ,"ZARABADI, LADAN",44.0,3.9499999999999997,0.20504988306618105
LAW    ,649     ,"ZASLOFF, JONATHAN",44.0,3.7318181818181815,0.26864367010522194
URBN PL,202B    ,"ZASLOFF, JONATHAN",11.0,3.754545454545455,0.11570838237598043
LAW    ,130     ,"ZASLOFF, JONATHAN",98.0,3.443877551020408,0.3782522445623443
LAW    ,311     ,"ZASLOFF, JONATHAN",84.0,3.4642857142857144,0.3445642027197811
LAW    ,286     ,"ZASLOFF, JONATHAN",107.0,3.47196261682243,0.4684024135638123
LAW    ,100     ,"ZATZ, NOAH DAVID",160.0,3.456875,0.3775946694207957
LAW    ,537     ,"ZATZ, NOAH DAVID",44.0,3.7386363636363638,0.30467263287525603
LAW    ,260     ,"ZATZ, NOAH DAVID",93.0,3.496774193548387,0.3748696154416078
LAW    ,325     ,"ZATZ, NOAH DAVID",43.0,3.597674418604651,0.31437525502733077
LAW    ,973     ,"ZATZ, NOAH DAVID",14.0,3.814285714285714,0.2474358296526968
HIST   ,187D    ,"ZDENCANOVIC, BEN",38.0,3.555263157894737,0.38161524328283486
MGMTEX ,411     ,"ZEITHAMMER, ROBERT",205.0,3.4380487804878053,0.3972049880080974
MGMTEX ,421     ,"ZEITHAMMER, ROBERT",25.0,4.0,0.0
MGMT   ,260A    ,"ZEITHAMMER, ROBERT",16.0,3.9125,0.23150323971815173
MGMTFE ,411     ,"ZEITHAMMER, ROBERT",57.0,3.4456140350877194,0.40870792360873087
MGMTMSA,412     ,"ZEITHAMMER, ROBERT",318.0,4.0,0.0
PUB PLC,210     ,"ZELAYA, DONALD JOSE",66.0,3.9757575757575756,0.16242537313039268
SOC GEN,180     ,"ZELENY, CHIEN-LING L",623.0,3.9844301765650085,0.19255389569958328
SOC GEN,105B    ,"ZELENY, CHIEN-LING L",144.0,3.9951388888888886,0.05813043416785403
HIST   ,187I    ,"ZELENY, CHIEN-LING L",95.0,3.9231578947368426,0.43660234384185276
HIST   ,179A    ,"ZELENY, CHIEN-LING L",335.0,3.980298507462687,0.14670480207885567
HIST   ,191I    ,"ZELENY, CHIEN-LING L",59.0,4.0,0.0
HIST   ,179B    ,"ZELENY, CHIEN-LING L",440.0,3.9293181818181817,0.4204753680347601
GREEK  ,8C      ,"ZENIOS, SIMOS",11.0,3.8909090909090907,0.1443137078762503
CLASSIC,165     ,"ZENIOS, SIMOS",21.0,3.6809523809523808,0.6939322374074999
GREEK  ,8A      ,"ZENIOS, SIMOS",12.0,3.9499999999999997,0.11180339887498941
CLASSIC,140     ,"ZENIOS, SIMOS",23.0,3.9478260869565216,0.11371040722280011
CCAS   ,89      ,"ZEPEDA, JOHN CHRISTOPHER",24.0,3.8249999999999997,0.30310889132455354
PUB PLC,298D    ,"ZEPEDA, JOHN CHRISTOPHER",20.0,4.0,0.0
CCAS   ,10B     ,"ZEPEDA, JOHN CHRISTOPHER",471.0,3.7365180467091297,0.7633203388457219
PUB PLC,C291B   ,"ZEPEDA, JOHN CHRISTOPHER",15.0,3.693333333333334,0.2694851057521032
PUB PLC,233     ,"ZEPEDA, JOHN CHRISTOPHER",16.0,3.58125,0.5027657879171971
PUB PLC,298C    ,"ZEPEDA, JOHN CHRISTOPHER",20.0,3.785,0.1796524422322168
PUB PLC,291A    ,"ZEPEDA, JOHN CHRISTOPHER",34.0,3.5529411764705885,0.6903687395441601
STATS  ,405     ,"ZES, DAVID ANTHONY",166.0,3.968072289156627,0.31926858365523153
STATS  ,10      ,"ZES, DAVID ANTHONY",418.0,3.802153110047847,0.6246684521583482
STATS  ,141XP   ,"ZES, DAVID ANTHONY",456.0,3.963157894736842,0.16859229233320353
HLT POL,M236    ,"ZEWDE, NAOMI BETHLEHEM",111.0,3.822522522522523,0.47811278489318987
HLT POL,M233    ,"ZEWDE, NAOMI BETHLEHEM",34.0,3.9558823529411766,0.10624936393052019
ECON   ,101     ,"ZHAI, JIAYIN",34.0,2.6588235294117646,1.1332196835614323
C&EE   ,247     ,"ZHANG, JIAN",65.0,3.5661538461538465,0.37958557282988475
MGMTMFE,412     ,"ZHANG, JINYUAN",276.0,3.646376811594203,0.3334404364795745
MGMTMFE,431     ,"ZHANG, JINYUAN",79.0,3.5468354430379745,0.314556325292889
MGMT   ,298D    ,"ZHANG, JINYUAN",107.0,3.7738317757009345,0.2772820179798498
COM SCI,118     ,"ZHANG, LIXIA",622.0,2.978617363344052,0.9307238918787615
COM SCI,217A    ,"ZHANG, LIXIA",162.0,3.678395061728395,0.3970134083319688
COM SCI,217B    ,"ZHANG, LIXIA",28.0,3.9071428571428575,0.23288343409858725
ECON   ,103L    ,"ZHANG, LUCAS",28.0,3.439285714285714,0.6878222806771517
HIST   ,170D    ,"ZHANG, MENG",30.0,3.573333333333333,0.7580384041869002
HIST   ,12D     ,"ZHANG, MENG",53.0,3.937735849056604,0.2549335208159175
COMPTNG,16A     ,"ZHANG, MINXIN",137.0,3.787591240875912,0.4966229393260883
COMPTNG,10A     ,"ZHANG, MINXIN",297.0,3.3531986531986533,0.9834650849580372
MGMT   ,165     ,"ZHANG, SHI",136.0,3.365441176470588,0.5131188769027213
MGMT   ,261B    ,"ZHANG, SHI",282.0,3.5014184397163115,0.39257032899351446
MGMTGEX,439     ,"ZHANG, SHI",30.0,3.756666666666667,0.2812867259971971
EC ENGR,188     ,"ZHANG, YANG",32.0,3.8,0.7132671308843553
EC ENGR,209AS   ,"ZHANG, YANG",185.0,3.8670270270270275,0.24193884490702447
EC ENGR,10      ,"ZHANG, YANG",228.0,3.2692982456140354,0.8806523890547278
EC ENGR,100     ,"ZHANG, YANG",650.0,3.45,0.7536016086868343
EC ENGR,11L     ,"ZHANG, YANG",226.0,3.9283185840707957,0.287334108059994
NEURO  ,201     ,"ZHANG, YE",15.0,3.893333333333333,0.19821424996424675
MATH   ,177     ,"ZHANG, ZHAOYU",58.0,3.0500000000000003,1.1320183378556108
MATH   ,170E    ,"ZHANG, ZHAOYU",209.0,3.2047846889952156,0.9037805109728672
MATH   ,31B     ,"ZHANG, ZHAOYU",203.0,2.729064039408867,1.0244751682120903
MATH   ,170S    ,"ZHANG, ZHAOYU",157.0,3.0420382165605093,1.1519646684102813
EPIDEM ,242     ,"ZHANG, ZUOFENG",78.0,3.7038461538461536,0.2954537178785944
EPIDEM ,165     ,"ZHANG, ZUOFENG",24.0,3.691666666666667,0.3650532685634918
EPIDEM ,219     ,"ZHANG, ZUOFENG",7.0,3.6285714285714286,0.23123448651769504
EPIDEM ,295     ,"ZHANG, ZUOFENG",7.0,4.0,0.0
MATH   ,33B     ,"ZHAO, ZIWEN",196.0,3.434183673469388,0.6763534027767807
MATH   ,132     ,"ZHAO, ZIWEN",54.0,3.1462962962962964,0.8826964083112279
MATH   ,131A    ,"ZHAO, ZIWEN",99.0,3.162626262626263,0.9560636742441709
MIMG   ,180A    ,"ZHEN, ANJIE",14.0,4.0,0.0
EPIDEM ,228     ,"ZHEN, ANJIE",57.0,3.994736842105263,0.03938586722919936
MECH&AE,150B    ,"ZHONG, XIAOLIN",72.0,3.6666666666666665,0.5958187643906493
MECH&AE,250F    ,"ZHONG, XIAOLIN",44.0,3.875,0.23848480035423644
MECH&AE,182C    ,"ZHONG, XIAOLIN",14.0,3.6214285714285714,1.0379778221058837
MECH&AE,250D    ,"ZHONG, XIAOLIN",51.0,3.8294117647058825,0.367980241182604
GEOG   ,415     ,"ZHOU, BO",68.0,3.5352941176470587,0.8165142385348243
GEOG   ,182B    ,"ZHOU, BO",25.0,3.8040000000000003,0.5172852211304707
GEOG   ,182C    ,"ZHOU, BO",44.0,3.477272727272727,0.9709095165133558
COM SCI,163     ,"ZHOU, BOLEI",138.0,3.4065217391304348,0.6286869825208554
COM SCI,269     ,"ZHOU, BOLEI",151.0,3.7794701986754964,0.35440798146176333
COM SCI,188     ,"ZHOU, BOLEI",256.0,3.4499999999999997,0.6977083022295205
COM SCI,260R    ,"ZHOU, BOLEI",204.0,3.432352941176471,0.5878945091288901
MIMG   ,105     ,"ZHOU, HONG",74.0,3.3324324324324324,0.6617152380332757
ECON   ,425T    ,"ZHOU, HUA",56.0,3.9892857142857143,0.05567306167185673
BIOSTAT,216     ,"ZHOU, HUA",71.0,3.719718309859155,0.5623441175705117
BIOSTAT,M257    ,"ZHOU, HUA",23.0,3.917391304347826,0.1735866502406707
BIOSTAT,203B    ,"ZHOU, HUA",235.0,3.7570212765957445,0.4844646744850467
BIOSTAT,257     ,"ZHOU, HUA",14.0,3.9785714285714286,0.07726181304565687
BIOSTAT,212A    ,"ZHOU, JIN",113.0,3.6469026548672563,0.5723837434937864
BIOSTAT,200C    ,"ZHOU, JIN",55.0,3.7327272727272733,0.5711406594636403
EC ENGR,128     ,"ZHOU, LEO",38.0,3.38421052631579,0.718743902780353
EC ENGR,279AS   ,"ZHOU, LEO",17.0,3.9647058823529413,0.09665692191267633
ASIA AM,M179    ,"ZHOU, MIN",22.0,3.4318181818181817,0.7671590824928293
SOCIOL ,M153    ,"ZHOU, MIN",19.0,3.4842105263157888,0.6011070120113362
SOCIOL ,180A    ,"ZHOU, MIN",96.0,3.0520833333333326,1.1690433381140706
SOCIOL ,M139    ,"ZHOU, MIN",175.0,3.079428571428571,0.9634045074100283
ASIA AM,M130C   ,"ZHOU, MIN",22.0,3.4909090909090907,0.9253545221889485
MATH   ,151A    ,"ZHOU, MO",80.0,3.4125,0.75072881255484
MATH   ,135     ,"ZHOU, MO",100.0,3.134,0.8707720712103714
MATH   ,151AH   ,"ZHOU, MO",12.0,3.725,0.4437059837324712
MATH   ,151B    ,"ZHOU, MO",66.0,3.253030303030303,0.7257639020411313
STATS  ,201C    ,"ZHOU, QING",72.0,3.6597222222222223,0.3907470488344596
STATS  ,212     ,"ZHOU, QING",36.0,3.7999999999999994,0.6683312551921141
STATS  ,102C    ,"ZHOU, QING",77.0,3.592207792207792,0.5635615486883937
STATS  ,210     ,"ZHOU, QING",19.0,3.905263157894737,0.1394488557841238
BIOINFO,229     ,"ZHOU, XIANGHONG JASMINE",37.0,3.951351351351351,0.11057985159718255
MGMT   ,275     ,"ZHOU, YING",113.0,3.113274336283186,0.63643148172784
MECH&AE,105A    ,"ZHOU, YUCHENG",25.0,3.2560000000000002,0.6394247414668907
HLT POL,441     ,"ZHU, XI",47.0,3.776595744680851,0.3321194132578572
HLT POL,400     ,"ZHU, XI",61.0,3.6999999999999997,0.40811441661521874
HLT POL,251     ,"ZHU, XI",15.0,3.98,0.07483314773547878
ENV HLT,C252D   ,"ZHU, YIFANG",11.0,3.5181818181818185,0.5305540531423591
PUB HLT,200B    ,"ZHU, YIFANG",104.0,3.9903846153846154,0.07405719043834504
STATS  ,201C    ,"ZHU, YUHUA",10.0,4.0,0.0
STATS  ,219     ,"ZHU, YUHUA",14.0,3.957142857142857,0.1049781318335647
LAW    ,364     ,"ZIFFREN, KENNETH",28.0,3.5714285714285716,0.40957917676661293
LAW    ,480     ,"ZIFFREN, KENNETH",32.0,3.6093749999999996,0.36345509953087746
HLT POL,225B    ,"ZIMMERMAN, FREDERICK J",13.0,3.8999999999999995,0.20380986614602722
HLT POL,142     ,"ZIMMERMAN, FREDERICK J",10.0,3.8600000000000003,0.2800000000000001
HLT POL,226A    ,"ZIMMERMAN, FREDERICK J",13.0,4.0,0.0
HLT POL,M242    ,"ZIMMERMAN, FREDERICK J",18.0,3.9833333333333334,0.06871842709362763
MGMTEX ,440     ,"ZIPPERSTEIN, STEVEN E",12.0,3.891666666666667,0.28124228384477007
GLBL ST,160     ,"ZIPPERSTEIN, STEVEN E",172.0,3.8517441860465125,0.3788713098704389
ENGR   ,2       ,"ZIPPERSTEIN, STEVEN E",261.0,3.860536398467433,0.5482942022309335
ENGR   ,182EW   ,"ZIPPERSTEIN, STEVEN E",198.0,3.752020202020202,0.6194417163833243
MGMT   ,298D    ,"ZIPPERSTEIN, STEVEN E",49.0,3.975510204081633,0.08214127264284936
GLBL ST,M161    ,"ZIPPERSTEIN, STEVEN E",125.0,3.804,0.5569057370866277
PUB PLC,C291G   ,"ZIPPERSTEIN, STEVEN E",123.0,3.832520325203252,0.4270328589172222
PUB PLC,C291B   ,"ZIPPERSTEIN, STEVEN E",31.0,3.9483870967741934,0.1478250224179303
PUB PLC,C275    ,"ZIPPERSTEIN, STEVEN E",89.0,3.8280898876404494,0.4671185312715508
PUB PLC,291A    ,"ZIPPERSTEIN, STEVEN E",97.0,3.984536082474227,0.0663328162562697
PUB PLC,274     ,"ZIPPERSTEIN, STEVEN E",71.0,3.8380281690140845,0.2713379459210368
PUB AFF,M191P   ,"ZIPPERSTEIN, STEVEN E",43.0,3.948837209302326,0.13871854225122546
PUB AFF,M165    ,"ZIPPERSTEIN, STEVEN E",116.0,3.8879310344827585,0.2039080135805803
PUB AFF,180     ,"ZIPPERSTEIN, STEVEN E",364.0,3.8958791208791212,0.24753631480346452
MOL BIO,254B    ,"ZIPURSKY, LARRY",10.0,3.94,0.11999999999999993
PHYSICS,1A      ,"ZOCCHI, GIOVANNI",149.0,3.8120805369127515,0.2765833616288461
PHYSICS,215A    ,"ZOCCHI, GIOVANNI",28.0,3.635714285714286,0.4116294152635403
PHYSICS,105A    ,"ZOCCHI, GIOVANNI",114.0,3.496491228070175,0.7318481561138649
PHYSICS,115C    ,"ZOCCHI, GIOVANNI",46.0,3.508695652173913,0.7508910900467066
PHYSICS,115B    ,"ZOCCHI, GIOVANNI",27.0,2.774074074074074,1.0229197834639432
PHYSICS,112     ,"ZOCCHI, GIOVANNI",26.0,3.6423076923076922,0.35319756611570696
PHYSICS,110B    ,"ZOCCHI, GIOVANNI",79.0,3.121518987341772,0.9568766286992662
PHYSICS,32      ,"ZOCCHI, GIOVANNI",39.0,3.851282051282051,0.35218861123405415
BIOSTAT,201B    ,"ZOLLER, JOSEPH ALAN",49.0,3.889795918367347,0.25253401303278394
BIOSTAT,121     ,"ZOLLER, JOSEPH ALAN",10.0,3.8299999999999996,0.2794637722496425
BIOSTAT,100B    ,"ZOLLER, JOSEPH ALAN",67.0,3.982089552238806,0.0710798859688994
BIOSTAT,401     ,"ZOLLER, JOSEPH ALAN",68.0,3.9044117647058822,0.22908630760519047
BIOSTAT,M236    ,"ZOLLER, JOSEPH ALAN",54.0,3.537037037037037,0.5299532810632833
PUB HLT,200A    ,"ZOLLER, JOSEPH ALAN",103.0,3.5970873786407767,0.4695497348844121
LAW    ,251     ,"ZOLT, ERIC M",92.0,3.597826086956522,0.5111747469585781
LING   ,119A    ,"ZUKOFF, SAM",111.0,3.432432432432433,0.8837025061119255
LING   ,120A    ,"ZUKOFF, SAM",27.0,3.34074074074074,0.9768654554081754
LING   ,165A    ,"ZUKOFF, SAM",25.0,3.6639999999999997,0.6039072776511308
LING   ,200A    ,"ZURAW, KIE ROSS",38.0,3.9842105263157888,0.06698906348083078
LING   ,165A    ,"ZURAW, KIE ROSS",47.0,3.631914893617022,0.5422986470056307
LING   ,120A    ,"ZURAW, KIE ROSS",81.0,3.645679012345679,0.6273694606663622
